District,Block,Gram Panchayat,Village,Beneficiary_Count
Angul,ANGUL,BADAKANTAKUL,KARABIRA,8
Angul,ANGUL,JAGANNATHPUR,ASANABAHAL,3
Angul,ANGUL,JAGANNATHPUR,REJECTED,1
Angul,ANGUL,JAGANNATHPUR,SALORE,8
Angul,ANGUL,JAGANNATHPUR,TARAVA,23
Angul,ANGUL,PURUNAKOTE,BHRUKUNDI,22
Angul,ANGUL,PURUNAKOTE,GOPALPUR,8
Angul,ATHAMALLIK,AMBASARMUNDA,AMSARMUNDA,1
Angul,ATHAMALLIK,AMBASARMUNDA,CHINTAMANIPUR,4
Angul,ATHAMALLIK,AMBASARMUNDA,DINABANDHUPUR,1
Angul,ATHAMALLIK,AMBASARMUNDA,GIRIDA,1
Angul,ATHAMALLIK,AMBASARMUNDA,HINJAGOLA,5
Angul,ATHAMALLIK,AMBASARMUNDA,NABADIPAPUR,2
Angul,ATHAMALLIK,AMBASARMUNDA,NILAMARA,2
Angul,ATHAMALLIK,AMBASARMUNDA,PATHAKHAMAN,1
Angul,ATHAMALLIK,AMBASARMUNDA,PHULURIBANIA,4
Angul,ATHAMALLIK,BHAGAMUNDA,BHAGAMUNDA,3
Angul,ATHAMALLIK,JAMUDULI,KODASINGHA,13
Angul,ATHAMALLIK,KRUTIBASPUR,JARPADA,2
Angul,ATHAMALLIK,KUDAGOAN,KANDHAPALI,2
Angul,ATHAMALLIK,KURUMTAP,DAMODARPUR,11
Angul,ATHAMALLIK,NAGAN,JADUPUR,5
Angul,ATHAMALLIK,NAGAN,SANADUDHIANALI,10
Angul,ATHAMALLIK,NAGAON,SANADUDHIANALI,12
Angul,ATHAMALLIK,PURUNAMANITRI,HINGAMANDAL,4
Angul,ATHAMALLIK,SANAHULA,TALEIPATHAR,8
Angul,ATHAMALLIK,TAINSI,HINJAGOLA,5
Angul,ATHAMALLIK,THAKURGARH,ANANADAPUR,3
Angul,ATHAMALLIK,THAKURGARH,ANANDAPUR,5
Angul,ATHAMALLIK,THAKURGARH,CHERAKHANDI,1
Angul,ATHAMALLIK,THAKURGARH,JOGIBANDHA,1
Angul,ATHAMALLIK,THAKURGARH,NUA ARKHAKUD,3
Angul,ATHAMALLIK,THAKURGARH,SADANANDAPUR,6
Angul,ATHAMALLIK,THAKURGARH,THAKURGARH,2
Angul,CHHENDIPADA,KATADA,DAHIMAL,43
Angul,KANIHA,BALIPASI,KALIADAMA,24
Angul,KANIHA,BALIPASI,LODHAJHARI,17
Angul,KANIHA,KANIHA,BALARAMPUR,2
Angul,KISHORENAGAR,KURUMTAP,KURUNTAP,10
Angul,KISHORENAGAR,NAKCHI,MANAKADACHUA,3
Angul,KISHORENAGAR,NAKCHI,TAKABA,2
Angul,NAME OF THE BLOCK,NAME OF THE GRAM PANCHAYAT,NAME OF THE VILLAGE,66
Angul,PALLAHARA,ALLORI,NAUNGAON,7
Angul,PALLAHARA,ALLORI,NUAGOAN,14
Angul,PALLAHARA,ALLORI,NUANGAON,3
Angul,PALLAHARA,BADASADA,BADASADA,10
Angul,PALLAHARA,BADASADA,CHAKRADHARAPUR,4
Angul,PALLAHARA,BADASADA,TAMBUR,4
Angul,PALLAHARA,BANDHABHUIN,BALIBAHAL,1
Angul,PALLAHARA,BANDHABHUIN,BHIMAKAND,23
Angul,PALLAHARA,BANDHABHUIN,BHIMAKANDA,14
Angul,PALLAHARA,BANDHABHUIN,DAIPANI,70
Angul,PALLAHARA,BANDHABHUIN,GANESARPUR,18
Angul,PALLAHARA,BANDHABHUIN,GANESWARPUR,5
Angul,PALLAHARA,BANDHABHUIN,JAMARDIHI PAUDI,133
Angul,PALLAHARA,BANDHABHUIN,KURTIBASPUR,9
Angul,PALLAHARA,BANDHABHUIN,PATTAMUNDA,73
Angul,PALLAHARA,BANDHABHUIN,SIARIA,32
Angul,PALLAHARA,BATISUAN,BAHADAKANI,7
Angul,PALLAHARA,BATISUAN,BATISUAN,2
Angul,PALLAHARA,BATISUAN,KARADAPAL,2
Angul,PALLAHARA,BATISUAN,KORADA,1
Angul,PALLAHARA,BATISUAN,PAUNSIA,2
Angul,PALLAHARA,BATISUAN,PURUNAPANI,23
Angul,PALLAHARA,BATISUAN,RAJNO,1
Angul,PALLAHARA,BATISUAN,RANJANA,29
Angul,PALLAHARA,BATISUAN,RANJO,11
Angul,PALLAHARA,BATISUAN,RENGALI,14
Angul,PALLAHARA,BATISUAN,TIRIB,3
Angul,PALLAHARA,CHADAGURUJANG,CHADAGURUJANG,1
Angul,PALLAHARA,CHASAGURUJANG,CHASAGURUJANG,21
Angul,PALLAHARA,CHASAGURUJANG,SUSHABA,20
Angul,PALLAHARA,DIMIRIA,BATISUAN,9
Angul,PALLAHARA,DIMIRIA,JHIMIRIPALI,15
Angul,PALLAHARA,DIMIRIA,PULAJHARI,24
Angul,PALLAHARA,DIMIRIA,RANJA,12
Angul,PALLAHARA,DIMIRIA,RANJO,1
Angul,PALLAHARA,INGIDI,RAGHUNATHPUR,19
Angul,PALLAHARA,INGIDI,SANDA,3
Angul,PALLAHARA,ISWARNAGAR,BARHAKUDAR,37
Angul,PALLAHARA,ISWARNAGAR,GODAPADA,36
Angul,PALLAHARA,ISWARNAGAR,ILLISUAN,37
Angul,PALLAHARA,ISWARNAGAR,KAINSIRIPALI,56
Angul,PALLAHARA,ISWARNAGAR,KEREJENGA,9
Angul,PALLAHARA,ISWARNAGAR,KSHETRABASIPUR,7
Angul,PALLAHARA,ISWARNAGAR,SAMAL,48
Angul,PALLAHARA,ISWARNAGAR,SUSAB,1
Angul,PALLAHARA,JHARBEDA,BOITASARI,13
Angul,PALLAHARA,JHARBEDA,JAMBUA,74
Angul,PALLAHARA,JHARBEDA,JHARBEDA,13
Angul,PALLAHARA,JHARBEDA,NUGUDA,41
Angul,PALLAHARA,JHARBEDA,SUSABANALI,16
Angul,PALLAHARA,JHARBEDA,TALABAHALI,22
Angul,PALLAHARA,JHARBEDA,TAMBUR,9
Angul,PALLAHARA,KANTIAPASI,KANTIPASI COLONY,1
Angul,PALLAHARA,KARADAPAL,BANDHAKANI,28
Angul,PALLAHARA,KARADAPAL,BISHNUPUR,4
Angul,PALLAHARA,KARADAPAL,DAMODARPUR,17
Angul,PALLAHARA,KARADAPAL,KARADAPAL,51
Angul,PALLAHARA,KARADAPAL,NANDIJHARI,8
Angul,PALLAHARA,KARADAPAL,SAHARAGURUJANGA,26
Angul,PALLAHARA,KARADAPAL,SAHARGURUJANG,19
Angul,PALLAHARA,KARADAPAL,TIRIB,18
Angul,PALLAHARA,KHEMALA,BANARA,16
Angul,PALLAHARA,KHEMALA,FULJHARI,26
Angul,PALLAHARA,KHEMALA,HATIBINDHA,4
Angul,PALLAHARA,KHEMALA,PHULAJHARI,10
Angul,PALLAHARA,KHEMALA,SUKADEPUR,4
Angul,PALLAHARA,KHEMALA,SUKADEVPUR,6
Angul,PALLAHARA,KUNJAM,CHHANCHUNIA,18
Angul,PALLAHARA,MUNDURIBEDA,BISHNUPUR,6
Angul,PALLAHARA,MUNDURIBEDA,DHARIPATHAR,1
Angul,PALLAHARA,MUNDURIBEDA,MUNDURIBEDA,53
Angul,PALLAHARA,MUNDURIBEDA,NANDIJHARI,17
Angul,PALLAHARA,NAGIRA,BABUNDIHA,24
Angul,PALLAHARA,NAGIRA,BALIBAHAL,13
Angul,PALLAHARA,NAGIRA,BARADIHA,33
Angul,PALLAHARA,NAGIRA,KADAMBINIPUR,28
Angul,PALLAHARA,NAGIRA,KAIRA,37
Angul,PALLAHARA,NAGIRA,NAGIRA,77
Angul,PALLAHARA,NAGIRA,RADA,47
Angul,PALLAHARA,NAGIRA,RUGUDIDIHA,36
Angul,PALLAHARA,NAGIRA,SALEI,89
Angul,PALLAHARA,NAGIRA,SANDHAR,44
Angul,PALLAHARA,NAGIRA,SIBIDA,66
Angul,PALLAHARA,NAGIRA,TANUGOLA,67
Angul,PALLAHARA,NAMAPASI,BALIBAHAL,33
Angul,PALLAHARA,NAMAPASI,NAMAGOAN,22
Angul,PALLAHARA,NAMAPASI,NAMGAON,1
Angul,PALLAHARA,NIZIGARH,MUCHURIGADIUA,27
Angul,PALLAHARA,NIZIGARH,SUBARNAPALI,4
Angul,PALLAHARA,PARACHHAT,BAHADAKANI,29
Angul,PALLAHARA,PARACHHAT,CHAKRADHARPUR,1
Angul,PALLAHARA,PARACHHAT,HATIMUND,1
Angul,PALLAHARA,PARACHHAT,KANTIPASI COLONY,5
Angul,PALLAHARA,PARACHHAT,KHANATAPASHI,3
Angul,PALLAHARA,PARACHHAT,KHANATAPASI,1
Angul,PALLAHARA,PARACHHAT,KHANTAPASI,3
Angul,PALLAHARA,PARACHHAT,PARAMANANDAPUR,12
Angul,PALLAHARA,PARACHHAT,RAJADANG,1
Angul,PALLAHARA,PARACHHAT,VETIA,7
Angul,PALLAHARA,RAJADANG,GANJEIMUNI,11
Angul,PALLAHARA,RAJADANG,PAUNSIA,6
Angul,PALLAHARA,RAJADANG,RAJADANG,1
Angul,PALLAHARA,RAJADANG,RANJANA,2
Angul,PALLAHARA,RAJADANG,SANKHAMUR,1
Angul,PALLAHARA,RAJADANG,SATYAGAON,3
Angul,PALLAHARA,RAJDANG,BADAGUNDA,11
Angul,PALLAHARA,RAJDANG,DWITIKRISHNAPUR,11
Angul,PALLAHARA,RAJDANG,GANJEIMUNI,11
Angul,PALLAHARA,RAJDANG,PAUNSIA,28
Angul,PALLAHARA,RAJDANG,RAJADANGA,6
Angul,PALLAHARA,RENGALI,RENGALI,14
Angul,PALLAHARA,ROHILA,BHAJPUR,2
Angul,PALLAHARA,ROHILA,JAUMIBANDHA,1
Angul,PALLAHARA,ROHILA,KHANATAPASI,3
Angul,PALLAHARA,ROHILA,SANDHAMUNDA,1
Angul,PALLAHARA,ROHILA,TAMBUR,2
Angul,PALLAHARA,SAIDA,KANTALA,18
Angul,PALLAHARA,SAIDA,RAJAMUNDA,1
Angul,PALLAHARA,SANKHAMUR,PITTA,15
Angul,PALLAHARA,SANKHAMUR,SATYAGOAN,25
Angul,PALLAHARA,SEEGARH,JAMBUA,1
Angul,PALLAHARA,SEEGARH,KAMPARKALA,7
Angul,PALLAHARA,SEEGARH,KAMPARKILA,1
Angul,PALLAHARA,SEEGARH,KARADAPAL,12
Angul,PALLAHARA,SEEGARH,KOLIPAL,12
Angul,PALLAHARA,SEEGARH,MANKADACHUA,8
Angul,PALLAHARA,SEEGARH,SAMIAPALI,1
Angul,PALLAHARA,SEEGARH,SEEGARH,22
Angul,PALLAHARA,SEEGARH,SUBARNAPALI,16
Angul,PALLAHARA,SEEGARH,TAMBUR,1
Angul,PALLAHARA,SEEGARH,TIMI,42
Angul,TALCHER,BRAJANATHPUR,GODIBANDHA,8
Angul,TALCHER,PADMABATIPUR,BARAPALI,3
Angul,TALCHER,PADMABATIPUR,JORAGADIA,26
Balasore,BALIAPAL,BETAGADIA,BETAGADIA,4
Balasore,BALIAPAL,DAGARA,JUGADIHA,4
Balasore,BLOCK,GRAM PANCHAYAT,VILLAGE,52
Balasore,JALESWAR,BANIDA,SUGO,17
Balasore,JALESWAR,DHARAMPUR,KALIKO,2
Balasore,JALESWAR,KALIKA SAMIL DHARAMPUR,KALIKO,3
Balasore,JALESWAR,KALIKO,KALIKO,8
Balasore,JALESWAR,KHUARD,KHUARD,36
Balasore,JALESWAR,SHAYMNAGAR,SHYAMNAGAR,17
Balasore,NILGIRI,ARABANDHA,ARABANDH,44
Balasore,NILGIRI,ARABANDHA,ARBANDHA,36
Balasore,NILGIRI,ARABANDHA,B. NATASAHI,13
Balasore,NILGIRI,ARABANDHA,BAGHAJANTA,3
Balasore,NILGIRI,ARABANDHA,DAHISAHI,7
Balasore,NILGIRI,ARABANDHA,DHABANI,1
Balasore,NILGIRI,ARABANDHA,GHUSURIKILA,14
Balasore,NILGIRI,ARABANDHA,KALONI DAHISAHI,2
Balasore,NILGIRI,BALICHUA BHUMIJ,ASANABANI,1
Balasore,NILGIRI,BEGUNIA,BEGUNIA,91
Balasore,NILGIRI,BERHAMPUR,ANLAPAL,7
Balasore,NILGIRI,BERHAMPUR,BHOUDIA,6
Balasore,NILGIRI,BERHAMPUR BHUMIJ,BHOUDIA,19
Balasore,NILGIRI,BERHAMPUR BHUMIJ(ST),BETAKATA,2
Balasore,NILGIRI,BERHAMPUR SANTAL,BHOUDIA,1
Balasore,NILGIRI,BERHAMPUR SANTAL(ST),BETAKATA,1
Balasore,NILGIRI,BHAUNRIABAD,AMBADIHA,3
Balasore,NILGIRI,BHAUNRIABAD,ANANDAPUR,6
Balasore,NILGIRI,BHAUNRIABAD,BALIAJHAR,12
Balasore,NILGIRI,BHAUNRIABAD,BAYARSAHI,15
Balasore,NILGIRI,BHAUNRIABAD,BAYASAHI,2
Balasore,NILGIRI,BHAUNRIABAD,BHAGABANDH,1
Balasore,NILGIRI,BHAUNRIABAD,BHAUNRIABAD,92
Balasore,NILGIRI,BHAUNRIABAD,BURUINSAHI,3
Balasore,NILGIRI,BHAUNRIABAD,GODISUL,1
Balasore,NILGIRI,BHAUNRIABAD,GUDISUL,13
Balasore,NILGIRI,BHAUNRIABAD,HATIMUNDA,70
Balasore,NILGIRI,BHAUNRIABAD,JENADAHI,13
Balasore,NILGIRI,BHAUNRIABAD,KAMARKHALIA,18
Balasore,NILGIRI,BHAUNRIABAD,KANTASIMULIA,13
Balasore,NILGIRI,BHAUNRIABAD,KANTHASIMULIA,19
Balasore,NILGIRI,BHAUNRIABAD,KUDUMIPAL,3
Balasore,NILGIRI,BHAUNRIABAD,MATILAI,2
Balasore,NILGIRI,BHAUNRIABAD,SARISHAKANDA,1
Balasore,NILGIRI,BHAUNRIABAD,SORISAKANDA,13
Balasore,NILGIRI,BHAUNRIABAD,TENTULAPADA,31
Balasore,NILGIRI,BHAUNRIABAD,TULASIDIHA,19
Balasore,NILGIRI,BHAUNRIABAD BHUMIJ (ST),HATIMUNDA,1
Balasore,NILGIRI,BHAUNRIABAD SANTAL ST),HATIMUNDA,1
Balasore,NILGIRI,CHEKAMARA,ASANBANI,1
Balasore,NILGIRI,CHEKAMARA BHUMIJ,ASANABANI,2
Balasore,NILGIRI,CHEKAMARA BHUMIJ,ASANBANI,2
Balasore,NILGIRI,CHHATRAPUR,KADUANI,13
Balasore,NILGIRI,CHHATRAPUR KOLHA (ST),KADUANI,1
Balasore,NILGIRI,CHHATRAPUR SANTAL(ST),KADUANI,12
Balasore,NILGIRI,GARADIHI,ASANBANI,2
Balasore,NILGIRI,GARADIHI,ASTARUKHI,19
Balasore,NILGIRI,GARADIHI,BALICHUA,7
Balasore,NILGIRI,GARADIHI,BANDHASAHI,1
Balasore,NILGIRI,GARADIHI,CHEKAMARA,1
Balasore,NILGIRI,GARADIHI,DUMURIA,1
Balasore,NILGIRI,GARADIHI,KUNCHIBANIA,24
Balasore,NILGIRI,GARADIHI,RAMSINGSAHI,2
Balasore,NILGIRI,GARADIHI,SIARIMAL,18
Balasore,NILGIRI,GARADIHI,TELIPAL,1
Balasore,NILGIRI,GARADIHI,TIAKATA (BHALUKASUNI),1
Balasore,NILGIRI,GARADIHI BHUMIJ,ASANBANI,4
Balasore,NILGIRI,GARADIHI BHUMIJ,BALICHUA,6
Balasore,NILGIRI,GARADIHI BHUMIJ,CHEKAMARA,2
Balasore,NILGIRI,GARADIHI BHUMIJ,KALAKAD,1
Balasore,NILGIRI,GARADIHI BHUMIJ,TIAKATA,2
Balasore,NILGIRI,GARADIHI BHUMIJ,TIAKATA (BHALUKASUNI),2
Balasore,NILGIRI,GARADIHI BHUMIJ(ST),AMBAJHAR,7
Balasore,NILGIRI,GARADIHI BHUMIJ(ST),BALICHUA,3
Balasore,NILGIRI,GARADIHI BHUMIJ(ST),CHEKAMARA,4
Balasore,NILGIRI,GARADIHI BHUMIJ(ST),DWARIKASUNI,9
Balasore,NILGIRI,GARADIHI BHUMIJ(ST),KALAKAD,2
Balasore,NILGIRI,GARADIHI BHUMIJ(ST),RANGAMATIA,1
Balasore,NILGIRI,GARADIHI BHUMIJ(ST),SIADIMAL,7
Balasore,NILGIRI,GARADIHI BHUMIJ(ST),SIARIMAL,3
Balasore,NILGIRI,GARADIHI BHUMIJ(ST),TELIPAL,2
Balasore,NILGIRI,GARADIHI KOLHA,TIAKATA,4
Balasore,NILGIRI,GARADIHI KOLHA,TIAKATA (BHALUKASUNI),6
Balasore,NILGIRI,GARADIHI KOLHA,TIAKATA (SAJANAGARH),1
Balasore,NILGIRI,GARADIHI KOLHA,TIAKATA(KALAKAD),3
Balasore,NILGIRI,GARADIHI KOLHA(ST),DWARIKASUNI,7
Balasore,NILGIRI,GARADIHI KOLHA(ST),KALAKAD,2
Balasore,NILGIRI,GARADIHI KOLHA(ST),KHAIRINAL,1
Balasore,NILGIRI,GARADIHI KOLHA(ST),KUNCHIBANIA,5
Balasore,NILGIRI,GARADIHI KOLHA(ST),RANGAMATIA,2
Balasore,NILGIRI,GARADIHI KOLHA(ST),TELIPAL,1
Balasore,NILGIRI,GARADIHI KOLHA(ST),TELIPAL-2,1
Balasore,NILGIRI,GARADIHI SANTAL(ST),DWARIKASUNI,1
Balasore,NILGIRI,GARADIHI SANTAL(ST),KUNCHABANIA,1
Balasore,NILGIRI,GARADIHIB HUMIJ(ST),CHEKAMARA,1
Balasore,NILGIRI,GARADIHIB HUMIJ(ST),SIADIMAL,1
Balasore,NILGIRI,GARADIHIK OLHA(ST),DWARIKASUNI,1
Balasore,NILGIRI,JAMUDIHA,BARIPAL,3
Balasore,NILGIRI,JAMUDIHA SANTAL (ST),JAMUDIHA,2
Balasore,NILGIRI,KC PUR,ASHOKNAL,1
Balasore,NILGIRI,KC PUR,BADHEIPALA,9
Balasore,NILGIRI,KC PUR,BARAKHEDA,3
Balasore,NILGIRI,KC PUR,BATISAHI,1
Balasore,NILGIRI,KC PUR,BETAKATA,311
Balasore,NILGIRI,KC PUR,BHALIAPOSI,18
Balasore,NILGIRI,KC PUR,GABAPAL,2
Balasore,NILGIRI,KC PUR,GANDHARIPADA,2
Balasore,NILGIRI,KC PUR,GOBAPAL,2
Balasore,NILGIRI,KC PUR,HATIKUT,2
Balasore,NILGIRI,KC PUR,HATIKUTA,16
Balasore,NILGIRI,KC PUR,JAMUNA,6
Balasore,NILGIRI,KC PUR,JIGHIA,1
Balasore,NILGIRI,KC PUR,KAIMAHUDI,25
Balasore,NILGIRI,KC PUR,KELAMARA,14
Balasore,NILGIRI,KC PUR,MAHUGADI,2
Balasore,NILGIRI,KC PUR,MAHULABANI,11
Balasore,NILGIRI,KC PUR,RABIGHAT,1
Balasore,NILGIRI,KC PUR,RISSIA,77
Balasore,NILGIRI,KC PUR,RISSIA (BADHEIPALA),2
Balasore,NILGIRI,KC PUR,RISSIA (BHALIAPOSI),2
Balasore,NILGIRI,KC PUR,RISSIA (HA1KUTA),1
Balasore,NILGIRI,KC PUR,RISSIA (JAMUNA),1
Balasore,NILGIRI,KC PUR,RISSIA (KAIMAHUDI),2
Balasore,NILGIRI,KC PUR,RISSIA (KELAMARA),2
Balasore,NILGIRI,KC PUR,RISSIA (MAHUGADI ),1
Balasore,NILGIRI,KC PUR,RISSIA (SAGANALA ),1
Balasore,NILGIRI,KC PUR,RISSIA (SARUPHINKA),2
Balasore,NILGIRI,KC PUR,RISSIA (VALIAPADA ),1
Balasore,NILGIRI,KC PUR,SAGANAL,1
Balasore,NILGIRI,KC PUR,SAGANALA,14
Balasore,NILGIRI,KC PUR,SARUCHAMPA,5
Balasore,NILGIRI,KC PUR,SARUPHINKA,3
Balasore,NILGIRI,KC PUR,TALAASHOKANALA,1
Balasore,NILGIRI,KC PUR,TULUNKADAB,27
Balasore,NILGIRI,KP LAKHRAJ,CHANDIPUR,47
Balasore,NILGIRI,KP LAKHRAJ,CHATRIKHUNTA,45
Balasore,NILGIRI,MA1ALI BATHUDI,DHAPADA,1
Balasore,NILGIRI,MA1ALI BATHUDI,SRIPATI,1
Balasore,NILGIRI,MA1ALI BHUMIJ,DUMURIA,5
Balasore,NILGIRI,MA1ALI BHUMIJ,MAHABALISAHI,5
Balasore,NILGIRI,MA1ALI BHUMIJ,PATHARGUMURA,14
Balasore,NILGIRI,MA1ALI BHUMIJ,RAMASINGHASAHI,1
Balasore,NILGIRI,MA1ALI BHUMIJ,RAMASINGHSAHI,9
Balasore,NILGIRI,MA1ALI BHUMIJ,RAMSINGSAHI,1
Balasore,NILGIRI,MA1ALI KOLHA,BANASAHI,1
Balasore,NILGIRI,MA1ALI KOLHA,GHUNTIBANIA,4
Balasore,NILGIRI,MA1ALI KOLHA,MAHABALISAHI,2
Balasore,NILGIRI,MA1ALI KOLHA,NATAPADA,4
Balasore,NILGIRI,MA1ALI KOLHA,PATHARGUMURA,2
Balasore,NILGIRI,MA1ALI KOLHA,RAMASINGHASAHI,2
Balasore,NILGIRI,MACHHUA,KALYANI,33
Balasore,NILGIRI,MACHHUA,MACHHUA,48
Balasore,NILGIRI,MATIALI,BARABATIASAMIL,1
Balasore,NILGIRI,MATIALI,MATIALI,7
Balasore,NILGIRI,MATIALI,MATILAI,3
Balasore,NILGIRI,MATIALI,NATAPADA,2
Balasore,NILGIRI,MATIALI,PATHARAGUMURA,1
Balasore,NILGIRI,MATIALI,RAMASINGHSAHI,5
Balasore,NILGIRI,MATIALI,SRIPATI,3
Balasore,NILGIRI,NARANPUR,BARAGADIA,13
Balasore,NILGIRI,NARANPUR,DALIMPAL,15
Balasore,NILGIRI,NARANPUR,NARANPUR,2
Balasore,NILGIRI,NARANPUR,SAHARADIHI,5
Balasore,NILGIRI,PITHAHATA,BATISAHI,3
Balasore,NILGIRI,PITHAHATA,CHAPALSAHI,2
Balasore,NILGIRI,PITHAHATA,JAMUNA,15
Balasore,NILGIRI,PITHAHATA,JHARANAGHATY,1
Balasore,NILGIRI,PITHAHATA,RABIGHUT,1
Balasore,NILGIRI,PITHAHATA,RISSIA,2
Balasore,NILGIRI,PITHAHATA,SANANUAGAN,66
Balasore,NILGIRI,PITHAHATA BATHUDI(ST),PITHAHATA,1
Balasore,NILGIRI,PITHAHATA BHUMIJ (ST),JAMUNA,1
Balasore,NILGIRI,PITHAHATA BHUMIJ (ST),JHARANGHATI,1
Balasore,NILGIRI,PITHAHATA BHUMIJ (ST),SANANUAGAN,5
Balasore,NILGIRI,PITHAHATA KOLHA (ST),JHARANGHATI,1
Balasore,NILGIRI,PITHAHATA KOLHA (ST),SANANUAGAN,4
Balasore,NILGIRI,PITHAHATA KOLHA(ST),SANANUAGAN,8
Balasore,NILGIRI,PITHAHATA SANTAL (ST),JAMUNA,9
Balasore,NILGIRI,PITHAHATA SANTAL (ST),JHARANGHATI,3
Balasore,NILGIRI,PITHAHATA SANTAL (ST),RABIGHAT,1
Balasore,NILGIRI,PITHAHATA SANTAL (ST),SANANUAGAN,5
Balasore,NILGIRI,PITHAHATA SANTAL (ST),SIRSASAHI,3
Balasore,NILGIRI,PITHAHATA SANTAL(ST),JAMUNA,1
Balasore,NILGIRI,SAJANAGARH,TENDA,19
Balasore,NILGIRI,SAJANAGARH BHUMIJ,SIADIMAL,1
Balasore,NILGIRI,SAJANAGARH BHUMIJ,TENDA,22
Balasore,NILGIRI,SAJANAGARH BHUUIA(ST),HADISAHI,3
Balasore,NILGIRI,SAJANAGARH BHUUIA(ST),HUDISAHI,2
Balasore,NILGIRI,SAJANAGARH BHUUIA(ST),MAHADEVBSAHI,1
Balasore,NILGIRI,SAJANAGARH BHUUIA(ST),MAHADEVSAHI,1
Balasore,NILGIRI,SAJANAGARH BHUUIA(ST),MAHADEVSAHI BHUMIJA (ST),1
Balasore,NILGIRI,SAJANAGARH BHUUIA(ST),TENDA,13
Balasore,NILGIRI,SIADIMAL,BABANDH,2
Balasore,NILGIRI,SIADIMAL,BADANAL,2
Balasore,NILGIRI,SIADIMAL,BHUTASIMILI,1
Balasore,NILGIRI,SIADIMAL,NUASAHI,1
Balasore,NILGIRI,SIADIMAL BATHUDI(ST),KUSUMIA,1
Balasore,NILGIRI,SIADIMAL BHUMIJ,BABANDHA,5
Balasore,NILGIRI,SIADIMAL BHUMIJ,BANKISUL,1
Balasore,NILGIRI,SIADIMAL BHUMIJ,BARUDI,5
Balasore,NILGIRI,SIADIMAL BHUMIJ,DEOCHKHOL,3
Balasore,NILGIRI,SIADIMAL BHUMIJ,DEUNCHAKHAL,1
Balasore,NILGIRI,SIADIMAL BHUMIJ,GOKULAPANI,1
Balasore,NILGIRI,SIADIMAL BHUMIJ,JAMUGHATI,17
Balasore,NILGIRI,SIADIMAL BHUMIJ,KADAMSUL,1
Balasore,NILGIRI,SIADIMAL BHUMIJ,NUASAHI,2
Balasore,NILGIRI,SIADIMAL BHUMIJ,SINDURIA,16
Balasore,NILGIRI,SIADIMAL BHUMIJ,TENDA,21
Balasore,NILGIRI,SIADIMAL BHUMIJ(ST),BADANAL,6
Balasore,NILGIRI,SIADIMAL BHUMIJ(ST),BANDHASAHI,1
Balasore,NILGIRI,SIADIMAL BHUMIJ(ST),BANKISUL,1
Balasore,NILGIRI,SIADIMAL BHUMIJ(ST),BHUTASIMULIA,12
Balasore,NILGIRI,SIADIMAL BHUMIJ(ST),JAMAGHATI,1
Balasore,NILGIRI,SIADIMAL BHUMIJ(ST),NUASAHI,7
Balasore,NILGIRI,SIADIMALB HUMIJ(ST),BHUTASIMULIA,1
Balasore,NILGIRI,SIADIMALB HUMIJ(ST),KUSUMIA,1
Balasore,NILGIRI,TELIPAL,ANTADAHI,19
Balasore,NILGIRI,TELIPAL,BANDHASAHI,1
Balasore,NILGIRI,TELIPAL,BHOLANALA,6
Balasore,NILGIRI,TELIPAL,BHOLNALA,1
Balasore,NILGIRI,TELIPAL,BHOLONALA,2
Balasore,NILGIRI,TELIPAL,CHAKABANDHA,1
Balasore,NILGIRI,TELIPAL,CHANDIPADA,1
Balasore,NILGIRI,TELIPAL,CHATANASAHI,2
Balasore,NILGIRI,TELIPAL,CHATRIPADA,1
Balasore,NILGIRI,TELIPAL,CHHATRAPADA,1
Balasore,NILGIRI,TELIPAL,DWARIKASUNI,2
Balasore,NILGIRI,TELIPAL,GETASAHI,1
Balasore,NILGIRI,TELIPAL,GOHIRA,2
Balasore,NILGIRI,TELIPAL,HUDISAI,1
Balasore,NILGIRI,TELIPAL,KELLUA,1
Balasore,NILGIRI,TELIPAL,KENDUA,17
Balasore,NILGIRI,TELIPAL,TASARADA,1
Balasore,NILGIRI,TELIPAL,TASARDA,7
Balasore,NILGIRI,TELIPAL,TELIPAL,8
Balasore,NILGIRI,TELIPAL,TELIPAL-2,8
Balasore,NILGIRI,TELIPAL BHUMIJ(ST),CHATANASAHI,1
Balasore,NILGIRI,TELIPAL BHUMIJ(ST),DWARIKASUNI,8
Balasore,NILGIRI,TELIPAL BHUMIJ(ST),TELIPAL-2,2
Balasore,NILGIRI,TELIPAL KOLHA(ST),DWARIKASUNI,14
Balasore,NILGIRI,TELIPAL KOLHA(ST),GENTASAHI,1
Balasore,NILGIRI,TELIPAL KOLHA(ST),HUDISAHI,3
Balasore,NILGIRI,TELIPAL KOLHA(ST),PUTIBANDHA,3
Balasore,NILGIRI,TELIPAL KOLHA(ST),RANGAMATIA,4
Balasore,NILGIRI,TELIPAL KOLHA(ST),TELIPAL,8
Balasore,NILGIRI,TELIPAL KOLHA(ST),TELIPAL-2,2
Balasore,NILGIRI,TELIPAL SANTAL(ST),ANTADAHI,1
Balasore,NILGIRI,TELIPAL SANTAL(ST),BHALANALA,2
Balasore,NILGIRI,TELIPAL SANTAL(ST),DESABANDHA,4
Balasore,NILGIRI,TELIPAL SANTAL(ST),DWARIKASUNI,19
Balasore,NILGIRI,TELIPAL SANTAL(ST),GENTASAHI,1
Balasore,NILGIRI,TELIPAL SANTAL(ST),JHARANASAHI,1
Balasore,NILGIRI,TELIPAL SANTAL(ST),TAGULUSAHI,1
Balasore,NILGIRI,TELIPAL SANTAL(ST),TASARADA,2
Balasore,NILGIRI,TELIPAL SANTAL(ST),TELIPAL,3
Balasore,NILGIRI,TELIPAL SANTAL(ST),TELIPAL-2,3
Balasore,NILGIRI,TENDA BHUMIJ,TENDA,1
Balasore,NILGIRI,TENTULIA,BAURIORA,21
Balasore,NILGIRI,TIKATA KOLHA,TIAKATA,2
Balasore,OUPADA,BAUNSABANIA,BAUNSABANIA,38
Balasore,OUPADA,BAUNSABANIA,BAUNSHABANIA,2
Balasore,OUPADA,BAUNSABANIA,MANAGARH,11
Balasore,OUPADA,GADASAHI,RANIPOKHARI,32
Balasore,OUPADA,KANDAGARADI,BISHNUPUR,2
Balasore,OUPADA,KANDAGARADI,KANDAGARADI,5
Balasore,OUPADA,KANDAGARADI,KANDAGARADIHI,21
Balasore,OUPADA,KANDAGARADI,KHULIA,6
Balasore,OUPADA,KANDAGARADI,MUKUNDAPUR,14
Balasore,OUPADA,S.S.PUR,HATIKHOLIA,7
Balasore,SIMULIA,ADA,ADA,15
Balasore,SIMULIA,ADA,CHHATRAPUR,16
Bargarh,AMBABHONA,AMBABHONA,JHARPALI,7
Bargarh,AMBABHONA,AMBABHONA,KHAPRAKHOL,26
Bargarh,AMBABHONA,AMBABHONA,MUNDAKATI,13
Bargarh,AMBABHONA,AMBABHONA,MUNDKATI,27
Bargarh,AMBABHONA,BHUKTA,BHUKTA,23
Bargarh,AMBABHONA,DEBRIGARH,DEBRIGARH,4
Bargarh,AMBABHONA,KANDAPALA,BIRJUPALI,6
Bargarh,AMBABHONA,KANDAPALA,KANDPALA,14
Bargarh,AMBABHONA,KANDAPALA,RAMPELLA,2
Bargarh,AMBABHONA,LAKHANPUR,DEBRIGARH,4
Bargarh,AMBABHONA,LAKHANPUR,JHAGADA BEHERA,20
Bargarh,ATTABIRA,JANGED,DHEMSA,1
Bargarh,ATTABIRA,JANGED,JANGED,1
Bargarh,ATTABIRA,KHARMUNDA,JUJUGAON,3
Bargarh,ATTABIRA,KHARMUNDA,JUNANI,1
Bargarh,ATTABIRA,KHARMUNDA,KHARMUNDA,2
Bargarh,ATTABIRA,KHARMUNDA,LAMBIPALI,15
Bargarh,ATTABIRA,KHARMUNDA,RUJHENMAL,2
Bargarh,ATTABIRA,KHARMUNDA,RUNIPALI,6
Bargarh,ATTABIRA,LAHANDA,LAHANDA,11
Bargarh,ATTABIRA,RUJHENMAL,RUJHENMAL,1
Bargarh,ATTABIRA,TANGARPALI,JUNANI,6
Bargarh,ATTABIRA,TANGARPALI,NUAPADA,2
Bargarh,ATTABIRA,TANGARPALI,RUJHENMAL,6
Bargarh,BARGARH,BARAHAGODA,BARAHAGODA,14
Bargarh,BARGARH,GAISAMA,GAISAMA,2
Bargarh,BARGARH,KURUAN,BAUSENPALI,12
Bargarh,BARGARH,NILESWAR,BANDENBAHAL,26
Bargarh,BHATLI,BANJIPALI,DECHUAN,27
Bargarh,BHATLI,DUMALPALI,KHARSEL,3
Bargarh,BHATLI,KELENDAPALI,JAGATIPALI,28
Bargarh,BHEDEN,AINLAPALI,DHUBENPALI,1
Bargarh,BHEDEN,BHEDEN,JANDOL,2
Bargarh,BHEDEN,RESHAM,ICHHAPADAR,1
Bargarh,BHEDEN,SIALKHANDAHATA,SARASPALI,2
Bargarh,BHEDEN,SIALKHANDAHATA,SIALKHANDAHATA,6
Bargarh,BHEDEN,SUNALARAMBHA,SUNALARAMBHA,9
Bargarh,BIJEPUR,PAHANDI,JAMAPALI,1
Bargarh,BIJEPUR,TALPADAR,K. NUANPALI,1
Bargarh,GAISILAT,GOURENMUNDA,SALEPALI,3
Bargarh,GAISILAT,KANDAGAD,KAMALPADAR,2
Bargarh,GAISILAT,KANDAGAD,KANDAGAD,1
Bargarh,GAISILAT,KANDAGARH,KAMALPADAR,1
Bargarh,GAISILAT,KATABAHAL,DANGARMUNDA,1
Bargarh,GAISILAT,KATABAHAL,KATABAHAL,3
Bargarh,GAISILAT,KATABAHAL,KULIARY,7
Bargarh,GAISILAT,PHIRINGIMAL,CHHINDRAPALI,5
Bargarh,GAISILAT,PHIRINGIMAL,NATABARPUR,14
Bargarh,GAISILAT,PHIRINGIMAL,SANKRIPANI,7
Bargarh,GAISILAT,SARDHAPALI,LEBIDI,8
Bargarh,GAISILAT,TALPALI,JANKEDA,23
Bargarh,GAISILAT,TALPALI,KHUNTPALI,6
Bargarh,JHARBANDH,AMETHI,BAITALI,1
Bargarh,JHARBANDH,AMETHI,DHANESWAR,1
Bargarh,JHARBANDH,AMETHI,TUHUNGIDADAR,1
Bargarh,JHARBANDH,AMETHI,TUMRIPANI,2
Bargarh,JHARBANDH,AMITHI,AMTHI,2
Bargarh,JHARBANDH,AMITHI,BAITALI,8
Bargarh,JHARBANDH,BHAINSADARAH,BHAINSADARAH,4
Bargarh,JHARBANDH,BHAINSADARHA,BHAINSADARAH,2
Bargarh,JHARBANDH,BHAINSADARHA,BHAINSADARAHA,4
Bargarh,JHARBANDH,BHANDARPURI,BBHANDARPURI,1
Bargarh,JHARBANDH,BHANDARPURI,BHANDARPURI,11
Bargarh,JHARBANDH,BHANDARPURI,JAMPALI,2
Bargarh,JHARBANDH,BHANDARPURI,KUKURIPALI,8
Bargarh,JHARBANDH,BHANDARPURI,SUKMANIPUR,12
Bargarh,JHARBANDH,BHANDARPURI,SUKMARIPUR,1
Bargarh,JHARBANDH,BHANDARPURI,SUKUMARIPUR,3
Bargarh,JHARBANDH,BHNDARPURI,SUKMARIPUR,1
Bargarh,JHARBANDH,BHNDARPURI,SUKUMARIPUR,1
Bargarh,JHARBANDH,BILASHPUR,BILASHPUR,3
Bargarh,JHARBANDH,BILASHPUR,ISKINDA,1
Bargarh,JHARBANDH,BILASPUIR,BILASHPUR,1
Bargarh,JHARBANDH,BILASPUR,BHANDARJORI,15
Bargarh,JHARBANDH,BILASPUR,BILASHPUR,25
Bargarh,JHARBANDH,BILASPUR,BILASPUR,63
Bargarh,JHARBANDH,BILASPUR,ISKINDA,12
Bargarh,JHARBANDH,BILASPUR,NITYANANDPUR,9
Bargarh,JHARBANDH,CHHOTANKI,CHHOTANKI,7
Bargarh,JHARBANDH,DAVA,ANGUL,6
Bargarh,JHARBANDH,DAVA,DAVA,16
Bargarh,JHARBANDH,DAVA,RAJENDRAPUR,8
Bargarh,JHARBANDH,GOTHUGODA,DUNGURICHADHA,5
Bargarh,JHARBANDH,GOTHUGODA,KAFRODGANJ,1
Bargarh,JHARBANDH,GOTHUGODA,KARFODGANJ,23
Bargarh,JHARBANDH,GOTHUGODA,KRAPADGANJ,1
Bargarh,JHARBANDH,GOTHUGODA,PAGARPANI,2
Bargarh,JHARBANDH,GOTHUGUDA,PAGARPANI,2
Bargarh,JHARBANDH,JHARBANDH,JHARBANDH,5
Bargarh,JHARBANDH,JHARBANDH,TURLA,7
Bargarh,JHARBANDH,KANDADANGAR,BANDAMUNDA,2
Bargarh,JHARBANDH,KANDADANGAR,KANDADANGAR,3
Bargarh,JHARBANDH,KANDHADANGAR,BANDAMUNDA,4
Bargarh,JHARBANDH,KUMIR,KUMIR,3
Bargarh,JHARBANDH,KUMIR,LERGAON,5
Bargarh,JHARBANDH,KURLUPALI,BEHERADUBURI,4
Bargarh,JHARBANDH,KURLUPALI,BEHERADUNURI,1
Bargarh,JHARBANDH,KURLUPALI,DABAPALI,4
Bargarh,JHARBANDH,KURLUPALI,KURLUPALI,3
Bargarh,JHARBANDH,KURLUPALI,UREIDADAR,13
Bargarh,JHARBANDH,RAJENDRAPUR,RAJENDRAPUR,1
Bargarh,NAME OF THE BLOCK,NAME OF THE G.P.,NAME OF THE VILLAGE,22
Bargarh,PAIKMAL,BARTUNDA,BHUINKHAR,11
Bargarh,PAIKMAL,BHENGRAJPUR,LERGAON,2
Bargarh,PAIKMAL,BHENGRAJPUR,SADANANDPUR,1
Bargarh,PAIKMAL,BUKRAMUNDA,MAHULPALI,1
Bargarh,PAIKMAL,CHHINDEIKELA,BARAPARLIA,2
Bargarh,PAIKMAL,CHHINDEIKELA,CHHINDEIKELA,26
Bargarh,PAIKMAL,CHHINDEIKELA,MALPADA,12
Bargarh,PAIKMAL,JAMSETH,BHERUAMUNDA,10
Bargarh,PAIKMAL,JAMSETH,JAMSETH,5
Bargarh,PAIKMAL,JAMSETH,KHARAMAL,7
Bargarh,PAIKMAL,JHARBANDH,JALGARH,9
Bargarh,PAIKMAL,JHARBANDH,JHARBANDH,13
Bargarh,PAIKMAL,JHARBANDH,MENKAMUNDA,7
Bargarh,PAIKMAL,JHARBANDH,PATRAPALI,3
Bargarh,PAIKMAL,JHARBANDH,TEMRIMAL,2
Bargarh,PAIKMAL,JHITIKI,PATHREL,10
Bargarh,PAIKMAL,KECHHODADAR,CHHELIAMAL,1
Bargarh,PAIKMAL,KECHHODADAR,JARIMUNDA,1
Bargarh,PAIKMAL,KECHHODADAR,MAHARANIMERIPUR,1
Bargarh,PAIKMAL,KERMELABAHAL,GANDAPALI,1
Bargarh,PAIKMAL,KERMELABAHAL,GONDPALI,5
Bargarh,PAIKMAL,KERMELABAHAL,HARIDATAL,4
Bargarh,PAIKMAL,KERMELABAHAL,KERMELABAHAL,2
Bargarh,PAIKMAL,KERMELABAHAL,KHANDASI BANJI,4
Bargarh,PAIKMAL,MANDIADHIPA,MANDIADHIPA,11
Bargarh,PAIKMAL,MANDOSIL,MANDOSIL,4
Bargarh,PAIKMAL,MITHAPALI,DUNGURIPALI,2
Bargarh,PAIKMAL,MITHAPALI,GORANDA,1
Bargarh,PAIKMAL,MITHAPALI,MITHAPALI,23
Bargarh,PAIKMAL,PAIKMAL,PAIKMAL,1
Bargarh,PAIKMAL,PALSADA,KUAPALI,2
Bargarh,PAIKMAL,SANKRI,JOGENDRANATHPUR,4
Bargarh,RAJBORASAMAR,BARIHAPALI,BANJHAPALI,1
Bargarh,RAJBORASAMAR,BARIHAPALI,GANJAGUDA,1
Bargarh,RAJBORASAMAR,BARIHAPALI,KHUJIANI,1
Bargarh,RAJBORASAMAR,BARIHAPALI,PATRAPALI,2
Bargarh,RAJBORASAMAR,BHEUNRIA,BHEUNRIA,35
Bargarh,RAJBORASAMAR,BHEUNRIA,PHIRUPALI,1
Bargarh,RAJBORASAMAR,BUDAMAL,BHELUANPADAR,1
Bargarh,RAJBORASAMAR,BUDAMAL,KHAIRPALI,1
Bargarh,RAJBORASAMAR,CHARPALI,BHALUKANA,3
Bargarh,RAJBORASAMAR,CHARPALI,HALKADADAR,3
Bargarh,RAJBORASAMAR,DAHIGAON,BARBHATA,1
Bargarh,RAJBORASAMAR,DAHIGAON,BUBUDA,2
Bargarh,RAJBORASAMAR,DAHITA,BAKIKHAMAN,2
Bargarh,RAJBORASAMAR,DAHITA,BHALUDUNGURI,2
Bargarh,RAJBORASAMAR,DAHITA,SARGIPALI,1
Bargarh,RAJBORASAMAR,JAMARTALA,ANTARLA,1
Bargarh,RAJBORASAMAR,JAMARTALA,BIRHIPALI,2
Bargarh,RAJBORASAMAR,KANSAR,BANDUPALI,3
Bargarh,RAJBORASAMAR,KANSINGHA,CHANDIPALI,1
Bargarh,RAJBORASAMAR,KANSINGHA,KANSINGHA,8
Bargarh,RAJBORASAMAR,KHALIAPALI,BADIMAL,3
Bargarh,RAJBORASAMAR,KHALIAPALI,BAJENMMUNDA,1
Bargarh,RAJBORASAMAR,KHALIAPALI,MUNDOMAHUL,1
Bargarh,RAJBORASAMAR,LOHARPALI,BARBHATA,2
Bargarh,RAJBORASAMAR,LOHARPALI,BUBUDA,1
Bargarh,RAJBORASAMAR,LOHARPALI,KADALIMUNDA,1
Bargarh,RAJBORASAMAR,MAHULPALI,AMLILPALI,1
Bargarh,RAJBORASAMAR,MAHULPALI,MAHULPALI,12
Bargarh,RAJBORASAMAR,PURENA,MURHAPALI,2
Bargarh,SOHELA,BAUSENMURA,HIRAPALI,5
Bargarh,SOHELA,BAUSENMURA,KHALIAPALI,1
Bargarh,SOHELA,BIRJAM,BIRJAM,2
Bargarh,SOHELA,CHHURIAPALI,DUMERPALI,1
Bargarh,SOHELA,CHHURIAPALI,SARADHAPALI,4
Bargarh,SOHELA,GHESS,GHESS,3
Bargarh,SOHELA,GHESS,TILEIMAL,2
Bargarh,SOHELA,GHESS,TURIMUNDA,1
Bargarh,SOHELA,J SRIGIDA,BAIPALI,1
Bargarh,SOHELA,J SRIGIDA,BISIPALI,8
Bargarh,SOHELA,J SRIGIDA,JATALA,2
Bargarh,SOHELA,JHAR,BARPADAR,1
Bargarh,SOHELA,KANAPALI,BAHALBAHAL,2
Bargarh,SOHELA,KANAPALI,KANAPALI,1
Bargarh,SOHELA,KUCHIPALI,KATAPALI,2
Bargarh,SOHELA,KUCHIPALI,KUCHIPALI,4
Bargarh,SOHELA,PANDAKI PALI,PASTAMUNDA,3
Bargarh,SOHELA,PETUPALI,PETUPALI,1
Bargarh,SOHELA,PHALASAPALI,GHANAMAL,2
Bargarh,SOHELA,PHALSAPALI,GHANAMAL,4
Bargarh,SOHELA,RENGALI,BIRHIPALI,2
Bargarh,SOHELA,RENGALI,BRAHMANIDIHI,1
Bargarh,SOHELA,RENGALI,DHAURAKHANDA,4
Bargarh,SOHELA,RENGALI,MACHIMURA,1
Bargarh,SOHELA,SALHEPALI,BARPADAR,6
Bargarh,SOHELA,SALHEPALI,JAMPALI,2
Bargarh,SOHELA,SANIMAL,BATTERMA,1
Bargarh,SOHELA,SANIMAL,DANGARKEMELI,3
Bargarh,SOHELA,SANIMAL,SANIMAL,1
Bargarh,SOHELA,TABADA,TABADA,1
Bargarh,SOHELA,TUNGIBANDHILI,TANDOL,2
Bhadrakh,BHADRAK,AMBORALI,AMBORALI,11
Bhadrakh,BHADRAK,GELTUA,JALANGA,47
Bhadrakh,BHANDARIPOKHARI,DAKHINBAD,UTTARABAD,7
Bhadrakh,BHANDARIPOKHARI,NAPANGA,SANABANKAMU,9
Bhadrakh,BHANDARIPOKHARI,NIRGUNDI,ANANTAPUR,13
Bhadrakh,BHANDARIPOKHARI,NIRGUNDI,MAHURA,25
Bhadrakh,BHANDARIPOKHARI,PATULI,MOBARAKPUR,49
Bhadrakh,BHANDARIPOKHARI,SANSASAN,BAHADULNAGAR,2
Bhadrakh,BHANDARIPOKHARI,SARSADA,KUBERGADIA,10
Bhadrakh,BHANDARIPOKHARI,SARSADA,UTTARAGADIA,2
Bhadrakh,BLOCK,GRAM PANCHAYAT,VILLAGE,4
Bolangir,AGALPUR,BADTIKA,BADATIKA,10
Bolangir,AGALPUR,BADTIKA,LARAMBHAMUNDA,24
Bolangir,AGALPUR,BENDRA,RAMPUR,9
Bolangir,AGALPUR,BIRAMUNDA,BADATARAKAMUNA,1
Bolangir,AGALPUR,JHANKARPALI,ADENDUNGURI,1
Bolangir,BALANGIR,BAIDIPALI,BARGAON,23
Bolangir,BALANGIR,BAIDIPALI,GHUSURADUNGURI,7
Bolangir,BALANGIR,BAIDIPALI,KALIJHARAN,33
Bolangir,BALANGIR,BAIDIPALI,PRATAPRUDRAPUR,2
Bolangir,BALANGIR,BARAPUDGIA,KERMELI,1
Bolangir,BALANGIR,BHUNDIMUHAN,KARLAPITA,4
Bolangir,BALANGIR,BHUNDIMUHAN,SARGADPALI,3
Bolangir,BALANGIR,BIDIGHAT,BIDIGHAT,26
Bolangir,BALANGIR,BIDIGHAT,CHANTIMUNDA,33
Bolangir,BALANGIR,BIDIGHAT,JANAKPUR,8
Bolangir,BALANGIR,BIDIGHAT,KALIJHARAN,13
Bolangir,BALANGIR,CHIKALBAHAL,DHAUNRADADAR,6
Bolangir,BALANGIR,CHIKALBAHAL,PHATKARA,1
Bolangir,BALANGIR,JHANKARPALI,HARIPALI,2
Bolangir,BALANGIR,JHANKARPALI,SIALBAHALI,1
Bolangir,BALANGIR,SADAIPALI,PHULJHARAN,30
Bolangir,BALANGIR,SIKACHHIDA,BIJILIMUNDA,14
Bolangir,BALANGIR,SIKACHHIDA,KANAKPUR,15
Bolangir,BALANGIR,SIKACHHIDA,KHASBAHAL,13
Bolangir,BALANGIR,SIKACHHIDA,SIKACHHIDA,9
Bolangir,BALANGIR,SIKACHHIDA,SINKHAMAN,2
Bolangir,BANGOMUNDA,JAMKHUNTA,JAMPADA,8
Bolangir,BANGOMUNDA,THEMRA,BARKANI,57
Bolangir,BELPADA,BAGDOR,DHAUNRAKHAMAN,31
Bolangir,BELPADA,BEHERAMUNDA,BEHERAMUNDA,7
Bolangir,BELPADA,GHAGURLI,CHIKILI,1
Bolangir,BELPADA,GHAGURLI,GHAGARA,44
Bolangir,BELPADA,GHAGURLI,JAMJURI,5
Bolangir,BELPADA,GHAGURLI,PANDAKIMAL,8
Bolangir,BELPADA,KANDHENJHULA,BAHABAL,22
Bolangir,BELPADA,KANDHENJHULA,BANJIJHAL,12
Bolangir,BELPADA,KAPANI,BHARUAMUNDA,5
Bolangir,BELPADA,KAPANI,BUDAMUNDA,127
Bolangir,BELPADA,SARMUHAN,AANLABHATA,4
Bolangir,BELPADA,SARMUHAN,AINLABHATA,2
Bolangir,BELPADA,SARMUHAN,BHALUKHAI,3
Bolangir,BELPADA,TENTULIMUNDA,BARJURA,1
Bolangir,BELPADA,TENTULIMUNDA,LAHERJURI,1
Bolangir,BELPADA,TENTULIMUNDA,PANDESARA,1
Bolangir,BELPADA,TENTULIMUNDA,SATCHUAN,1
Bolangir,BLOCK,GRAM PANCHAYAT,VILLAGE,45
Bolangir,DEOGAON,BADBAHAL,BUDHABAHAL,4
Bolangir,DEOGAON,BANDHPADA,GHATULDUNGURI,13
Bolangir,DEOGAON,DESAND,BHALUKUND,13
Bolangir,DEOGAON,DESAND,DESAND,5
Bolangir,DEOGAON,DHANDAMAL,ANTARLA,1
Bolangir,DEOGAON,DHANDAMAL,BILASHPUR,14
Bolangir,DEOGAON,GAIBAHAL,RAIPALI,4
Bolangir,DEOGAON,KUTHURLA,MURSINGHA,14
Bolangir,DEOGAON,LANDAPATHAR,LANDAPATHAR,18
Bolangir,DEOGAON,MAHALEI,GADADUARA,5
Bolangir,DEOGAON,MAHALEI,PANDHEL,2
Bolangir,DEOGAON,RAMACHANDRAPUR,GOELPITA,28
Bolangir,DEOGAON,RAMACHANDRAPUR.,LUHAKHAN,3
Bolangir,DEOGAON,RAMACHANDRAPUR.,MATUPALI,16
Bolangir,DEOGAON,RAMACHANDRAPUR.,PARUABHADI,4
Bolangir,DEOGAON,RAMACHANDRAPUR.,TANGURUPADAR,6
Bolangir,DEOGAON,SINGHAMUNDA,AMBAGHAT,13
Bolangir,DEOGAON,SINGHAMUNDA,BANKIAMUNDA,23
Bolangir,DEOGAON,SINGHAMUNDA,KHALIAPALI,10
Bolangir,DEOGAON,SINGHAMUNDA,LAXMANPUR,1
Bolangir,DEOGAON,UDAR,LUHURENPALI,20
Bolangir,DEOGAON,UDAR,PADAMPUR,34
Bolangir,GUDVELLA,BIRAMUNDA,BADATARAKAMUNA,4
Bolangir,GUDVELLA,BIRAMUNDA,SANTARAKMUNDA,20
Bolangir,GUDVELLA,GHUNA,GHUNA,7
Bolangir,GUDVELLA,GHUNA,GUDUNGAMAL,13
Bolangir,GUDVELLA,GHUNA,NIMURSINGHA,17
Bolangir,GUDVELLA,JAMUT,BELGAON,20
Bolangir,GUDVELLA,JAMUT,RAHENMAL,10
Bolangir,KHAPRAKHOL,BAGHMUND,CHANGRIA,19
Bolangir,KHAPRAKHOL,BAGHMUND,HIRLI,9
Bolangir,KHAPRAKHOL,BAGHMUND,KUDOPANI,10
Bolangir,KHAPRAKHOL,BAGHMUND,LUHAKHAN,34
Bolangir,KHAPRAKHOL,BAGHMUND,NAGENMAL,4
Bolangir,KHAPRAKHOL,KARUAJHAR,MASHINA,7
Bolangir,KHAPRAKHOL,LATHOR,LATHOR,7
Bolangir,KHAPRAKHOL,MANDUPALA,GARTIA,3
Bolangir,KHAPRAKHOL,MANDUPALA,KARUANJHAR,1
Bolangir,KHAPRAKHOL,MANDUPALA,NANDUPALA,12
Bolangir,KHAPRAKHOL,MANDUPALA,SARGIMUNDA,50
Bolangir,KHAPRAKHOL,MATIABHATA,ANKAMARA,20
Bolangir,KHAPRAKHOL,MATIABHATA,BHARUAMUNDA,2
Bolangir,KHAPRAKHOL,MATIABHATA,KENDUBHATA,3
Bolangir,KHAPRAKHOL,MATIABHATA,PUTULAMAHUL,2
Bolangir,KHAPRAKHOL,RENGALI,BARTIA,3
Bolangir,KHAPRAKHOL,TANKAPANI,BUDHACHHAPAR,17
Bolangir,KHAPRAKHOL,TANKAPANI,CHORMUNDA,67
Bolangir,KHAPRAKHOL,TANKAPANI,SAREIBAHAL,80
Bolangir,KHAPRAKHOL,TANKAPANI,TANKAPANI,52
Bolangir,KHAPRAKHOL,TELENPALI,BALIABAHAL,6
Bolangir,LOISINGHA,BADIBAHAL,BHALUPALI,2
Bolangir,LOISINGHA,BADIMUNDA,BIRKEL,20
Bolangir,LOISINGHA,RATAKHANDI,BIANRPALI,21
Bolangir,LOISINGHA,RATAKHANDI,DANDPANI,14
Bolangir,LOISINGHA,TALIUDAR,TALIUDAR,1
Bolangir,MURIBAHAL,BIDIGHAT,BEHERAKHAI,17
Bolangir,MURIBAHAL,BIDIGHAT,KARANADABARA,30
Bolangir,MURIBAHAL,BIDIGHAT,KUTANIJHARAN,7
Bolangir,MURIBAHAL,BIDIGHAT,LATASADHA,20
Bolangir,MURIBAHAL,CHALKI,CHALKI,16
Bolangir,MURIBAHAL,CHANABAHAL,SUKUNIPADAR,41
Bolangir,MURIBAHAL,GRAM PANCHAYAT,BAKBAHAL,9
Bolangir,MURIBAHAL,GRAM PANCHAYAT,GULAMI,6
Bolangir,MURIBAHAL,GRAM PANCHAYAT,KUTURAKEND,15
Bolangir,MURIBAHAL,HALDI,DADHIA PADAR,17
Bolangir,MURIBAHAL,HALDI,DANGARMUNDA,1
Bolangir,MURIBAHAL,HALDI,GULAMI,10
Bolangir,MURIBAHAL,HALDI,PERUAMAL,21
Bolangir,MURIBAHAL,MALISIRA,BHUTISADHA,6
Bolangir,MURIBAHAL,MALISIRA,DADHIAPADAR,2
Bolangir,MURIBAHAL,MALISIRA,DANGABANJI,33
Bolangir,MURIBAHAL,MALISIRA,KANKADA PADAR,22
Bolangir,MURIBAHAL,MURIBAHAL,BUDHIBAHAL,1
Bolangir,MURIBAHAL,MURIBAHAL,MURIBAHAL,6
Bolangir,PATNAGARH,DANGBAHAL,GUCHADIHI,6
Bolangir,PATNAGARH,DANGBAHAL,GUNCHADEEHI,7
Bolangir,PATNAGARH,FATAMUNDA,BADJHULA,24
Bolangir,PATNAGARH,FATAMUNDA,PANDESARA,1
Bolangir,PATNAGARH,FATAMUNDA,THELKOCHAPAR,38
Bolangir,PATNAGARH,FATAMUNDA,THELKOCHHAPAR,13
Bolangir,PATNAGARH,KENDUMUNDI,MAGHAMARA,67
Bolangir,PATNAGARH,MARUAN,JHULENBAR,13
Bolangir,PATNAGARH,MUNDAMAHUL,MANEIPAD,10
Bolangir,PATNAGARH,MUNDOMAHUL,MUNDOMAHUL,31
Bolangir,PUINTALA,ATGAON,TANDAMUNDA,7
Bolangir,SAINTALA,KADHKELGAON,DANGARAPADA,6
Bolangir,SAINTALA,KADHKELGAON,JHANKARMUNDA,13
Bolangir,SAINTALA,KADHKELGAON,KANDHENPALI,2
Bolangir,SAINTALA,KARAMTALA,DABJORE,27
Bolangir,SAINTALA,KERMELI,KARELDHUA,14
Bolangir,SAINTALA,KERMELI,SANADASHMUNDA,9
Bolangir,SAINTALA,TIKRAPADA,TIKRAPADA,9
Bolangir,TITILAGARH,BIJEPUR,BIJEPUR,1
Bolangir,TITILAGARH,BIJEPUR,GHUGHURPALA,2
Bolangir,TITILAGARH,BIJEPUR,GHUGHURUPALA,2
Bolangir,TITILAGARH,BIJEPUR,GHUNGURPALA,10
Bolangir,TITILAGARH,BIJEPUR,GOKHARUNG,5
Bolangir,TITILAGARH,BIJEPUR,GOKHARUNGA,16
Bolangir,TITILAGARH,BIJEPUR,JUANIMAL,1
Bolangir,TITILAGARH,BIJEPUR,JUNANIMAL,8
Bolangir,TITILAGARH,BIJEPUR,LIMPADA,4
Bolangir,TITILAGARH,KHOLAN,SIAL JHUTUNGI,5
Bolangir,TITILAGARH,KHOLAN,SIALJHUDANGI,2
Bolangir,TITILAGARH,KHOLAN,SIALJHUDUNGI,6
Bolangir,TITILAGARH,KURSUD,PIPALPADAR,1
Bolangir,TITILAGARH,LUTHURBANDH,PUDAPADA,1
Bolangir,TITILAGARH,MAHULPADA,GULMI,9
Bolangir,TITILAGARH,SAGADGHAT,DABAJORI,4
Bolangir,TITILAGARH,SAGADGHAT,PIPLIBANDH,4
Bolangir,TITILAGARH,SAGADGHAT,SIALJHUDUNGI,12
Bolangir,TITILAGARH,SAGADGHAT,SIKER,1
Bolangir,TITILAGARH,SAGADGHAT,SUAGPUR,6
Bolangir,TUREKELA,BADBANKI,SANBANKI,15
Bolangir,TUREKELA,BADDAKALA,NAGFENA,5
Bolangir,TUREKELA,BADDAKALA,TENTULIKHUNTI,6
Bolangir,TUREKELA,BADKANI,DAHIMAL,1
Bolangir,TUREKELA,BADKANI,MUNDKANI,3
Bolangir,TUREKELA,BUROMAL,DANGAMARA,40
Bolangir,TUREKELA,BUROMAL,KADALIPALI,21
Bolangir,TUREKELA,GHUNESH,GADGADBAHAL,3
Bolangir,TUREKELA,HIAL,MALPAMUNDA,27
Bolangir,TUREKELA,JHARNI,DAHIMAL,1
Bolangir,TUREKELA,JHARNI,JHARNI,1
Bolangir,TUREKELA,JHARNI,JHARNI RAMOD,1
Bolangir,TUREKELA,JHARNI,KHARALI,11
Bolangir,TUREKELA,JHARNI,LAMITULA,1
Bolangir,TUREKELA,JHARNI,TUREKELA RAMOD,1
Bolangir,TUREKELA,KAMEIMUNDA,THUNGAJURI,6
Bolangir,TUREKELA,KHAGASA,SALEPADA,14
Bolangir,TUREKELA,KHAGSA,MAKARCHUAN,7
Bolangir,TUREKELA,MAHAKHAND,MAHAKHAND,2
Bolangir,TUREKELA,TUREKELA,BAGBEL,28
Bolangir,TUREKELA,TUREKELA,BUDHIBAHAL,38
Bolangir,TUREKELA,TUREKELA,BUDHIBAHAL GANJAUDAR,9
Bolangir,TUREKELA,TUREKELA,CHHATRAPADAR,5
Bolangir,TUREKELA,TUREKELA,GANJAUDAR,11
Bolangir,TUREKELA,TUREKELA,KUTURAKENDH,3
Bolangir,TUREKELA,TUREKELA,PIPILIBANDH,1
Bolangir,TUREKELA,TUREKELA,SATBAHANI,4
Bolangir,TUREKELA,TUREKELA,TUREKELA,13
Boudh,BLOCK,GRAM PANCHAYAT,VILLAGE,40
Boudh,BOUDH,BAGHIAPADA,DURAGAPARSAD,7
Boudh,BOUDH,BAGHIAPADA,PALSADADAR,18
Boudh,BOUDH,BRAHMANIPALI,BARAKODA,33
Boudh,BOUDH,GUNDULIA,ANKUN,7
Boudh,BOUDH,GUNDULIA,TILPANGA,14
Boudh,BOUDH,SAGADA,BARAKUTHULI,3
Boudh,BOUDH,SAGADA,CHHLANDA,1
Boudh,BOUDH,SAGADA,KHANDIKAPAN,1
Boudh,BOUDH,SAGADA,KUIRABHUI,13
Boudh,BOUDH,SAGADA,LAHOARPADA,11
Boudh,BOUDH,SAGADA,MALATIGOCHHAPADA,7
Boudh,BOUDH,SAGADA,MENAKA SAHI,1
Boudh,BOUDH,SAGADA,MENAKASAHI,8
Boudh,BOUDH,SAGADA,PAUKA,9
Boudh,BOUDH,SAGADA,SIGADI,17
Boudh,BOUDH,TIKARAPADA,GUDHIALI,6
Boudh,BOUDH,TIKARPADA,BADAGOCHHAPADA,30
Boudh,BOUDH,TIKARPADA,GUDHIALI,22
Boudh,BOUDH,TIKARPADA,JAMUNAKHOL,21
Boudh,BOUDH,TIKARPADA,KADAMUNDA,17
Boudh,BOUDH,TIKARPADA,KUTHULIMUNDA,16
Boudh,BOUDH,TIKARPADA,LAKEDPAJU,21
Boudh,BOUDH,TIKARPADA,MENIAPAJU,22
Boudh,BOUDH,TIKARPADA,TUTUMSINGH,17
Boudh,HARABHANGA,ADENIGADA,MADHAPUR,35
Boudh,HARABHANGA,ADENIGARH,MADHAPUR COLONY SAHI,2
Boudh,HARABHANGA,ADNIGARH,MADHAPUR,5
Boudh,HARABHANGA,BANIBHUSHANAPUR,BAHALI,1
Boudh,HARABHANGA,CHHATRANG,DIMIRIKHOL,4
Boudh,HARABHANGA,CHHATRANG,TRILOCHANAPUR,4
Boudh,HARABHANGA,SANKULEI,CHHELIKHAI,4
Boudh,HARABHANGA,TALAGAON,JAMUJHARI,4
Boudh,HARABHANGA,TALAGOAN,DAMAKUCH,9
Boudh,KANTAMAL,AMBAGAN,DEDHENMAL,58
Boudh,KANTAMAL,AMBAGAON,DEDHENMAL,6
Boudh,KANTAMAL,AMBAGAON,KACHERMAL,1
Boudh,KANTAMAL,BARAGAN,BARIGOBA,5
Boudh,KANTAMAL,BARAGAN,DUMURIPALI,11
Boudh,KANTAMAL,BARAGAN,GADAGADIA,1
Boudh,KANTAMAL,BARAGAN,KANDHAPALI,9
Boudh,KANTAMAL,BARAGAN,LABARKANI,1
Boudh,KANTAMAL,BARAGAN,MATAKUPA,6
Boudh,KANTAMAL,BARAGAN,UTURLA,5
Boudh,KANTAMAL,BARAGAON,GADAGADIA,1
Boudh,KANTAMAL,BARAGAON,GORUIBENGESH,3
Boudh,KANTAMAL,BARAGAON,GOURIBENGESH,10
Boudh,KANTAMAL,BARAGAON,GUURABANGAS,2
Boudh,KANTAMAL,BARAGAON,GUURABENGAS,1
Boudh,KANTAMAL,BARAGAON,KANISEMEL,8
Boudh,KANTAMAL,BARAGAON,KHALIAPALI,8
Boudh,KANTAMAL,BARAGAON,KUMELBANDH,3
Boudh,KANTAMAL,BARAGAON,MAHIBILA,12
Boudh,KANTAMAL,BARAGAON,MALIKUD,2
Boudh,KANTAMAL,BARAGAON,MALLIKUD,15
Boudh,KANTAMAL,BARAGAON,NENDRIMAL,2
Boudh,KANTAMAL,BARAGAON,UTRULA,4
Boudh,KANTAMAL,BARAGOAN,ALIKUD,7
Boudh,KANTAMAL,BARAGOAN,ALIKUDA,8
Boudh,KANTAMAL,BARAGOAN,ANUGUBA,3
Boudh,KANTAMAL,BARAGOAN,BANJIMUNDA,2
Boudh,KANTAMAL,BARAGOAN,BARAGOAN,6
Boudh,KANTAMAL,BARAGOAN,BARIGOBA,23
Boudh,KANTAMAL,BARAGOAN,BIRSINGHPUR,1
Boudh,KANTAMAL,BARAGOAN,BUDHA KHOL,4
Boudh,KANTAMAL,BARAGOAN,DUMALPAKHAL,4
Boudh,KANTAMAL,BARAGOAN,GADAGADIA,4
Boudh,KANTAMAL,BARAGOAN,GOCHHANGI,8
Boudh,KANTAMAL,BARAGOAN,GOURIBENGS,5
Boudh,KANTAMAL,BARAGOAN,KANISIMILI,10
Boudh,KANTAMAL,BARAGOAN,KEKENJOR,19
Boudh,KANTAMAL,BARAGOAN,KHLIAPALI,15
Boudh,KANTAMAL,BARAGOAN,KUMEL BANDH,14
Boudh,KANTAMAL,BARAGOAN,KUMELBANDH,1
Boudh,KANTAMAL,BARAGOAN,LABARKANI,13
Boudh,KANTAMAL,BARAGOAN,LOISINGHA,7
Boudh,KANTAMAL,BARAGOAN,MAHIBILA,14
Boudh,KANTAMAL,BARAGOAN,MALIKUD,7
Boudh,KANTAMAL,BARAGOAN,MALIKUDA,2
Boudh,KANTAMAL,BARAGOAN,NENDRIMAL,3
Boudh,KANTAMAL,BARAGOAN,PADHEL,3
Boudh,KANTAMAL,BARAGOAN,PARBATIPUR,14
Boudh,KANTAMAL,BARAGOAN,PUTAKETA,60
Boudh,KANTAMAL,BARAGOAN,SAURIBANGES,20
Boudh,KANTAMAL,BARAGOAN,SIMILIJORA,2
Boudh,KANTAMAL,BARAGOAN,SURKAPANGA,2
Boudh,KANTAMAL,BARAGOAN,UTURLA,10
Boudh,KANTAMAL,BARAGOCHHA,GAMBHARIPADAR,2
Boudh,KANTAMAL,BARAGOCHHA,GHORELEMUNDA,2
Boudh,KANTAMAL,DAPALA,TOKEIPALI,3
Boudh,KANTAMAL,GHANTAPADA,BADABAHAL,4
Boudh,KANTAMAL,GHANTAPADA,BAGHIA,5
Boudh,KANTAMAL,GHANTAPADA,GHANTAPADA,12
Boudh,KANTAMAL,GHANTAPADA,LANDAPADAR,4
Boudh,KANTAMAL,GHANTAPADA,NARAYANPALI,18
Boudh,KANTAMAL,GHANTAPADA,REKDOL,3
Boudh,KANTAMAL,GHANTAPADA,SANATANDAMUNDA,1
Boudh,KANTAMAL,GHANTAPADA,TALABEDA,1
Boudh,KANTAMAL,GHANTAPADA,TAMBASENA,2
Boudh,KANTAMAL,KHAMANAMUNDA,GUNDUCHITARA,36
Boudh,KANTAMAL,KHAMANMUNDA,DEOGAON,15
Boudh,KANTAMAL,KHAMANMUNDA,GUNCHITARA,32
Boudh,KANTAMAL,KHAMANMUNDA,GUNCHITRA,50
Boudh,KANTAMAL,KHAMANMUNDA,GUNJARMAL,12
Boudh,KANTAMAL,KHAMANMUNDA,GUNUCHITARA,1
Boudh,KANTAMAL,KHAMANMUNDA,GUNUCHITRA,70
Boudh,KANTAMAL,KHAMANMUNDA,KHAMANMUNDA,3
Boudh,KANTAMAL,KHAMANMUNDA,LANDABAHAL,9
Boudh,KANTAMAL,KHMANMUNDA,DIGUNMAL,1
Boudh,KANTAMAL,KHUNTAGORA,UDER,1
Boudh,KANTAMAL,KHUNTIGORA,ASREGOAN,9
Boudh,KANTAMAL,KHUNTIGORA,BANDHAGORA,4
Boudh,KANTAMAL,KHUNTIGORA,BARDIBAHAL,3
Boudh,KANTAMAL,KHUNTIGORA,GOCHHAGORA,2
Boudh,KANTAMAL,KHUNTIGORA,KACHHARPALI,3
Boudh,KANTAMAL,KHUNTIGORA,KENDUBEDA,22
Boudh,KANTAMAL,KHUNTIGORA,KHAIRMAL,1
Boudh,KANTAMAL,KHUNTIGORA,MASINAGORA,4
Boudh,KANTAMAL,KHUNTIGORA,PRATIMAL,11
Boudh,KANTAMAL,KHUNTIGORA,RUGUDIPALI,8
Boudh,KANTAMAL,KHUNTIGORA,SANAKALARAKHUNTA,3
Boudh,KANTAMAL,KHUNTIGORA,SANAKALARAKOTHA,4
Boudh,KANTAMAL,KHUNTIGORA,SUKHAMUNDA,5
Boudh,KANTAMAL,KHUNTIGORA,UDER,9
Boudh,KANTAMAL,KHUTIGORA,MASINAGORA,7
Boudh,KANTAMAL,KHUTIGORA,UDER,8
Boudh,KANTAMAL,KHUTIGORA,UNDER,1
Boudh,KANTAMAL,KULATAJORE,MACHHIBANDHA,19
Boudh,KANTAMAL,KULTAJOR,RABANAGODA,6
Boudh,KANTAMAL,KULTAJORA,DEULI,1
Boudh,KANTAMAL,KULTAJORA,GUNJERMAL,3
Boudh,KANTAMAL,KULTAJORA,MACHIBANDHA,9
Boudh,KANTAMAL,KULTAJORA,NUAPALI,4
Boudh,KANTAMAL,KULTAJORA,PITABAHAL,1
Boudh,KANTAMAL,KULTAJORE,GIDHAMAL,24
Boudh,KANTAMAL,KULTAJORE,KEUTIPALI,9
Boudh,KANTAMAL,KULTAJORE,KULTAJORE,10
Boudh,KANTAMAL,KULTAJORE,NUAPALI,18
Boudh,KANTAMAL,KULTAJORE,RABANGUDA,17
Boudh,KANTAMAL,N. PRASAD,LANDANPADA,14
Boudh,KANTAMAL,N. PRASAD,RINGAPADA,10
Boudh,KANTAMAL,N. PRASAD,SARASURA,4
Boudh,KANTAMAL,N. PRASAD,SILEIMAL,24
Boudh,KANTAMAL,N. PRASAD,SODALANDNPADA,17
Boudh,KANTAMAL,N.PRASAD,ANUGUBA,8
Boudh,KANTAMAL,N.PRASAD,BURNASUL,4
Boudh,KANTAMAL,N.PRASAD,SADALANDNAPADA,2
Boudh,KANTAMAL,NARAYAN PARASAD,ANUGUVA,14
Boudh,KANTAMAL,NARAYAN PARASAD,BARNASUL,1
Boudh,KANTAMAL,NARAYAN PARASAD,RINGAPADA,4
Boudh,KANTAMAL,NARAYAN PARASAD,SANASURA,1
Boudh,KANTAMAL,NARAYAN PARASAD,SILEIMAL,11
Boudh,KANTAMAL,NARAYAN PARSAD,ANGUBA,10
Boudh,KANTAMAL,NARAYAN PARSAD,BADAASUR,11
Boudh,KANTAMAL,NARAYAN PARSAD,BARNASUL,3
Boudh,KANTAMAL,NARAYAN PARSAD,GAJAMARA,2
Boudh,KANTAMAL,NARAYAN PARSAD,LUNDRU,17
Boudh,KANTAMAL,NARAYAN PARSAD,PALINKIBAHAL,6
Boudh,KANTAMAL,NARAYAN PARSAD,SANASUR,4
Boudh,KANTAMAL,NARAYAN PARSAD,SELEIMAL,14
Boudh,KANTAMAL,NARAYANA PRASAD,BADA ASUR,8
Boudh,KANTAMAL,NARAYANA PRASAD,BHANJIBEDA,9
Boudh,KANTAMAL,NARAYANA PRASAD,GUDAMENDA,20
Boudh,KANTAMAL,NARAYANA PRASAD,LUNDRU BAHAL,8
Boudh,KANTAMAL,NARAYANA PRASAD,NARAYANA PRASAD,20
Boudh,KANTAMAL,NARAYANPRASAD,BARNASUL,4
Boudh,KANTAMAL,NARAYANPRASAD,PANDARAPITA,55
Boudh,KANTAMAL,NARAYANPRASAD,RINGAPADA,36
Boudh,KANTAMAL,NARAYANPRASAD,SAMAKUPA,4
Boudh,KANTAMAL,NARAYANPRASAD,SELEIMAL,6
Boudh,KANTAMAL,SAGADA,GOPIGAON,2
Boudh,KANTAMAL,SAGADA,KANAGUN,3
Boudh,KANTAMAL,SAGADA,KURUMUNDA,9
Boudh,KANTAMAL,UMA,FATAMUNDA,6
Boudh,KANTAMAL,UMA,GUDMENDA,2
Boudh,KANTAMAL,UMA,KACHERMAL,12
Boudh,KANTAMAL,UMA,KACHETMAL,15
Boudh,KANTAMAL,UMA,PHATAMUNDA,12
Boudh,KANTAMAL,UMA,PHULABAHAL,10
Boudh,KANTAMAL,UMA,UMA,5
Cuttackk,ATHAGARH,DHAIPUR,LAXMINARAYANAPUR,21
Cuttackk,ATHAGARH,GHANTIKHAL,-CDHOA-NDRABALISHYAMPU,1
Cuttackk,ATHAGARH,GHANTIKHAL,R,8
Cuttackk,ATHAGARH,GHANTIKHAL,RAMASHYAMPUR,6
Cuttackk,ATHAGARH,GOBARA,"BHAGUA,",45
Cuttackk,ATHAGARH,GOBARA,RAJABALAVAPUR,1
Cuttackk,ATHAGARH,GOBARA,"RAJABALLAVEPUR,",1
Cuttackk,ATHAGARH,GOBARA,RAJABALLAVPUR,11
Cuttackk,ATHAGARH,GRAM PANCHAYAT,ORADA,37
Cuttackk,ATHAGARH,GRAM PANCHAYAT,SARASWATIPUR,23
Cuttackk,ATHAGARH,GRAM PANCHAYAT,VILLAGE,122
Cuttackk,ATHAGARH,GURUDIJHATIA,BAGHABINDHA,13
Cuttackk,ATHAGARH,GURUDIJHATIA,DABAGADIA,9
Cuttackk,ATHAGARH,GURUDIJHATIA,KANDAMUGURI,1
Cuttackk,ATHAGARH,GURUDIJHATIA,KOLATHAPANGI(DERA),18
Cuttackk,ATHAGARH,GURUDIJHATIA,SAURIA,9
Cuttackk,ATHAGARH,KANDAREI,(RADHAKRUSHNAPUR)PA DAPATHARA,5
Cuttackk,ATHAGARH,KANDAREI,KAIMATI,13
Cuttackk,ATHAGARH,KANDAREI,MUSULIA,24
Cuttackk,ATHAGARH,KANDAREI,PADAPATHARA,13
Cuttackk,ATHAGARH,KANDAREI,RADHAKRUSHNAPUR(M USULIA),24
Cuttackk,ATHAGARH,KANDAREI,RADHAKRUSHNAPUR(PA DAPATHARA),19
Cuttackk,ATHAGARH,KANDAREI,SADAK SAHI,24
Cuttackk,ATHAGARH,KHUNTUNI,NRUSINGHAPUR,36
Cuttackk,ATHAGARH,MAHAKALABASTA,MADHABAPUR,12
Cuttackk,BADAMBA,"ARANDA,",BADAKAMBILO,46
Cuttackk,BADAMBA,BADAKAMBILO,KADAMAPAL,9
Cuttackk,BADAMBA,BADAKAMBILO,KUSAPAL,13
Cuttackk,BADAMBA,"BADAKAMBILO,","DANDAKHUMBA,",6
Cuttackk,BADAMBA,BUDHAPANK,KUANRPALA,28
Cuttackk,BADAMBA,CHHANCHUNIA,BADAKAMBILO,45
Cuttackk,BADAMBA,DASARATHIPUR,KHARODA,32
Cuttackk,BADAMBA,GRAM PANCHAYAT,VILLAGE,57
Cuttackk,BADAMBA,MANDIAPALI,MANDIAPALI,9
Cuttackk,BADAMBA,TINIGHARIA,TINIGHARIA,22
Cuttackk,BANKI,BANIA,KARADAPALI,5
Cuttackk,BANKI,GRAM PANCHAYAT,VILLAGE,3
Cuttackk,BANKI,PUICHA,GAHIRAGADIA,4
Cuttackk,BANKI-DOMPADA,GRAM PANCHAYAT,VILLAGE,12
Cuttackk,BANKI-DOMPADA,NANDAPUR,TALABASTA,39
Cuttackk,BLOCK,GRAM PANCHAYAT,VILLAGE,34
Cuttackk,NARSINGHPUR,BADABHUIN,BADABHUIN,20
Cuttackk,NARSINGHPUR,BADABHUIN,NANDAGOLA,2
Cuttackk,NARSINGHPUR,BARASINGA,BARASINGA,12
Cuttackk,NARSINGHPUR,BHAGATPUR,BHAGATPUR,23
Cuttackk,NARSINGHPUR,BORUSA,BORUSA,10
Cuttackk,NARSINGHPUR,DEBABHIN,BAHADA,9
Cuttackk,NARSINGHPUR,DEBABHIN,KANDHABADABHIN,15
Cuttackk,NARSINGHPUR,DEBABHIN,KHARUANI,15
Cuttackk,NARSINGHPUR,DEBABHUIN,BENIPATHARA,17
Cuttackk,NARSINGHPUR,DEBABHUIN,BHUSKA,4
Cuttackk,NARSINGHPUR,DEBABHUIN,BRAHMANI,21
Cuttackk,NARSINGHPUR,DEBABHUIN,DALAKA,15
Cuttackk,NARSINGHPUR,DEBABHUIN,DEBABHUIN,7
Cuttackk,NARSINGHPUR,DEBABHUIN,"KANDHADEBABHUIN,",19
Cuttackk,NARSINGHPUR,DEBABHUIN,KARABIRA,9
Cuttackk,NARSINGHPUR,DEBABHUIN,NUAGADA,3
Cuttackk,NARSINGHPUR,DEBABHUIN,SERAMUNDA,10
Cuttackk,NARSINGHPUR,GRAM PANCHAYAT,VILLAGE,63
Cuttackk,NARSINGHPUR,GUPTAMANIKA,GUPTAMANIKA,14
Cuttackk,NARSINGHPUR,JAYADAMODARPUR,JAYADAMODARPUR,11
Cuttackk,NARSINGHPUR,JAYAPUR,JAYAPUR,4
Cuttackk,NARSINGHPUR,JHAJIBANDHA,JHAJIBANDHA,2
Cuttackk,NARSINGHPUR,"KANDAL, DEBABHUIN","KANDAL, DEBABHUIN",18
Cuttackk,NARSINGHPUR,KANSAILO,KANSAILO,1
Cuttackk,NARSINGHPUR,KHOLA,KHOLA,3
Cuttackk,NARSINGHPUR,NUABHUIN,NUABHUIN,8
Cuttackk,NARSINGHPUR,OLABA,OLABA,9
Cuttackk,NARSINGHPUR,OSTAPAL,OSTAPAL,1
Cuttackk,NARSINGHPUR,PANCHAGOCHI,PANCHAGOCHI,5
Cuttackk,NARSINGHPUR,PATRABHAGA,PATRABHAGA,7
Cuttackk,NARSINGHPUR,SIMILIBOLA,SIMILIBOLA,15
Cuttackk,NARSINGHPUR,TALAPUNGI,TALAPUNGI,15
Cuttackk,TANGI-CHOUDWAR,"AT- KOCHILANUAGAON,",MANGARAJPUR,11
Cuttackk,TANGI-CHOUDWAR,BADAPOKHARI,BHAGATPUR,11
Cuttackk,TANGI-CHOUDWAR,BERHAMPURA,KAMANGA,18
Cuttackk,TANGI-CHOUDWAR,BHAGARPUR,CHARIGHARIA,37
Cuttackk,TANGI-CHOUDWAR,"BHAGARPUR,",CHARIGHARIA,2
Cuttackk,TANGI-CHOUDWAR,GARUDAGAON,GARUDAGAON,23
Cuttackk,TANGI-CHOUDWAR,GARUDAGAON,KUSAPADA,15
Cuttackk,TANGI-CHOUDWAR,GAURDAGAON,CHANDANPUR,13
Cuttackk,TANGI-CHOUDWAR,GAURDAGAON,TANGI-CHOUDWAR,25
Cuttackk,TANGI-CHOUDWAR,GRAM PANCHAYAT,VILLAGE,72
Cuttackk,TANGI-CHOUDWAR,KOCHILANUAGAON,MANGARAJPUR,2
Cuttackk,TANGI-CHOUDWAR,MANGARAJPUR,KOCHILANUAGAON,9
Cuttackk,TANGI-CHOUDWAR,MANGARAJPUR,RAMACHANDRAPUR,18
Cuttackk,TANGI-CHOUDWAR,RAMACHANDRAPUR,MANGARAJPUR,5
Cuttackk,TANGI-CHOUDWAR,"RAMACHANDRAPUR,",MANGARAJPUR,1
Cuttackk,TANGI-CHOUDWAR,SAFA,ABHAYAPUR,29
Cuttackk,TANGI-CHOUDWAR,SAFA,ABHYAPUR,3
Cuttackk,TANGI-CHOUDWAR,SAFA,BHAGATPUR,1
Cuttackk,TANGI-CHOUDWAR,SANKARPUR,MACHAPANGI,21
Cuttackk,TANGI-CHOUDWAR,SHANKARPUR,AMBILIJAHRI,7
Cuttackk,TIGIRIA,"BHAGARPUR,",CHARIGHARIA,24
Deogarh,BARKOTE,BALLAM,BALLAM,52
Deogarh,BARKOTE,BALLAM,CHHURIABAHAL,32
Deogarh,BARKOTE,BALLAM,GAUDNALI,17
Deogarh,BARKOTE,BALLAM,NUAGAON,48
Deogarh,BARKOTE,BAMPARADA,BIDEIBADKUDAR,13
Deogarh,BARKOTE,BAMPARADA,BUDHAKHAMAN,3
Deogarh,BARKOTE,BAMPARADA,MAHULDIHI,17
Deogarh,BARKOTE,BAMPARADA,NETRABAHAL,20
Deogarh,BARKOTE,BAMPARADA,PATRAPALI,21
Deogarh,BARKOTE,BASALOI,GARIAPOSI,37
Deogarh,BARKOTE,BASALOI,KALKATH,20
Deogarh,BARKOTE,BASALOI,KUNDAPITHA,26
Deogarh,BARKOTE,BIJAYNAGAR,AANLAPOSI,1
Deogarh,BARKOTE,BIJAYNAGAR,CHANDANKHUNTI,12
Deogarh,BARKOTE,BIJAYNAGAR,GHURUDUKHAMAN,17
Deogarh,BARKOTE,BIJAYNAGAR,GOPALPALI,38
Deogarh,BARKOTE,BIJAYNAGAR,KAUNSIBAHAL,9
Deogarh,BARKOTE,BRAHMANIDEI,BRAHMANIDEI,2
Deogarh,BARKOTE,DANDASINGHA,DANDASINGHA,12
Deogarh,BARKOTE,DANDASINGHA,RENGALBAHAL,11
Deogarh,BARKOTE,DANRA,CHAKADIHI,17
Deogarh,BARKOTE,DANRA,JHUMPARA,8
Deogarh,BARKOTE,DANTARIBAHAL,BADBAHAL,44
Deogarh,BARKOTE,DANTARIBAHAL,BRUNDABANPUR,37
Deogarh,BARKOTE,DANTARIBAHAL,CHAITANPALI,21
Deogarh,BARKOTE,DANTARIBAHAL,NAGADIHI,21
Deogarh,BARKOTE,DANTARIBAHAL,UTUNIAMUNDA,44
Deogarh,BARKOTE,GOLABANDHA,DEHURIMUNDA,10
Deogarh,BARKOTE,GOLABANDHA,GOLABANDHA,15
Deogarh,BARKOTE,GURUSANG,BAIDHARNAGAR,55
Deogarh,BARKOTE,GURUSANG,DEPATALA,25
Deogarh,BARKOTE,GURUSANG,GURUSANG,80
Deogarh,BARKOTE,GURUSANG,RATAB,45
Deogarh,BARKOTE,JHARAKANDHAL,GURUJANG,6
Deogarh,BARKOTE,JHARAKANDHAL,JHARAKANDHAL,7
Deogarh,BARKOTE,JHARAKANDHAL,KHULUNDIKUDAR,9
Deogarh,BARKOTE,JHARAKANDHAL,PURUNAPANI,4
Deogarh,BARKOTE,KADOPADA,BRAHMANIDEI,11
Deogarh,BARKOTE,KADOPADA,MASINITA,20
Deogarh,BARKOTE,KALIAPAL,BHITARBEDA,9
Deogarh,BARKOTE,KALIAPAL,BUDHABHUIN,16
Deogarh,BARKOTE,KALIAPAL,JALISUAN,17
Deogarh,BARKOTE,KALIAPAL,KALIAPAL,21
Deogarh,BARKOTE,KALIAPAL,PACHERIPANI,71
Deogarh,BARKOTE,KALIAPAL,TALABAHALI,46
Deogarh,BARKOTE,KANDHAL,BAGHAMUNDA,44
Deogarh,BARKOTE,KANDHAL,BUDHIBAHAL,21
Deogarh,BARKOTE,KANDHAL,KANDHAL,4
Deogarh,BARKOTE,KANTAPALI,BHIMAGANJA,16
Deogarh,BARKOTE,KANTAPALI,DIMIRIPASI,35
Deogarh,BARKOTE,KANTAPALI,GOBINDPALI,3
Deogarh,BARKOTE,KANTAPALI,KANTAPALI,9
Deogarh,BARKOTE,KANTAPALI,TALAKHALI,12
Deogarh,BARKOTE,KAUNSIBAHAL,JARICHAKUNDAPAL,26
Deogarh,BARKOTE,KAUNSIBAHAL,NALABANDHA,16
Deogarh,BARKOTE,KAUNSIBAHAL,POIPANI,6
Deogarh,BARKOTE,KELDA,CHAPABAHAL,9
Deogarh,BARKOTE,KELDA,HARIHARPUR,22
Deogarh,BARKOTE,KELDA,KELDA,41
Deogarh,BARKOTE,KELDA,RABANKUCHA,11
Deogarh,BARKOTE,KELDA,RATANPALI,10
Deogarh,BARKOTE,KELDA,SALOHI,4
Deogarh,BARKOTE,KELDA,SIBAPALI,19
Deogarh,BARKOTE,RAITABAHAL,TELIMUNDA,12
Deogarh,BARKOTE,RAMBHEI,BRAHMANIMAL,39
Deogarh,BARKOTE,RAMBHEI,KHAJURIBAHAL,10
Deogarh,BARKOTE,RAMBHEI,RAMBHEI,48
Deogarh,BARKOTE,RAMBHEI,SAN SIRADIHA,15
Deogarh,BARKOTE,RAMBHEI,SIRADIHI,22
Deogarh,BARKOTE,RAMBHEI,SIRGIDA,37
Deogarh,BARKOTE,SAIDA,DEBICHUAN KATEI,1
Deogarh,BARKOTE,SAIDA,RUGUDAKUDAR,81
Deogarh,BARKOTE,SAIDA,SHARANKOT,27
Deogarh,BARKOTE,SARUALI,BALDIHI,20
Deogarh,BARKOTE,SARUALI,KHUNTADIHI,28
Deogarh,BARKOTE,SARUALI,MARHA,12
Deogarh,BARKOTE,SARUALI,OUTTAL,13
Deogarh,BARKOTE,SARUALI,SARUALI,126
Deogarh,BARKOTE,SARUALI,TAINSIRA,98
Deogarh,BARKOTE,SINGHSAL,AMBGAON,9
Deogarh,BARKOTE,SINGHSAL,GHANTIPASI,4
Deogarh,BARKOTE,SINGHSAL,JAGANNATHAPUR,18
Deogarh,BARKOTE,SINGHSAL,MASINTA,48
Deogarh,BLOCK,GRAM PANCHAYAT,VILLAGE,177
Deogarh,REAMAL,ADAS,ANDHARIKHOL,40
Deogarh,REAMAL,ADAS,ANLAKULI,7
Deogarh,REAMAL,ADAS,BAILADIHI,14
Deogarh,REAMAL,ADAS,JULANI,30
Deogarh,REAMAL,ADAS,RATAKHANDI,18
Deogarh,REAMAL,ADAS,SIARIA,17
Deogarh,REAMAL,BAGHBAR,BAGHBAR,12
Deogarh,REAMAL,BUDIDO,BADKANKARKHOL,31
Deogarh,REAMAL,BUDIDO,MADHAPALI,6
Deogarh,REAMAL,GUNDIAPALI,BAISYAPADA,20
Deogarh,REAMAL,GUNDIAPALI,BARADATAILA,59
Deogarh,REAMAL,GUNDIAPALI,BASANTAPUR,77
Deogarh,REAMAL,GUNDIAPALI,BEGUNIANALI,19
Deogarh,REAMAL,GUNDIAPALI,BILEIGHATI,7
Deogarh,REAMAL,GUNDIAPALI,GUNDIA PALI,29
Deogarh,REAMAL,GUNDIAPALI,PENDRAKHOL,24
Deogarh,REAMAL,GUNDIAPALI,RATNAKHALINALI,2
Deogarh,REAMAL,KANTABAHAL,BRAHMANIPALI,20
Deogarh,REAMAL,KANTABAHAL,GOHIDA,41
Deogarh,REAMAL,KANTABAHAL,JAMBUNALI,24
Deogarh,REAMAL,KANTABAHAL,KANTABAHAL,22
Deogarh,REAMAL,KANTABAHAL,RATAKHANDI,20
Deogarh,REAMAL,KANTABAHAL,SATAKIARI,2
Deogarh,REAMAL,KARLAGA,CHHALAK,33
Deogarh,REAMAL,KHILEI,CHAKRADHARPUR,14
Deogarh,REAMAL,KHILEI,KHILEI,49
Deogarh,REAMAL,KHILEI,SIARIMALIA,37
Deogarh,REAMAL,KHILEI,TAIEISAR,22
Deogarh,REAMAL,KOLHABASA,CHADAKMARA,11
Deogarh,REAMAL,KOLHABASA,CHIRGUNIKUDAR,30
Deogarh,REAMAL,KOLHABASA,JUALIBHANGA,8
Deogarh,REAMAL,KOLHABASA,KOLHABASA,43
Deogarh,REAMAL,KUNDHEIGOLA,KHANDADHUAN,16
Deogarh,REAMAL,KUNDHEIGOLA,MAMURIKHOL,16
Deogarh,REAMAL,KUNDHEIGOLA,PANCHMAHALA,49
Deogarh,REAMAL,LULANG,AMBAKHOL,45
Deogarh,REAMAL,LULANG,BURBUDA,18
Deogarh,REAMAL,LULANG,KHENDIAMUNDA,24
Deogarh,REAMAL,LULANG,KORADKHOL,16
Deogarh,REAMAL,LULANG,LULANG,14
Deogarh,REAMAL,LULANG,PANAKIJHARAN,40
Deogarh,REAMAL,LULANG,SIMILIHATA,29
Deogarh,REAMAL,LULANG,SIMILITA,23
Deogarh,REAMAL,LULANG,SINDURAKHOL,30
Deogarh,REAMAL,NUADIHI,BHALUCHABA,34
Deogarh,REAMAL,NUADIHI,MAHASINDHU,118
Deogarh,REAMAL,NUADIHI,MALARBAHAL,17
Deogarh,REAMAL,PARA,AMBACHUAN,13
Deogarh,REAMAL,PARA,DHAURAKHAMAN,12
Deogarh,REAMAL,RENGALBEDA,CHACHHUPALI,43
Deogarh,REAMAL,TABADA,BAGHIABANDHA,21
Deogarh,REAMAL,TABADA,BIJABERENI,14
Deogarh,REAMAL,TARANG,NARSINGTAILA,36
Deogarh,REAMAL,TARANG,TARANG,3
Deogarh,REAMAL,TENTALABAHAL,SADHUPALI,44
Deogarh,REAMAL,TENTALABAHAL,TENTALABAHAL,28
Deogarh,REAMAL,TINKBIR,BARADATAILA,32
Deogarh,REAMAL,TINKBIR,CHANDPASI,18
Deogarh,REAMAL,TINKBIR,CHAUNRIADHIPA,14
Deogarh,REAMAL,TINKBIR,JARITAILA,22
Deogarh,REAMAL,TINKBIR,KAMALIBANDH,32
Deogarh,REAMAL,TUHILAMAL,JADAGOLA,17
Deogarh,REAMAL,TUNGAMAL,JHARADIHI,30
Deogarh,REAMAL,UTUNIA,GODAMAL,61
Deogarh,REAMAL,UTUNIA,HADSANGHAR,16
Deogarh,TILEIBANI,BADCHHAPAL,BADCHHAPAL,17
Deogarh,TILEIBANI,BADCHHAPAL,TIRIB,18
Deogarh,TILEIBANI,BANIAKILINDA,BRAJAMOHANPUR,2
Deogarh,TILEIBANI,BANIAKILINDA,GAJARIBANI,17
Deogarh,TILEIBANI,BANIAKILINDA,KALAMATI,23
Deogarh,TILEIBANI,BANIAKILINDA,KHANDADHUAN,18
Deogarh,TILEIBANI,BANIAKILINDA,PODAPADA,5
Deogarh,TILEIBANI,BANIAKILINDA,SUNAMUNDA,22
Deogarh,TILEIBANI,CHHEPILIPALI,DANARDANPALI,57
Deogarh,TILEIBANI,CHHEPLIPALI,DANARDANPALI,34
Deogarh,TILEIBANI,CHHEPLIPALI,GADPAL,24
Deogarh,TILEIBANI,CHHEPLIPALI,KADALIPAL,17
Deogarh,TILEIBANI,CHHEPLIPALI,KADAMDARHA,9
Deogarh,TILEIBANI,CHHEPLIPALI,KUDANALI,16
Deogarh,TILEIBANI,DHOLPADA,HETKHAMAR,59
Deogarh,TILEIBANI,DHOLPADA,KUMURAPALI,35
Deogarh,TILEIBANI,DHOLPADA,MENJARIBAHAL,11
Deogarh,TILEIBANI,DHOLPADA,NIRGUNIPALI,28
Deogarh,TILEIBANI,DIMIRIKUDA,BUDHIKUTUNI,17
Deogarh,TILEIBANI,DIMIRIKUDA,CHHELIAMENDHIA,8
Deogarh,TILEIBANI,DIMIRIKUDA,DHOBAKATA,44
Deogarh,TILEIBANI,DIMIRIKUDA,DIMIRIKUDA,48
Deogarh,TILEIBANI,DIMIRIKUDA,DUDHAPOSI,26
Deogarh,TILEIBANI,DIMIRIKUDA,LUDHAR,59
Deogarh,TILEIBANI,DIMIRIKUDA,POHALAMARA,24
Deogarh,TILEIBANI,DIMIRIKUDA,RANIGOLA,11
Deogarh,TILEIBANI,DIMIRIKUDA,SAHAJBAHAL,1
Deogarh,TILEIBANI,DUDHIANALI,AMBAGHAT,46
Deogarh,TILEIBANI,DUDHIANALI,AMBULPANI,23
Deogarh,TILEIBANI,DUDHIANALI,DUDHIANALI,44
Deogarh,TILEIBANI,DUDHIANALI,JAMUNALI,23
Deogarh,TILEIBANI,DUDHIANALI,KANTEIKOLI,27
Deogarh,TILEIBANI,DUDHIANALI,KHAJURIDARHA,86
Deogarh,TILEIBANI,DUDHIANALI,MUNDAGOHIRA,52
Deogarh,TILEIBANI,DUDHIANALI,PANKADARHA,18
Deogarh,TILEIBANI,DUDHIANALI,TALABAHALI,27
Deogarh,TILEIBANI,DUDHIANALI,TENTALOI,27
Deogarh,TILEIBANI,GANDAM,BHALUCHUAN,7
Deogarh,TILEIBANI,GANDAM,GANDAM,18
Deogarh,TILEIBANI,GANDAM,GANGAJAL,28
Deogarh,TILEIBANI,GANDAM,KHOLDIHI,10
Deogarh,TILEIBANI,GANDAM,TELIKUSUM,33
Deogarh,TILEIBANI,GANDAM,YOGIBEGUNIA,15
Deogarh,TILEIBANI,JHARAGOGUA,DEOSINKILI,22
Deogarh,TILEIBANI,JHARAGOGUA,GAILO,81
Deogarh,TILEIBANI,JHARAGOGUA,HARIDABAHAL,21
Deogarh,TILEIBANI,JHARAGOGUA,JHARAGOGUA,74
Deogarh,TILEIBANI,JHARAGOGUA,RAITAL,8
Deogarh,TILEIBANI,JHARAGOGUA,TILEIMAL,34
Deogarh,TILEIBANI,JHARMUNDA,CHANDIPOSI,34
Deogarh,TILEIBANI,JHARMUNDA,DENGURJOR,78
Deogarh,TILEIBANI,JHARMUNDA,KADALIMUNDA,13
Deogarh,TILEIBANI,KALANDA,BASUDEBPUR,24
Deogarh,TILEIBANI,KALANDA,CHADAKMARA,32
Deogarh,TILEIBANI,KANSAR,BIRIAM,30
Deogarh,TILEIBANI,KANSAR,HIRAN,39
Deogarh,TILEIBANI,KANSAR,JASOBANTAPUR,16
Deogarh,TILEIBANI,KANSAR,KANSAR,23
Deogarh,TILEIBANI,KANSAR,LAINDA,17
Deogarh,TILEIBANI,KANSAR,PALUNIPADA,87
Deogarh,TILEIBANI,KANSAR,TERENDAKATA,45
Deogarh,TILEIBANI,KENDEIJURI,ASANALATA,14
Deogarh,TILEIBANI,KENDEIJURI,BALITA,11
Deogarh,TILEIBANI,KENDEIJURI,BENDANTARBAHAL,11
Deogarh,TILEIBANI,KENDEIJURI,GUNDEIMARA,54
Deogarh,TILEIBANI,KENDEIJURI,KATANGPANI,19
Deogarh,TILEIBANI,KENDEIJURI,KENDEIJURI,19
Deogarh,TILEIBANI,KENDEIJURI,MAHENDRAPUR,11
Deogarh,TILEIBANI,KENDEIJURI,THELKOGUDI,23
Deogarh,TILEIBANI,LAIMURA,BHALUGUHA,27
Deogarh,TILEIBANI,LAIMURA,KANDARPA,6
Deogarh,TILEIBANI,LAIMURA,LAIMURA,25
Deogarh,TILEIBANI,LAIMURA,LAMBADURA,18
Deogarh,TILEIBANI,LAIMURA,NAGADO,9
Deogarh,TILEIBANI,LAIMURA,PANIBHANDAR,47
Deogarh,TILEIBANI,LAIMURA,SALOHI,70
Deogarh,TILEIBANI,LAIMURA,SURUPA,14
Deogarh,TILEIBANI,LAIMURA,TIPIRISINGA,15
Deogarh,TILEIBANI,PALKUDAR,DARICHARA,32
Deogarh,TILEIBANI,PALKUDAR,DHAURAKHAMAN,24
Deogarh,TILEIBANI,PALKUDAR,PALKUDAR,82
Deogarh,TILEIBANI,PALKUDAR,RIABAHAL,26
Deogarh,TILEIBANI,PALKUDAR,TALADIHI,26
Deogarh,TILEIBANI,PALKUDAR,UCHHABPALI,9
Deogarh,TILEIBANI,PARPOSI,CHILANTIKHOL,26
Deogarh,TILEIBANI,PARPOSI,DURIJUNGLE,36
Deogarh,TILEIBANI,PARPOSI,JAGANNATHAPUR,1
Deogarh,TILEIBANI,PARPOSI,KASARLOI,22
Deogarh,TILEIBANI,PARPOSI,RUKUDA,43
Deogarh,TILEIBANI,PARPOSI,SAMASINGHA,18
Deogarh,TILEIBANI,PARPOSI,TASARDA,22
Deogarh,TILEIBANI,SADO,BELUAM,14
Deogarh,TILEIBANI,SADO,DANGAPATHAR,35
Deogarh,TILEIBANI,SADO,GURULIA,21
Deogarh,TILEIBANI,SADO,KALCHIPODADIHI,40
Deogarh,TILEIBANI,SADO,KHAMARBAHAL,24
Deogarh,TILEIBANI,SADO,PATRAJHARI,26
Deogarh,TILEIBANI,SADO,SADO,25
Deogarh,TILEIBANI,SADO,TULUBDIHI,17
Deogarh,TILEIBANI,SUGUDA,GUNDURIPASI,21
Deogarh,TILEIBANI,SUGUDA,SUGUDA,1
Deogarh,TILEIBANI,TAINSAR,CHANDANKUNTI,8
Deogarh,TILEIBANI,TAINSAR,JHALIAMARA,20
Deogarh,TILEIBANI,TAINSAR,KAILASH,32
Deogarh,TILEIBANI,TAINSAR,KUREINBAHAL,19
Deogarh,TILEIBANI,TAINSAR,SUKHAPADAN,12
Deogarh,TILEIBANI,TAINSAR,TAINSAR,17
Deogarh,TILEIBANI,TAINSAR,THALIPATHAR,15
Deogarh,TILEIBANI,TALKUNDI,DALAKBAHAL,1
Deogarh,TILEIBANI,TALKUNDI,DEOJHARAN,11
Deogarh,TILEIBANI,TALKUNDI,JHARPADA,10
Deogarh,TILEIBANI,TALKUNDI,MAHULDARH,13
Deogarh,TILEIBANI,TALKUNDI,NUTANKARDAPAL,30
Deogarh,TILEIBANI,TALKUNDI,SINDURKHOL,30
Deogarh,TILEIBANI,TALKUNDI,SRADHHAPUR,20
Deogarh,TILEIBANI,TALKUNDI,TIKILIJHARAN,28
Deogarh,TILEIBANI,TILEIBANI,BARAGADIA,16
Deogarh,TILEIBANI,TILEIBANI,BILEIGHATI,45
Deogarh,TILEIBANI,TILEIBANI,KARDAKHAMAN,80
Deogarh,TILEIBANI,TILEIBANI,PRAVASUNI,41
Deogarh,TILEIBANI,TILEIBANI,RAMCHANDRAPUR,14
Deogarh,TILEIBANI,TILEIBANI,TILEIBANI,2
Dhenkanal,BHUBAN,BHUSAL,KANCHANBAHALI,71
Dhenkanal,BHUBAN,DAYANABILI,CHHATIASAHI (KANHEIPAL),24
Dhenkanal,BHUBAN,DHALPADA,JORAGADIA,16
Dhenkanal,BHUBAN,DHALPADA,SENANDA,53
Dhenkanal,BHUBAN,ODISHA,ODISHA,41
Dhenkanal,BLOCK,GRAM PANCHAYAT,VILLAGE,130
Dhenkanal,DHENKANAL SADAR,CHAULIA,CHAULIA,75
Dhenkanal,DHENKANAL SADAR,MANIPUR,MANIPUR,58
Dhenkanal,DHENKANAL SADAR,SAPTASAJYA,KAMANING,32
Dhenkanal,DHENKANAL SADAR,SAPTASAJYA,SAPTASAJYA,119
Dhenkanal,DHENKANAL SADAR,SAPTASAJYA,SAPTASAJYA (BANASAHI),54
Dhenkanal,GONDIA,BEGA,BADAPOKHARIA,23
Dhenkanal,GONDIA,BEGA,BEGA,22
Dhenkanal,GONDIA,BEGA,GOTHATAILA,50
Dhenkanal,GONDIA,BEGA,KASHARADA,1
Dhenkanal,GONDIA,BEGA,NEHENGRA,112
Dhenkanal,GONDIA,BEGA,SRIMANTAPUR,17
Dhenkanal,GONDIA,KHANKIRA,GHORAGHARI,34
Dhenkanal,GONDIA,KHANKIRA,PHULJHAR,67
Dhenkanal,GONDIA,KHANKIRA,PIMPUDIA,73
Dhenkanal,GONDIA,MATHATENTULIA,NILAKANTHAPUR,45
Dhenkanal,GONDIA,MATHATENTULIA,NILAKANTHAPUR (JAMBU),164
Dhenkanal,GONDIA,PINGUA,BALIKIARI,80
Dhenkanal,GONDIA,SORISIAPADA,"CHATIGHAR, SORISAPADA",68
Dhenkanal,HINDOL,BAMPA,BRAHMANIPAL,4
Dhenkanal,HINDOL,BAUNSAPOKHARI,NUAKOT,31
Dhenkanal,HINDOL,DANDIRI,KANAKA,28
Dhenkanal,HINDOL,DANDIRI,KANAKA (MURUDA),8
Dhenkanal,HINDOL,DANDIRI,RAJANG,7
Dhenkanal,HINDOL,KANSARA,KANSARA,6
Dhenkanal,HINDOL,KHALIBOREI,GOBINDPUR,8
Dhenkanal,HINDOL,KHALIBOREI,GOVINDPUR,4
Dhenkanal,HINDOL,KHALIBOREI,KHALIBOREI,40
Dhenkanal,HINDOL,MADHAPUR,KUKUPANGI,1
Dhenkanal,HINDOL,NABAKISHOREPUR,KALIPOI,4
Dhenkanal,HINDOL,NABAKISHOREPUR,KAPISHAI,4
Dhenkanal,HINDOL,NIJIGARH,KANDHA,1
Dhenkanal,KAMAKHYANAGAR,BADASUANLO,LOKANATHAPUR,39
Dhenkanal,KAMAKHYANAGAR,BANKUALA,DANPASI,76
Dhenkanal,KAMAKHYANAGAR,BARUAN,BARUAN,22
Dhenkanal,KAMAKHYANAGAR,BARUAN,JHAJIRIBERENA,48
Dhenkanal,KAMAKHYANAGAR,BAUNSAPAL,BAUNSAPAL,50
Dhenkanal,KAMAKHYANAGAR,BHAERAPUR,BHAERAPUR,16
Dhenkanal,KAMAKHYANAGAR,BHAIRPUR,BHAIRPUR (DEULASAHI),29
Dhenkanal,KAMAKHYANAGAR,BHAIRPUR,KAINAGOTHA,16
Dhenkanal,KAMAKHYANAGAR,JIRIDAMALI,JIRIDAMALI,2
Dhenkanal,KAMAKHYANAGAR,KADUA,SAMATANGI,9
Dhenkanal,KAMAKHYANAGAR,KANPURA,BHALUMUNDA,24
Dhenkanal,KAMAKHYANAGAR,KANPURA,GUNDICHANALI,45
Dhenkanal,KAMAKHYANAGAR,KUSUMJODI,ALUAJHARANA,3
Dhenkanal,KAMAKHYANAGAR,MAHULPAL,BIJADIHI,50
Dhenkanal,KAMAKHYANAGAR,MAHULPAL,MARKATA,51
Dhenkanal,KAMAKHYANAGAR,MATHAKARGOLA,TANGARPADA,66
Dhenkanal,KAMAKHYANAGAR,MUKTAPASI,BADAMUKTAPASI,11
Dhenkanal,KAMAKHYANAGAR,SARUALI,KANDHABOL,35
Dhenkanal,KAMAKHYANAGAR,SARUALI,KHOKASA,26
Dhenkanal,KAMAKHYANAGAR,SARUALI,SARUALI,13
Dhenkanal,KANKADAHAD,AKHUAPAL,AKHUAPAL,18
Dhenkanal,KANKADAHAD,BADASUANLO,GODIPOKHARI,56
Dhenkanal,KANKADAHAD,BALIKUMA,BALIKUMA,106
Dhenkanal,KANKADAHAD,BALIKUMA,DAUNSANALI,99
Dhenkanal,KANKADAHAD,BALIKUMA,DHULIGOTHA,67
Dhenkanal,KANKADAHAD,BALIKUMA,KALASPUR,71
Dhenkanal,KANKADAHAD,BAM,BAM,186
Dhenkanal,KANKADAHAD,BAM,BAM (DOLIA),25
Dhenkanal,KANKADAHAD,BAM,DOLIA,14
Dhenkanal,KANKADAHAD,BAM,KAUSALYAPAL,50
Dhenkanal,KANKADAHAD,BAM,KIRTANPUR,60
Dhenkanal,KANKADAHAD,BAM,PATHARAGADA,132
Dhenkanal,KANKADAHAD,BATAGAN,BRAHMANIA,105
Dhenkanal,KANKADAHAD,BATAGAN,KHAJURIANALI,4
Dhenkanal,KANKADAHAD,BATAGAN,SAHALA,34
Dhenkanal,KANKADAHAD,BATAGAN,SUAGINALI,76
Dhenkanal,KANKADAHAD,BATAGOAN,TARINIPASI,114
Dhenkanal,KANKADAHAD,BIRASAL,BANDANIA,17
Dhenkanal,KANKADAHAD,BIRASAL,BIRASALA,93
Dhenkanal,KANKADAHAD,BIRASAL,KUSUMAGOTHA,17
Dhenkanal,KANKADAHAD,BIRASAL,PANASIA,33
Dhenkanal,KANKADAHAD,BIRASALA,BANDANIA,55
Dhenkanal,KANKADAHAD,BIRASALA,BANDHANIA,41
Dhenkanal,KANKADAHAD,BIRASALA,MAJHIPAL,100
Dhenkanal,KANKADAHAD,BUDHIBILI,BUDHIBIL,31
Dhenkanal,KANKADAHAD,BUDHIBILI,BUDHIBILI,31
Dhenkanal,KANKADAHAD,GARHPALASUNI,DANGAPAL,108
Dhenkanal,KANKADAHAD,GARHPALASUNI,KARADAKHAMAN,45
Dhenkanal,KANKADAHAD,GHAGARAMUNDA,BHEJIA,51
Dhenkanal,KANKADAHAD,GHAGARAMUNDA,KATUMUNDA,9
Dhenkanal,KANKADAHAD,GHAGARAMUNDA,KHANDA,28
Dhenkanal,KANKADAHAD,JAGANNATHPUR,BHALU TANGARA,74
Dhenkanal,KANKADAHAD,JHILI,JHILI,26
Dhenkanal,KANKADAHAD,JHILI,TAMPAI,39
Dhenkanal,KANKADAHAD,KALADA,KALADA,95
Dhenkanal,KANKADAHAD,KANDHAR,KANDHAR,22
Dhenkanal,KANKADAHAD,KANDHARA,KANDHARA,101
Dhenkanal,KANKADAHAD,KANKADAHAD,KALBUDHIA,15
Dhenkanal,KANKADAHAD,KANKADAHAD,KANKADAHAD,50
Dhenkanal,KANKADAHAD,KANKADAHAD,KHURIBHANGA,9
Dhenkanal,KANKADAHAD,KANKADAHAD,PATABEDA,52
Dhenkanal,KANKADAHAD,KANKADAHAD,RUPABEDA,24
Dhenkanal,KANKADAHAD,KANKADAHAD,SUNIA,16
Dhenkanal,KANKADAHAD,KANKADAHAD,SUNIA GANGAMUND,29
Dhenkanal,KANKADAHAD,KANTAPAL,ADHAPALI,22
Dhenkanal,KANKADAHAD,KANTAPAL,KANTAPAL,167
Dhenkanal,KANKADAHAD,KANTAPAL,PHULJHAR,69
Dhenkanal,KANKADAHAD,KANTAPAL,PHULJHARI,18
Dhenkanal,KANKADAHAD,KANTOL,BAIGANIPAL,24
Dhenkanal,KANKADAHAD,KANTOL,CHILDA,47
Dhenkanal,KANKADAHAD,KARADAPAL,KARADAPAL,25
Dhenkanal,KANKADAHAD,KARAGOLA,KARAGOLA,66
Dhenkanal,KANKADAHAD,KARAGOLA,KARGOLA,2
Dhenkanal,KANKADAHAD,KARGOLA,AKHUPAL,48
Dhenkanal,KANKADAHAD,KARGOLA,KARGOLA,34
Dhenkanal,KANKADAHAD,KARGOLA,SASAPASI,91
Dhenkanal,KANKADAHAD,KERJOLI,GHUTURI GAON,43
Dhenkanal,KANKADAHAD,KERJOLI,KERJOLI,70
Dhenkanal,KANKADAHAD,KERJOLI,RODANGA,85
Dhenkanal,KANKADAHAD,MAHABIROAD,KAIMATIA,14
Dhenkanal,KANKADAHAD,MAHABIROAD,MAHAVIROAD,60
Dhenkanal,KANKADAHAD,MAKUAKATENI,HALADI KUNDI,123
Dhenkanal,KANKADAHAD,MAKUAKATENI,KHAJURIA,125
Dhenkanal,KANKADAHAD,MAKUAKATENI,PATHARKATA,17
Dhenkanal,KANKADAHAD,MARUABILI,JHATIKIPASI,34
Dhenkanal,KANKADAHAD,MARUABILI,KAMPULEI,129
Dhenkanal,KANKADAHAD,MARUABILI,KAMPULEI NUASAHI,30
Dhenkanal,KANKADAHAD,MARUABILI,KANDAR,45
Dhenkanal,KANKADAHAD,MARUABILI,KANDARA,24
Dhenkanal,KANKADAHAD,MARUABILI,KHARKHARI,109
Dhenkanal,KANKADAHAD,MARUABILI,MARUABILI GODISAHI,21
Dhenkanal,KANKADAHAD,MARUABILI,PITALDHUA,68
Dhenkanal,KANKADAHAD,MARUABILI,SARIAN,28
Dhenkanal,KANKADAHAD,MARUABILI,SARION,37
Dhenkanal,KANKADAHAD,MARUABILI,SENDHASARA,23
Dhenkanal,KANKADAHAD,PANGATIRA,BRAHMANIDHARA,18
Dhenkanal,KANKADAHAD,PANGATIRA,KENDUMUNDA,22
Dhenkanal,KANKADAHAD,PANGATIRA,PANGATIRA,75
Dhenkanal,KANKADAHAD,RAIBOL,DENGABAHALI,61
Dhenkanal,KANKADAHAD,RAIBOL,KANKANA,48
Dhenkanal,KANKADAHAD,RAIBOL,SITALABASA,11
Dhenkanal,KANKADAHAD,RODANGA,RODANGA,79
Dhenkanal,ODAPADA,BALARAMPRASAD,SIRIDI,17
Dhenkanal,ODAPADA,DHALPUR,NIMIDHA,14
Dhenkanal,ODAPADA,GHATIPIRI,JARIPAL,18
Dhenkanal,ODAPADA,HINDOL ROAD,PODAPADA,24
Dhenkanal,ODAPADA,INDIPUR,INDIPUR,14
Dhenkanal,ODAPADA,KALANGA,DINABANDHUPUR,25
Dhenkanal,PARJANG,AKHUAPAL,MOHANAPASI,45
Dhenkanal,PARJANG,AKHUAPAL,MOHANPASI (RAIJHAR),13
Dhenkanal,PARJANG,AMBAPALAS,AMBAPALASA,83
Dhenkanal,PARJANG,BARIHAPUR,BARIHAPUR,21
Dhenkanal,PARJANG,KANKADASODA,KANKADASODA,83
Dhenkanal,PARJANG,KANKILI,KANKILI,27
Dhenkanal,PARJANG,KANKILI,VERUBANIA,41
Dhenkanal,PARJANG,KUMUSI,DOMUHANI,54
Ganjam,BEGUNIAPADA,CHANDANPUR,RAIPADA,37
Ganjam,BEGUNIAPADA,CHANDANPUR,SORADAPALLI,90
Ganjam,BEGUNIAPADA,KALIMEGHI,B.NUASAHI,15
Ganjam,BEGUNIAPADA,KALIMEGHI,BAIDIPADA,44
Ganjam,BEGUNIAPADA,KALIMEGHI,BANKIMAL,11
Ganjam,BEGUNIAPADA,KALIMEGHI,CHUNCHIPADA,1
Ganjam,BEGUNIAPADA,KALIMEGHI,JOKALUNDI,20
Ganjam,BEGUNIAPADA,KALIMEGHI,TELIMALA,15
Ganjam,BEGUNIAPADA,MARDMEKHA,BINCHA,8
Ganjam,BEGUNIAPADA,MARDMEKHA,D.NUASAHIA,4
Ganjam,BEGUNIAPADA,MARDMEKHA,DHABHABANIA,92
Ganjam,BEGUNIAPADA,MARDMEKHA,JANIBILI,41
Ganjam,BELAGUNTHA,BADABORASINGI,BANKALEDI,18
Ganjam,BELAGUNTHA,BADAPADA,KANTEIPALLI,8
Ganjam,BHANJANAGAR,BAIBALI,(BAJRAKOTE),5
Ganjam,BHANJANAGAR,BAIBALI,BAIBALI,1
Ganjam,BHANJANAGAR,BAIBALI,BAIBALI(BARAGAON),4
Ganjam,BHANJANAGAR,BAIBALI,KIRIDIKUPA,2
Ganjam,BHANJANAGAR,BAIBALI,NARANGIPALLI,1
Ganjam,BHANJANAGAR,BAIBALI,TOTA SAHI,10
Ganjam,BHANJANAGAR,BRAHMANPADAR,(NUAPALLI),3
Ganjam,BHANJANAGAR,BRAHMANPADAR,GHANTARADIHA,3
Ganjam,BHANJANAGAR,BRAHMANPADAR,KHURUDAU)GOCHHA,1
Ganjam,BHANJANAGAR,BRAHMANPADAR,KHURUDUGOCHHA,18
Ganjam,BHANJANAGAR,BRAHMANPADAR,NARIGOCHHA,17
Ganjam,BHANJANAGAR,BRAHMANPADAR,RANIKIARI,1
Ganjam,BHANJANAGAR,BRAHMANPADAR,TABHAPALLI,11
Ganjam,BHANJANAGAR,DADARALUNDA,BHALUGUDA,17
Ganjam,BHANJANAGAR,DADARALUNDA,DADARALUNDA,5
Ganjam,BHANJANAGAR,DADARALUNDA,DURGAPRAASA)D(MITRIKI,17
Ganjam,BHANJANAGAR,DADARALUNDA,DURGAPRASAD(MITRIKI,1
Ganjam,BHANJANAGAR,DADARALUNDA,G. RAMBHA,15
Ganjam,BHANJANAGAR,GALLERY,BARAKUDA,22
Ganjam,BHANJANAGAR,GALLERY,HATADHEPA,2
Ganjam,BHANJANAGAR,GALLERY,JAMADANDA,1
Ganjam,BHANJANAGAR,GALLERY,KENDUPALLI,1
Ganjam,BHANJANAGAR,GALLERY,T. JIREIJHOLI,3
Ganjam,BHANJANAGAR,GALLERY,U. JIREIJHOLI,8
Ganjam,BHANJANAGAR,HARIGADA,CHADHEYAPALLI,25
Ganjam,BHANJANAGAR,LALSINGI,RAJAKUNDUPALLI,9
Ganjam,BHANJANAGAR,MUJAGADA,SIDHAPADAR,3
Ganjam,BHANJANAGAR,SAANKODANDA,DHAUMUNDIA,3
Ganjam,BHANJANAGAR,TILISINGI,SUNAPALLI(PUDRINGI),17
Ganjam,BHANJANAGAR,TURUMU,LUNABALI,7
Ganjam,BUGUDA,BHAGABANPUR,KANASARALA,34
Ganjam,BUGUDA,KARACHULI,MADHAPALLI,17
Ganjam,BUGUDA,KARACHULI,NUAPALLI,1
Ganjam,BUGUDA,KARASINGI,BEDHAKHALA,14
Ganjam,BUGUDA,KARASINGI,MASANISAHI,6
Ganjam,CHIKITI,K.NUAGAM,AMBAJHOLA,15
Ganjam,CHIKITI,K.NUAGAM,BALIPADAR,15
Ganjam,CHIKITI,K.NUAGAM,BATAPALLI,8
Ganjam,CHIKITI,K.NUAGAM,K.KHUDUDI,26
Ganjam,CHIKITI,K.NUAGAM,NUABANDHA,4
Ganjam,CHIKITI,K.NUAGAM,RAJAPALLI,8
Ganjam,CHIKITI,K.NUAGAM,SINDURAPUR,16
Ganjam,CHIKITI,R.CH PUR,NIMAKUDIA,12
Ganjam,CHIKITI,R.CH PUR,RAMGUDA,27
Ganjam,DHARAKOTE,BAHARPUR,KANTEIPALLI,12
Ganjam,DHARAKOTE,BAHARPUR,KHAJURIPADA,21
Ganjam,DHARAKOTE,BAHARPUR,MALLIJHARAPALLI,29
Ganjam,DHARAKOTE,BALARAMPUR,BATAKHALA (J.PUR),12
Ganjam,DHARAKOTE,BALARAMPUR,DHADIAMBA,30
Ganjam,DHARAKOTE,BALARAMPUR,GAMBHARI KHALLA,20
Ganjam,DHARAKOTE,BALARAMPUR,GUDRUGUMA/BALARAMPUR,12
Ganjam,DHARAKOTE,BALARAMPUR,HALADIBAGAD,29
Ganjam,DHARAKOTE,BALARAMPUR,JIRIYA NAGAR,13
Ganjam,DHARAKOTE,BALARAMPUR,K.BURUPADA,51
Ganjam,DHARAKOTE,BALARAMPUR,KALUAMBA,16
Ganjam,DHARAKOTE,BALARAMPUR,KALUMBA/BALARAMPUR,6
Ganjam,DHARAKOTE,BALARAMPUR,KATHAGADA/BALARAMPUR,23
Ganjam,DHARAKOTE,BALARAMPUR,NEW JALI,51
Ganjam,DHARAKOTE,BALARAMPUR,PHATA CHANCHADA,34
Ganjam,DHARAKOTE,BALARAMPUR,PHATACHANCHADA,1
Ganjam,DHARAKOTE,BALARAMPUR,PUNJIAMBA/BALARAMPUR,2
Ganjam,DHARAKOTE,BALARAMPUR,PURNA JALI,36
Ganjam,DHARAKOTE,BALARAMPUR,RANGAMATIA,27
Ganjam,DHARAKOTE,BALARAMPUR,SUNDARAGADA,17
Ganjam,DHARAKOTE,BALARAMPUR,TANARJIPAALNLI/DBHAALARAMPUR,1
Ganjam,DHARAKOTE,BALARAMPUR,TANARJIPALLI/BALARAMPUR,34
Ganjam,DHARAKOTE,JHADABANDHA,MADANAGAANNDDAHPAALLI/JHADAB,30
Ganjam,DHARAKOTE,JHADABANDHA,MADANAGANDAPALLI/JHADAB,1
Ganjam,DHARAKOTE,MACHHAKOTE,ABHAYAPUR/ MACHAKOTA,18
Ganjam,DHARAKOTE,MANIKYAPUR,MALLIJHARA (SIKULIAPADAR),27
Ganjam,DHARAKOTE,MANIKYAPUR,SIKULIAPALLI,53
Ganjam,DHARAKOTE,SABA,ANDHARI,17
Ganjam,DHARAKOTE,SABA,ARJUNPALLI,35
Ganjam,DHARAKOTE,SABA,ASHOKPALLI,13
Ganjam,DHARAKOTE,SABA,BADUA,10
Ganjam,DHARAKOTE,SABA,BARAPALLI,1
Ganjam,DHARAKOTE,SABA,BHAGAPADMAPUR,32
Ganjam,DHARAKOTE,SABA,BHALIAGUDA,14
Ganjam,DHARAKOTE,SABA,CHANAPATA,24
Ganjam,DHARAKOTE,SABA,G. MAHULAPADA,7
Ganjam,DHARAKOTE,SABA,GOCHAGADA/SABA,20
Ganjam,DHARAKOTE,SABA,JAISINGI,21
Ganjam,DHARAKOTE,SABA,JHILIMILLI,34
Ganjam,DHARAKOTE,SABA,KALABADA,21
Ganjam,DHARAKOTE,SABA,KENDUPADA,10
Ganjam,DHARAKOTE,SABA,KHARIPALLI,26
Ganjam,DHARAKOTE,SABA,KUMAR BANDHA,14
Ganjam,DHARAKOTE,SABA,KUSUMABASA,18
Ganjam,DHARAKOTE,SABA,KUTUNIDANDA,26
Ganjam,DHARAKOTE,SABA,MANGALPUR,15
Ganjam,DHARAKOTE,SABA,PATASALA,50
Ganjam,DHARAKOTE,SABA,PILLIPADAR,14
Ganjam,DHARAKOTE,SABA,SABA,4
Ganjam,DHARAKOTE,SABA,SAGAKIARI/SABA,4
Ganjam,DHARAKOTE,SABA,SIKULABASA,11
Ganjam,DIGAPAHANDI,BADADUMULA,BADADUMULA,9
Ganjam,DIGAPAHANDI,BADADUMULA,CHANABAGADA,10
Ganjam,DIGAPAHANDI,BADADUMULA,DHAMANPADAR,38
Ganjam,DIGAPAHANDI,BADADUMULA,MALAKOTAPALLI,20
Ganjam,DIGAPAHANDI,BASUDEVPUR,BADA BURUDA,7
Ganjam,DIGAPAHANDI,BASUDEVPUR,SANA BURUDA,16
Ganjam,DIGAPAHANDI,KHAMARIGAON,BURUBANDHA,12
Ganjam,DIGAPAHANDI,KHAMARIGAON,SIRIPUR,5
Ganjam,DIGAPAHANDI,S.TIKARAPADA,BALIPATA,31
Ganjam,JAGANNATH PRASAD,GAYAGANDA,ADIVASI COLONY,9
Ganjam,JAGANNATH PRASAD,GAYAGANDA,JIRIPADA,10
Ganjam,JAGANNATH PRASAD,GAYAGANDA,KHAJURIPALLI,23
Ganjam,JAGANNATH PRASAD,KHETAMUNDALI,GRAMDEVATI,14
Ganjam,JAGANNATH PRASAD,KHETAMUNDALI,KANDHABANTA,2
Ganjam,JAGANNATH PRASAD,KHETAMUNDALI,KHETAMUNDALI,12
Ganjam,JAGANNATH PRASAD,KHETAMUNDALI,TALATAILA,4
Ganjam,JAGANNATH PRASAD,KHETAMUNDALI,TIRIGOCHHA,7
Ganjam,JAGANNATH PRASAD,KOKOLABA,BANJARSAHI,19
Ganjam,JAGANNATH PRASAD,KOKOLABA,KHURUDUPALLI,11
Ganjam,JAGANNATH PRASAD,RUDHAPADAR,BADABHUMI,1
Ganjam,JAGANNATH PRASAD,RUDHAPADAR,DELINGPADAR,13
Ganjam,JAGANNATH PRASAD,RUDHAPADAR,DHANAPAJU,6
Ganjam,JAGANNATH PRASAD,RUDHAPADAR,GHOGADA,10
Ganjam,JAGANNATH PRASAD,RUDHAPADAR,KADALIGADA,25
Ganjam,JAGANNATH PRASAD,RUDHAPADAR,KAINFULIA,12
Ganjam,JAGANNATH PRASAD,RUDHAPADAR,KANDHABANTA,2
Ganjam,JAGANNATH PRASAD,RUDHAPADAR,KATHAPATANI,10
Ganjam,JAGANNATH PRASAD,RUDHAPADAR,NARABARI,20
Ganjam,JAGANNATH PRASAD,RUDHAPADAR,NARAGADU,28
Ganjam,JAGANNATH PRASAD,RUDHAPADAR,NARAYANPRASAD,6
Ganjam,JAGANNATH PRASAD,RUDHAPADAR,RUDHAPADAR,19
Ganjam,JAGANNATH PRASAD,RUDHAPADAR,SARANGAPATTA,13
Ganjam,JAGANNATH PRASAD,TARASINGI,RAMPO,23
Ganjam,JAGANNATH PRASAD,TARASINGI,TOLADI,22
Ganjam,KHALLIKOTE,BADAPALLI,BADAPALLI,10
Ganjam,KHALLIKOTE,BADAPALLI,"KURRUAMMICPHUARN, DDREABPIUJHRARI",1
Ganjam,KHALLIKOTE,BADAPALLI,KURUMIPUR,39
Ganjam,KHALLIKOTE,BADAPALLI,"KURUMIPUR,",3
Ganjam,KHALLIKOTE,BADAPALLI,"KURUMIPUR, , BARASAHI",1
Ganjam,KHALLIKOTE,BADAPALLI,"KURUMIPUR, BARASAHI",1
Ganjam,KHALLIKOTE,BADAPALLI,MAREINUAGAM,20
Ganjam,KHALLIKOTE,BADAPALLI,MOREINUAGAON,25
Ganjam,KHALLIKOTE,BADAPALLI,NUAPALLI,39
Ganjam,KHALLIKOTE,BADAPALLI,PATHURINUAGAON,1
Ganjam,KHALLIKOTE,BADAPALLI,"RAKMUCRHUAMNIDPRUARP, UR",1
Ganjam,KHALLIKOTE,BADAPALLI,"RAKMUCRUHMANIPDURAR,P UR",7
Ganjam,KHALLIKOTE,BADAPALLI,RAMKUCRHUAMNIDPRUARPUR,1
Ganjam,KUKUDAKHANDI,BANTHAPALLI,KANTIGUDA,19
Ganjam,KUKUDAKHANDI,BANTHAPALLI,LOCHAPADA,24
Ganjam,KUKUDAKHANDI,BANTHAPALLI,RAMAGUDA,7
Ganjam,KUKUDAKHANDI,DENGAPADAR,NUAPADA,1
Ganjam,KUKUDAKHANDI,KANKIA,BALIAPUT,1
Ganjam,KUKUDAKHANDI,KANKIA,BANIAMARI,20
Ganjam,KUKUDAKHANDI,KANKIA,BARDHANGADA,8
Ganjam,KUKUDAKHANDI,KANKIA,BETAJHARI,6
Ganjam,KUKUDAKHANDI,KANKIA,BHALIAGUDA,7
Ganjam,KUKUDAKHANDI,MOHUDA,BIKASHPUR,9
Ganjam,KUKUDAKHANDI,MOHUDA,BURUGAM,25
Ganjam,NAME OF THE BLOCK,NAME OF THE GRAM PANCHAYAT,NAME OF THE VILLAGE,141
Ganjam,PATRAPUR,AMBPUR,THALIBADA,4
Ganjam,PATRAPUR,ANKULI,ALIAR,19
Ganjam,PATRAPUR,ANKULI,ANKULI,22
Ganjam,PATRAPUR,ANKULI,BANIABASA,2
Ganjam,PATRAPUR,ANKULI,DANTARIGADA,2
Ganjam,PATRAPUR,ANKULI,DENGAPATHAR,1
Ganjam,PATRAPUR,ANKULI,DHANBADA,13
Ganjam,PATRAPUR,ANKULI,ELAGAL,21
Ganjam,PATRAPUR,ANKULI,GADANGA,2
Ganjam,PATRAPUR,ANKULI,GAIDA,4
Ganjam,PATRAPUR,ANKULI,GAMBHARIKHOLA,10
Ganjam,PATRAPUR,ANKULI,HALADIBADA,9
Ganjam,PATRAPUR,ANKULI,JUBASAHI,8
Ganjam,PATRAPUR,ANKULI,LENGANA SAHI,3
Ganjam,PATRAPUR,ANKULI,MAHULABADA,1
Ganjam,PATRAPUR,ANKULI,MAHULBADA,1
Ganjam,PATRAPUR,ANKULI,MASANIBADA,6
Ganjam,PATRAPUR,ANKULI,PHULASHI,13
Ganjam,PATRAPUR,ANKULI,RAGHUBALAV,7
Ganjam,PATRAPUR,ANKULI,RAIKHALA,18
Ganjam,PATRAPUR,ANKULI,S. BADAPUR,2
Ganjam,PATRAPUR,ANKULI,SANAGAON,6
Ganjam,PATRAPUR,ANKULI,SIRISAGANDA,2
Ganjam,PATRAPUR,ANKULI,TABALASAHI,1
Ganjam,PATRAPUR,ANKULI,TARAMUNDA,7
Ganjam,PATRAPUR,ANKULI,TARASINGI,6
Ganjam,PATRAPUR,ANKULI,TARSINGI,1
Ganjam,PATRAPUR,ANKULI,TUBURUSINGI,7
Ganjam,PATRAPUR,ANKULI,TUPARDA,15
Ganjam,PATRAPUR,BANIABASA,MADUAGUMA,1
Ganjam,PATRAPUR,BANIABASA,MADUAGUMMA,1
Ganjam,PATRAPUR,BURATAL,ANDAANDA,36
Ganjam,PATRAPUR,BURATAL,BADUA,6
Ganjam,PATRAPUR,BURATAL,BURATAL,4
Ganjam,PATRAPUR,BURATAL,GURUDA,8
Ganjam,PATRAPUR,BURATAL,J.BADAGAON,7
Ganjam,PATRAPUR,BURATAL,KURUGADA,9
Ganjam,PATRAPUR,BURATAL,MAHALIMBA,25
Ganjam,PATRAPUR,BURATAL,MARMARIA,14
Ganjam,PATRAPUR,BURATAL,TADINGI,22
Ganjam,PATRAPUR,BURATAL,TALABURATAL,8
Ganjam,PATRAPUR,BURATAL,TALABURATALA,10
Ganjam,PATRAPUR,BURATAL,UPPER BURUTULA,19
Ganjam,PATRAPUR,BURATALA,TADINGI,1
Ganjam,PATRAPUR,DANTARIGADA,MADUAGUMMA,1
Ganjam,PATRAPUR,ELAGAL,DHANBADA,1
Ganjam,PATRAPUR,ELAGAL,MADUAGUMA,4
Ganjam,PATRAPUR,SAMANTARAPUR,CHACHADAKHOL,1
Ganjam,PATRAPUR,SAMANTARAPUR,CHANCHADKHOLA,1
Ganjam,PATRAPUR,SAMANTARAPUR,DAUBADA,1
Ganjam,PATRAPUR,SAMANTARAPUR,GOPINATHAPUR,9
Ganjam,PATRAPUR,SAMANTARAPUR,GOPINATHPUR,15
Ganjam,PATRAPUR,SAMANTARAPUR,GUDIPADAR,6
Ganjam,PATRAPUR,SAMANTARAPUR,JAMAPADAR,2
Ganjam,PATRAPUR,SAMANTARAPUR,JAMPADAR,15
Ganjam,PATRAPUR,SAMANTARAPUR,S. BADAPUR,1
Ganjam,PATRAPUR,SAMANTARAPUR,S.BADAPUR,20
Ganjam,PATRAPUR,SAMANTARAPUR,TALAPADAR,3
Ganjam,PATRAPUR,SAMANTARAPURU,CHANCHADAKHOLA,4
Ganjam,PATRAPUR,SAMANTARAPURU,DALAIBILA,1
Ganjam,PATRAPUR,SAMANTARAPURU,DALEIBILA,1
Ganjam,PATRAPUR,SAMANTARAPURU,DAUBADA,9
Ganjam,PATRAPUR,SAMANTARAPURU,GOPINATHAPUR,1
Ganjam,PATRAPUR,SAMANTARAPURU,GUDIPADAR,4
Ganjam,PATRAPUR,SAMANTARAPURU,HARIPUR,8
Ganjam,PATRAPUR,SAMANTARAPURU,JAMA PADAR,2
Ganjam,PATRAPUR,SAMANTARAPURU,LABARGANDA,1
Ganjam,PATRAPUR,SAMANTARAPURU,S.BADAPUR,2
Ganjam,PATRAPUR,SAMANTARAPURU,SUNARIBADA,10
Ganjam,PATRAPUR,SAMANTARAPURU,TALAPADAR,20
Ganjam,PATRAPUR,TUMBA,A.GOUDINI,8
Ganjam,PATRAPUR,TUMBA,A.SARADHAPUR,7
Ganjam,PATRAPUR,TUMBA,B.SARADHAPUR,9
Ganjam,PATRAPUR,TUMBA,BODAJHOLA,4
Ganjam,PATRAPUR,TUMBA,BURASAHI,7
Ganjam,PATRAPUR,TUMBA,DHEPASAHI,10
Ganjam,PATRAPUR,TUMBA,GUJULINGI,35
Ganjam,PATRAPUR,TUMBA,LUKA SAHI,1
Ganjam,PATRAPUR,TUMBA,PURIASAHI,22
Ganjam,PATRAPUR,TUMBA,THANAGAM,34
Ganjam,PATRAPUR,TURUBUDI,BATADHEAPADA,1
Ganjam,PATRAPUR,TURUBUDI,BATADHIAPADA,21
Ganjam,PATRAPUR,TURUBUDI,BENGEISAHI,20
Ganjam,PATRAPUR,TURUBUDI,BUDAROSING,5
Ganjam,PATRAPUR,TURUBUDI,JANTRAGADA/ DUTIA SAHI,22
Ganjam,PATRAPUR,TURUBUDI,KARABANKI,11
Ganjam,PATRAPUR,TURUBUDI,PODADHIA,14
Ganjam,POLASARA,GOCHHABADI,BHALIAMALA,48
Ganjam,POLASARA,GOCHHABADI,BHALIASAHI,1
Ganjam,POLASARA,GOCHHABADI,BHITIRIKHAL,8
Ganjam,POLASARA,GOCHHABADI,BIRUABADI,7
Ganjam,POLASARA,GOCHHABADI,CHANCHARA,11
Ganjam,POLASARA,GOCHHABADI,CHENGA,17
Ganjam,POLASARA,GOCHHABADI,GAMBHARIA,17
Ganjam,POLASARA,GOCHHABADI,KENDUBADI,10
Ganjam,POLASARA,GOCHHABADI,KHUMBULA,14
Ganjam,POLASARA,GOCHHABADI,PALABA,26
Ganjam,POLASARA,GOCHHABADI,RATNEIPALLI,4
Ganjam,POLASARA,GOCHHABADI,SIKIRI,9
Ganjam,POLASARA,MALA TENTULIA,GOPIAPALLI,33
Ganjam,POLASARA,NIMINA,BILEIJHURI,13
Ganjam,POLASARA,NIMINA,NIRASPALI,1
Ganjam,POLASARA,PANDIRIPADA,BADATAILA,8
Ganjam,POLASARA,PANDIRIPADA,BRAHAMANDEI,10
Ganjam,POLASARA,PANDIRIPADA,JANABILI,41
Ganjam,POLASARA,PANDIRIPADA,KANJIAMA,12
Ganjam,POLASARA,PANDIRIPADA,KASIPADA,16
Ganjam,POLASARA,PANDIRIPADA,KHURA,22
Ganjam,POLASARA,PANDIRIPADA,MAHULAPALLI,41
Ganjam,POLASARA,PANDIRIPADA,MALABIRIPUR,10
Ganjam,POLASARA,PANDIRIPADA,NADIAMBA,34
Ganjam,POLASARA,PANDIRIPADA,NAHARATOTA,11
Ganjam,POLASARA,PANDIRIPADA,NIRASAPALLI,22
Ganjam,POLASARA,PANDIRIPADA,PANDIRIPADA,20
Ganjam,POLASARA,PANDIRIPADA,PANERI,23
Ganjam,POLASARA,PANDIRIPADA,PIPALAMALEI,6
Ganjam,POLASARA,PANDIRIPADA,PUNJIAMA,19
Ganjam,POLASARA,PANDIRIPADA,RAMPUDI,24
Ganjam,POLASARA,PANDIRIPADA,SANAICHAPUR,4
Ganjam,POLASARA,PANDIRIPADA,SITALAPALLI,16
Ganjam,POLASARA,PANDRIPADA,AMBAKHALA,1
Ganjam,POLASARA,PANDRIPADA,ANDHARI,38
Ganjam,POLASARA,PANDRIPADA,BHALIASAHI,7
Ganjam,POLASARA,PANDRIPADA,GOCHHABADI,12
Ganjam,POLASARA,PANDRIPADA,KHARI BANDHA,14
Ganjam,POLASARA,PANDRIPADA,MAHULAPALLI,26
Ganjam,POLASARA,PANDRIPADA,NIRASPALI,11
Ganjam,POLASARA,PANDRIPADA,RATNEIPALLI,1
Ganjam,POLASARA,PANDRIPADA,TOASING,26
Ganjam,POLASARA,PANDRIPADA,USTA,32
Ganjam,PURUSATTAMPUR,K.N PUR,ALLADIGAON,2
Ganjam,SANAKHEMUNDI,PATTIGUDA,SUBARNAGADA,18
Ganjam,SANAKHEMUNDI,PODAMARI,BUGUDA JHARANA,38
Ganjam,SANAKHEMUNDI,PODAMARI,RAJAPUR,20
Ganjam,SANAKHEMUNDI,S.GOPALPUR,BAILAKHOLIA,24
Ganjam,SANAKHEMUNDI,S.GOPALPUR,RANIKOTE,9
Ganjam,SANAKHEMUNDI,T.GOBINDAPUR,DHIMIRIPALLI,12
Ganjam,SANAKHEMUNDI,T.GOBINDAPUR,KATAPALI,86
Ganjam,SANAKHEMUNDI,T.GOBINDAPUR,KHAPARABADA,68
Ganjam,SANAKHEMUNDI,T.GOBINDAPUR,KHEMUNDIKHOLLA,53
Ganjam,SANAKHEMUNDI,T.GOBINDAPUR,NABAKRUSHNAPUR,45
Ganjam,SHERAGADA,BANDHAGUDA,GOPAPALLI,35
Ganjam,SHERAGADA,DHANANTARA,K.NUAGADA,42
Ganjam,SHERAGADA,K.KARADAKANA,ARAKHAPADA,21
Ganjam,SHERAGADA,K.KARADAKANA,BADUAPALLI,16
Ganjam,SHERAGADA,K.KARADAKANA,GARBA GANDA,28
Ganjam,SHERAGADA,K.KARADAKANA,JAMOJHOLA,12
Ganjam,SHERAGADA,K.KARADAKANA,KHOLO,10
Ganjam,SHERAGADA,K.KARADAKANA,RADEISH,17
Ganjam,SHERAGADA,K.KARADAKANA,SABARAPALLI,8
Ganjam,SURADA,ASURABANDHA,BAGHAMARA,9
Ganjam,SURADA,ASURABANDHA,P. GOCHHA,7
Ganjam,SURADA,ASURABANDHA,P. GOCHHA (SANDHABALI),1
Ganjam,SURADA,ASURABANDHA,P. GOCHHA (SUNABANDHA),2
Ganjam,SURADA,ASURABANDHA,PANIAMBA,17
Ganjam,SURADA,ASURABANDHA,RAJPUR,21
Ganjam,SURADA,ASURABANDHA,SANDHABALI,32
Ganjam,SURADA,ASURABANDHA,UPAR DANTALINGI,6
Ganjam,SURADA,BADABADANGI,ANANDAPUR,18
Ganjam,SURADA,BADABADANGI,MADHURABANDHA,18
Ganjam,SURADA,BADABADANGI,MALINGAPUR,12
Ganjam,SURADA,BADABADANGI,MANDIAKHAMANA,27
Ganjam,SURADA,BADAGADA,SAGADA BASA ( AKASH,2
Ganjam,SURADA,BADAGADA,SANGAAGDAAR )B /ABSAAD (A AGKAADSAH,65
Ganjam,SURADA,EKALAPUR,HARIPUR/EKALPUR,10
Ganjam,SURADA,EKALAPUR,NHAGAARIRP)U /RB/EAKDAALGPAUDRA,1
Ganjam,SURADA,GAJALABADI,JIRAKUA,6
Ganjam,SURADA,GAJALABADI,MANKADAKHARI,9
Ganjam,SURADA,GAJALABADI,NEPAPADI,10
Ganjam,SURADA,GOCHHA,D BELAPANKA,22
Ganjam,SURADA,GOCHHA,DABIKGI BOECLHAHPAANKA/,62
Ganjam,SURADA,GOCHHA,DABIKI BELAPANKA/,2
Ganjam,SURADA,GOCHHA,DHAUGAN,3
Ganjam,SURADA,GOCHHA,DHAUGAON,25
Ganjam,SURADA,GOPALPURSASAN,HARIPUR/GOPALPURSASAN,17
Ganjam,SURADA,GOUDAGOTHA,ANLAJHALI,18
Ganjam,SURADA,GOUDAGOTHA,B.NUASAHI/GAUDAGOTHA,27
Ganjam,SURADA,GOUDAGOTHA,BAHADAPADAAR/GOUDAGOTH,16
Ganjam,SURADA,GOUDAGOTHA,BAHADAPADAR/GOUDAGOTH,1
Ganjam,SURADA,GOUDAGOTHA,BARAHMAASIA,1
Ganjam,SURADA,GOUDAGOTHA,BARAMASIA,9
Ganjam,SURADA,GOUDAGOTHA,BARAPADA/ AGOUDAGOTHA,1
Ganjam,SURADA,GOUDAGOTHA,BARAPADA/ GOUDAGOTHA,25
Ganjam,SURADA,GOUDAGOTHA,BATAPADIA,7
Ganjam,SURADA,GOUDAGOTHA,BEDHAKHATA,13
Ganjam,SURADA,GOUDAGOTHA,BEDHAKHATA(BEHAKHATA),1
Ganjam,SURADA,GOUDAGOTHA,BEDHAKHATA(MASANISAHI),6
Ganjam,SURADA,GOUDAGOTHA,BEDHAKHATA(NUAPALLI),1
Ganjam,SURADA,GOUDAGOTHA,BESARABATA,17
Ganjam,SURADA,GOUDAGOTHA,GAJARKUMPA,47
Ganjam,SURADA,GOUDAGOTHA,GAMBHARIKHALA,4
Ganjam,SURADA,GOUDAGOTHA,GOCHHAGUDA,19
Ganjam,SURADA,GOUDAGOTHA,GODIPALLI,25
Ganjam,SURADA,GOUDAGOTHA,GODIPALLI (NUAGAM),5
Ganjam,SURADA,GOUDAGOTHA,GODIPALLI (RANGAMATIA),3
Ganjam,SURADA,GOUDAGOTHA,GOUDAGOTHA/GOUDAGOTHA,1
Ganjam,SURADA,GOUDAGOTHA,GOUDGOTHA/GOUDAGOTHA,10
Ganjam,SURADA,GOUDAGOTHA,JAGAMOHON,16
Ganjam,SURADA,GOUDAGOTHA,JHARAKANA,21
Ganjam,SURADA,GOUDAGOTHA,KUTULIGUDA,26
Ganjam,SURADA,GOUDAGOTHA,LEKAPANKA/ GOUDAGOTHA,15
Ganjam,SURADA,GOUDAGOTHA,MANKADACHHUAM/GOUDAGOT,4
Ganjam,SURADA,GOUDAGOTHA,MANKADACHUAN,22
Ganjam,SURADA,GOUDAGOTHA,MANKADACHUM/GOUDAGOT,1
Ganjam,SURADA,GOUDAGOTHA,PARSURAMNAGARA,13
Ganjam,SURADA,GOUDAGOTHA,SAGADA BASA/GOUDAGOTHA,32
Ganjam,SURADA,HUKUMA,BHALIAPADA,42
Ganjam,SURADA,HUKUMA,GHASIPADA/ HUKUMA,15
Ganjam,SURADA,KULLANGI,PURUNAJADAPALLI/KULLANGI,23
Ganjam,SURADA,LATHIPADA,BIJYANAGAR,10
Ganjam,SURADA,LATHIPADA,JYOTINAGAR,48
Ganjam,SURADA,PALAKATU,BADUAPALLAI(KLAATXUMIPUR)/PAL,7
Ganjam,SURADA,PALAKATU,BADUAPALLI(LAXMIPUR)/PAL,2
Ganjam,SURADA,PALAKATU,KAPAKHAL/PALAKATU,23
Ganjam,SURADA,SIDHAPUR,BANYANAGAR,23
Ganjam,SURADA,SIDHAPUR,KHAAJKUARTIDUIHA,1
Ganjam,SURADA,SIDHAPUR,KHAJURIDIHA,24
Ganjam,SURADA,SIDHAPUR,LAXMIPUR,19
Ganjam,SURADA,SIDHAPUR,ORA,11
Ganjam,SURADA,SIDHAPUR,TORADI,12
Jagatsingpur,BLOCK,GRAM PANCHAYAT,VILLAGE,1
Jagatsingpur,ERASAMA,PADMAPUR,RAMTARA,47
Jajpur,AWŸPYÛ,ICÒ@Û,IÛZCÛY,40
Jajpur,IÊKÒ¦Û,EÑÛÙIÛK,CJÊFLFÛ,36
Jajpur,IÊKÒ¦Û,EÑÛÙIÛK,KÊIÊCÊŠÒ@Û,81
Jajpur,IÊKÒ¦Û,EÛÙIÛF,AEMRÒ,58
Jajpur,IÊKÒ¦Û,EÛÙIÛF,KÛKÊWÒ@Û,59
Jajpur,IÊKÒ¦Û,IÉ_ÛK,IÉ_ÛK,139
Jajpur,IÊKÒ¦Û,IÉ_ÛK,IÛAÑKÊK,25
Jajpur,IÊKÒ¦Û,IÊKÒ¦ÛMWŸ,CÛ]_ÊE EWÒUÛWE,22
Jajpur,IÊKÒ¦Û,KUWŸÛ_ÛK,BÛFÊKÒ_ÛUÛK,16
Jajpur,IÊKÒ¦Û,KUWŸÛ_ÛK,MEÛCÒ@ÛÑ,55
Jajpur,IÊKÒ¦Û,KÊJÒKÛ,AÛ´ÒÙFÛ,48
Jajpur,IÊKÒ¦Û,KÊJÒKÛ,KÊJÒKÛ,134
Jajpur,IÊKÒ¦Û,KÊJÒKÛ,ÙRCÛÙ\A_ÊE,49
Jajpur,IÊKÒ¦Û,KÑ@I,AÛFÒ_\Û,54
Jajpur,IÊKÒ¦Û,KÑ@I,KÑ@I,144
Jajpur,IÊKÒ¦Û,KÑ@I,ZKWÒ,142
Jajpur,IÊKÒ¦Û,KÛUWŸ_ÛK,KÛUWŸ_ÛK,22
Jajpur,IÊKÒ¦Û,KÛUWŸ_ÛK,KÛ\Ê@A¦Ò,10
Jajpur,IÊKÒ¦Û,KÛUWŸ_ÛK,MEÛCÒ@ÛÑ,152
Jajpur,IÊKÒ¦Û,KÛUWŸ_ÛK,M«ÛDZKÛÙUYÚ,84
Jajpur,IÊKÒ¦Û,KÛUWŸ_ÛK,MÒEÒWÛCÛKÒ,160
Jajpur,IÊKÒ¦Û,LEWÒJ,AEWÒJ,88
Jajpur,IÊKÒ¦Û,PÒWÊWŸÒ_ÛK,@EWŸÛ_ÛK,57
Jajpur,IÊKÒ¦Û,PÒWÊWŸÒ_ÛK,@ÙGÛKSE,20
Jajpur,IÊKÒ¦Û,PÒWÊWŸÒ_ÛK,CSÒ^MWŸÛ,14
Jajpur,IÊKÒ¦Û,PÒWÊWŸÒ_ÛK,C_E^MWŸÛ,11
Jajpur,IÊKÒ¦Û,PÒWÊWŸÒ_ÛK,EMWŸÛ,125
Jajpur,IÊKÒ¦Û,PÒWÊWŸÒ_ÛK,KUWŸÛÙ~ÛWŸÒ,35
Jajpur,IÊKÒ¦Û,PÒWÊWŸÒ_ÛK,KÊCÊUÒAÛJÛKÒ,37
Jajpur,IÊKÒ¦Û,PÒWÊWŸÒ_ÛK,MÊJÒ@ÛGÛK,25
Jajpur,IÊKÒ¦Û,PÒWÊWŸÒ_ÛK,MÊJÒ@ÛGÛK ZKWÒJ,9
Jajpur,IÊKÒ¦Û,PÒWÊWŸÒ_ÛK,PÒWÊWŸÒ_ÛK,100
Jajpur,IÊKÒ¦Û,PÒWÊWŸÒ_ÛK,ZK^MWŸÛ,28
Jajpur,IÊKÒ¦Û,PÒWÊWŸÒ_ÛK,^MWŸÛ,12
Jajpur,IÊKÒ¦Û,PÒWÊWŸÒ_ÛK,^MWŸÛ ZÊCÊYÒ,18
Jajpur,IÊKÒ¦Û,PÒWÊWŸÒ_ÛK,_ÛUYÛ,75
Jajpur,IÊKÒ¦Û,PÒWÊWŸÒ_ÛK,Ù\IMÛÑ,43
Jajpur,IÊKÒ¦Û,PÒWÊWŸÒ_ÛK,Ù_ÛWŸÛIWŸÛ,30
Jajpur,IÊKÒ¦Û,_ÒΜÊWŸÒ@Û,_ÒΜÊWŸÒ@Û,268
Jajpur,\Û^M\Ò,GÛKÒRWÛ,AÛFÒ@Û_ÛK,3
Jajpur,\Û^M\Ò,GÛKÒRWÛ,AÛNÊ@Û_ÛK,75
Jajpur,\Û^M\Ò,IÉ_ÛK,AÛFÒÙMÛV,45
Jajpur,\Û^M\Ò,KÑ@I,IÉ_ÛK,1
Jajpur,\Û^M\Ò,KÒ@ÛSE,KÒ@ÛSE,76
Jajpur,\Û^M\Ò,KÒ@ÛSE,PΜÛSE,56
Jajpur,\Û^M\Ò,]ÌKÒMWŸ,]ÌKÒMWŸ,72
Jajpur,\Û^M\Ò,^WŸÒ@ÛBWÛ,IÊKÒ@Û,76
Jajpur,\Û^M\Ò,^WŸÒ@ÛBWÛ,]^¬D_ÊE,56
Jajpur,\Û^M\Ò,^WŸÒ@ÛBWÛ,^WŸÒ@ÛBWÛ,3
Jajpur,\Û^M\Ò,^ÒWŸÒ@ÛBWÛ,]^¬D_ÊE,2
Jajpur,\Û^M\Ú,GÛKÒRWÛ,IÛJÊ_ÊE,93
Jajpur,\Û^M\Ú,GÛKÒRWÛ,M´ÛEÒ_ÛUÒ@Û,76
Jajpur,\Û^M\Ú,GÛKÒRWÛ,\ÊMÐÛ_ÊE,153
Jajpur,\Û^M\Ú,I^IÛAÙFÛ,GÂÚEÛC_ÊE,201
Jajpur,\Û^M\Ú,K@ÑI,UÒKE_WŸÛ,52
Jajpur,\Û^M\Ú,KÒ@ÛSE,AÊEÊWŸÒIÛJÒ,49
Jajpur,\Û^M\Ú,KÒ@ÛSE,KÒ@ÛSE,135
Jajpur,\Û^M\Ú,KÒ@ÛSE,R^Ò¦Û_ÛK,111
Jajpur,\Û^M\Ú,KÒ@ÛSE,UÊÙWAIÊYÒ,49
Jajpur,\Û^M\Ú,KÒ@ÛSE,ZEÛSE,43
Jajpur,\Û^M\Ú,KÒ@ÛSE,_ÛYÊAÛJÛKÒ,107
Jajpur,\Û^M\Ú,KÒ@ÛSE,ÙAFAÛJÛKÒ,32
Jajpur,\Û^M\Ú,^WŸÒ@ÛBWÛ,AÛEAÛUÒ,157
Jajpur,\Û^M\Ú,^WŸÒ@ÛBWÛ,LŠEÛ,91
Jajpur,\Û^M\Ú,^WŸÒ@ÛBWÛ,]CYÛMWÒ@Û,82
Jajpur,\Û^M\Ú,^WŸÒ@ÛBWÛ,^WŸÒ@ÛBWÛ,80
Jajpur,\Û^M\Ú,^WŸÒ@ÛBWÛ,~ÛCÊ_GÚ,80
Jajpur,\Û^M\Ú,_U_ÛK,AWŸGÒCKÒWÒJ,77
Jajpur,\Û^M\Ú,ÙMÛAE]^_ÊE,@Û´WÛJÒ,173
Jajpur,\Û^M\Ú,Ù\CKKY,LŠÊEÛA_ÛUYÛ,35
Jajpur,ÙKÛÙEA,ZÛKMWŸÒ@Û,ÙMÛJÒEMXÒ@Û,22
Jharuguda,BLOCK,GRAM PANCHAYAT,VILLAGE,49
Jharuguda,JHARSUGUDA,BADMAL,BADMAL,18
Jharuguda,JHARSUGUDA,BADMAL,BRUNDAMAL,17
Jharuguda,JHARSUGUDA,CHANDINIMAL,BARPALI,2
Jharuguda,JHARSUGUDA,CHANDINIMAL,GHUSURAMUNDA,4
Jharuguda,JHARSUGUDA,CHANDINIMAL,KANDAKUDA,4
Jharuguda,JHARSUGUDA,CHANDINIMAL,KECHHUBAHAL,7
Jharuguda,JHARSUGUDA,CHANDNIMAL,CHANDNIMAL,3
Jharuguda,JHARSUGUDA,DALKI,BANJARI,1
Jharuguda,JHARSUGUDA,DALKI,PURNA,50
Jharuguda,JHARSUGUDA,DURLAGA,DURLAGA,44
Jharuguda,JHARSUGUDA,GOURMAL,GOUDAMAL,31
Jharuguda,JHARSUGUDA,GOURMAL,JOB,2
Jharuguda,JHARSUGUDA,GOURMAL,NAIKDIHI,6
Jharuguda,JHARSUGUDA,GOURMAL,NUAMUNDA,2
Jharuguda,JHARSUGUDA,H. KATAPALI,BEHERAPAT,12
Jharuguda,JHARSUGUDA,H. KATAPALI,H.KANTAPALI,59
Jharuguda,JHARSUGUDA,LOISINGH,CHARBHATI,7
Jharuguda,JHARSUGUDA,LOISINGH,KOILAGA,23
Jharuguda,JHARSUGUDA,LOISINGH,NIKTIMAL,3
Jharuguda,JHARSUGUDA,MALDA,RAMPUR,3
Jharuguda,JHARSUGUDA,PATRAPALI,PATRAPALI,20
Jharuguda,JHARSUGUDA,RAJPUR,AMDARAH,46
Jharuguda,JHARSUGUDA,RAJPUR,JUNANIMUNDA,7
Jharuguda,JHARSUGUDA,RAJPUR,RAJPUR,3
Jharuguda,JHARSUGUDA,TALPATIA,TALPATIA,58
Jharuguda,JHARSUGUDA,TALPATIA,TANGARPALI,1
Jharuguda,JHARSUGUDA,TILEIMAL,TILEIMAL,9
Jharuguda,JHARSUGUDA,TILEIMAL,TILEMAL,34
Jharuguda,KIRMIRA,ARDA,ARDA,17
Jharuguda,KIRMIRA,BANDHPALI,BANDHPALI,2
Jharuguda,KIRMIRA,BANDHPALI,BHALUPATRA,21
Jharuguda,KIRMIRA,BANDHPALI,SIALRAMA,1
Jharuguda,KIRMIRA,BANDHPALI,TAKURPADA,2
Jharuguda,KIRMIRA,BANDHPALI,THAKURPADA,1
Jharuguda,KIRMIRA,BHIMJORE,BHIMJORE,20
Jharuguda,KIRMIRA,BHIMJORE,HANDATUPA,1
Jharuguda,KIRMIRA,DURLAGA,TALMAL,16
Jharuguda,KIRMIRA,GOUDPANPALI,KADOBAHAL,6
Jharuguda,KIRMIRA,GOUDPANPALI,PANPALI,8
Jharuguda,KIRMIRA,GOUDPANPALI,PITAMAL,13
Jharuguda,KIRMIRA,GOUDPANPALI,SARASMAL,1
Jharuguda,KIRMIRA,GOUDPANPALI,TUMADIHI,11
Jharuguda,KIRMIRA,JHARMUNDA,BAIJAPALI,16
Jharuguda,KIRMIRA,JHARMUNDA,BARPAN,13
Jharuguda,KIRMIRA,JHARMUNDA,CHAMARDIHI,9
Jharuguda,KIRMIRA,JHARMUNDA,JHARMUNDA,2
Jharuguda,KIRMIRA,JHARMUNDA,KULUTHMAL,5
Jharuguda,KIRMIRA,KIRMIRA,HIKADHIPA,4
Jharuguda,KIRMIRA,KIRMIRA,KIRMIRA,21
Jharuguda,KIRMIRA,NAXAPALI,BIDMAL,26
Jharuguda,KIRMIRA,NAXAPALI,NAXAPALI,6
Jharuguda,KIRMIRA,POKHRASALE,AMATI,14
Jharuguda,KIRMIRA,SULEHI,BUNGABERNA,6
Jharuguda,KIRMIRA,SULEHI,CHAKABUDA,7
Jharuguda,KIRMIRA,SULEHI,CHANDRAPUR,33
Jharuguda,KIRMIRA,SULEHI,DEOPAN,17
Jharuguda,KIRMIRA,SULEHI,DHENGURJORE,12
Jharuguda,KIRMIRA,SULEHI,MEDINIPUR,13
Jharuguda,KIRMIRA,SULEHI,MENGARADIHI,1
Jharuguda,KIRMIRA,SULEHI,SULEHI,1
Jharuguda,KOLABIRA,JHIRLAPALI,BADBAHAL,2
Jharuguda,KOLABIRA,JHIRLAPALI,KUNDURUSINGHA,13
Jharuguda,KOLABIRA,KELDAMAL,SUNAJHARIA,44
Jharuguda,KOLABIRA,KELENDAMAL,NUAPALI,10
Jharuguda,KOLABIRA,KOLABIRA,KOLABIRA,16
Jharuguda,KOLABIRA,KOLABIRA,SANYASIPALI,3
Jharuguda,KOLABIRA,KULIHAMAL,DHUBENBUD,3
Jharuguda,KOLABIRA,KULIHAMAL,KULIHAMAL,52
Jharuguda,KOLABIRA,KULIHAMAL,KUSUMDIHI,2
Jharuguda,KOLABIRA,PARAMANPUR,PARAMANPUR,19
Jharuguda,KOLABIRA,POKHRASALE,AMJHARAN,8
Jharuguda,KOLABIRA,POKHRASALE,KADOMAL,10
Jharuguda,KOLABIRA,POKHRASALE,LARIAPALI,7
Jharuguda,KOLABIRA,POKHRASALE,RENGALPALI,11
Jharuguda,KOLABIRA,RAGHUNATHPALI,BUTUPALI,2
Jharuguda,KOLABIRA,RAGHUNATHPALI,PAIKAPADA,7
Jharuguda,KOLABIRA,RAGHUNATHPALI,SINGHIBAHAL,6
Jharuguda,KOLABIRA,SODAMAL,AMNAPALI,1
Jharuguda,KOLABIRA,SODAMAL,SODAMAL,30
Jharuguda,LAIKERA,BABUCHIPIDIHI,BABUCHIPIDIHI,69
Jharuguda,LAIKERA,BABUCHIPIDIHI,BAIGANBUD,53
Jharuguda,LAIKERA,BABUCHIPIDIHI,BANKI,18
Jharuguda,LAIKERA,BABUCHIPIDIHI,DUDKABAHAL,26
Jharuguda,LAIKERA,BABUCHIPIDIHI,KUANRMAL,3
Jharuguda,LAIKERA,BHATLAIDA,KANKKUMAL,10
Jharuguda,LAIKERA,BHATLOIDA,BHATLOIDA,6
Jharuguda,LAIKERA,JAMMAL,GANJUDIHI,38
Jharuguda,LAIKERA,JAMMAL,JAMMAL,31
Jharuguda,LAIKERA,JAMMAL,KARLA,89
Jharuguda,LAIKERA,JAMMAL,NAIK KARLA,5
Jharuguda,LAIKERA,JAMMAL,TAPAGUNJA,7
Jharuguda,LAIKERA,KHUNTAMAL,BARHAMUSA,46
Jharuguda,LAIKERA,KHUNTAMAL,KHUNTAMAL,31
Jharuguda,LAIKERA,KHUNTAMAL,SUDUNG,322
Jharuguda,LAIKERA,KULEMURA,KULEMURA,75
Jharuguda,LAIKERA,KULEMURA,MUNDRAJORE,28
Jharuguda,LAIKERA,NIKTIMAL,NIKTIMAL,62
Jharuguda,LAIKERA,PAKELPADA,PAKELPADA,66
Jharuguda,LAIKERA,SAHASPUR,BANDHPALI,3
Jharuguda,LAIKERA,SAHASPUR,CHANDANIMAL,2
Jharuguda,LAIKERA,SAHASPUR,CHANDNIMAL,30
Jharuguda,LAIKERA,SARANGLOI,SARANGLOI,36
Jharuguda,LAIKERA,TILEIMAL,BADDHURIAM,64
Jharuguda,LAIKERA,TILEIMAL,KANKARMUNDA,59
Jharuguda,LAIKERA,TILEIMAL,KUKERAMA,9
Jharuguda,LAIKERA,TILEIMAL,TILEIMAL,36
Jharuguda,LAKHANPUR,BANDHBAHAL,SAHAJBAHAL,6
Jharuguda,LAKHANPUR,BANJARI,BARTAP,1
Jharuguda,LAKHANPUR,BHANRKHOL,SAGARPALI,20
Jharuguda,LAKHANPUR,KADAMDIHI,GOBINDPUR,7
Jharuguda,LAKHANPUR,KADAMDIHI,KANDADIHI,3
Jharuguda,LAKHANPUR,KADAMDIHI,KUTRAPALI,10
Jharuguda,LAKHANPUR,KATARBAGA,BAUNSENPALI,2
Jharuguda,LAKHANPUR,KATARBAGA,KATARBAGA,3
Jharuguda,LAKHANPUR,KUDALOI,KUDALOI,4
Jharuguda,LAKHANPUR,KUMBHARBANDH,KUMBHARBANDH,29
Jharuguda,LAKHANPUR,KUSURALOI,KUSURALOI,3
Jharuguda,LAKHANPUR,LAKHANPUR,KARLAJORE,4
Jharuguda,LAKHANPUR,LAKHANPUR,KHALIAPALI,4
Jharuguda,LAKHANPUR,LAKHANPUR,LAKHANPUR,12
Jharuguda,LAKHANPUR,LAKHANPUR,MOULIBERNA,1
Jharuguda,LAKHANPUR,LAKHANPUR,PIKOL,27
Jharuguda,LAKHANPUR,LAKHANPUR,SOLDIA,37
Jharuguda,LAKHANPUR,MACHIDA,BARJHA,8
Jharuguda,LAKHANPUR,MACHIDA,DEOPALI,5
Jharuguda,LAKHANPUR,MACHIDA,TENGNAMAL,1
Jharuguda,LAKHANPUR,PIPLIKANI,PIPLIKANI,13
Jharuguda,LAKHANPUR,RAMPELLA,RAMPELLA,19
Jharuguda,LAKHANPUR,REMENDA,REMENDA,17
Jharuguda,LAKHANPUR,SARANDAMAL,BANJIPALI,5
Jharuguda,LAKHANPUR,SARANDAMAL,KIRARAMA,26
Jharuguda,LAKHANPUR,TILIA,TILIA,46
Kalahandi,BHAWANIPATNA,BHEJIPADAR,GUDIALPADAR,23
Kalahandi,BHAWANIPATNA,BIJEPUR,UDIPUR,6
Kalahandi,BHAWANIPATNA,CHANCHER,BENGAON,22
Kalahandi,BHAWANIPATNA,CHANCHER,BHALIA,9
Kalahandi,BHAWANIPATNA,CHANCHER,MARNABAHALI,3
Kalahandi,BHAWANIPATNA,CHANCHER,TENGNABAHALI,11
Kalahandi,BHAWANIPATNA,CHANCHER,UPPERPIPLI,4
Kalahandi,BHAWANIPATNA,CHHELIAMAL,CHHELIAMAL,4
Kalahandi,BHAWANIPATNA,CHHELIAMAL,SARGIGUDA,15
Kalahandi,BHAWANIPATNA,CHHELIAMAL,TURPI,18
Kalahandi,BHAWANIPATNA,DADPUR,DUMERBAHAL,5
Kalahandi,BHAWANIPATNA,DADPUR,JAMUNABAHAL,18
Kalahandi,BHAWANIPATNA,DEPUR,CHHATIKUDA,21
Kalahandi,BHAWANIPATNA,DUARSANI,BUNDELGUDA,18
Kalahandi,BHAWANIPATNA,DUARSANI,GUNDCHI PADAR,28
Kalahandi,BHAWANIPATNA,DUARSANI,KUTENPADAR,13
Kalahandi,BHAWANIPATNA,DUARSUNI,GUNDUCHIPADAR,1
Kalahandi,BHAWANIPATNA,DUMURIA,DUMURIA,15
Kalahandi,BHAWANIPATNA,DUMURIA,GANDBASA,3
Kalahandi,BHAWANIPATNA,DUMURIA,MASIGAON,60
Kalahandi,BHAWANIPATNA,DUMURIA,ROJNAPUR,2
Kalahandi,BHAWANIPATNA,DUMURIA,SALEGAON,54
Kalahandi,BHAWANIPATNA,DUMURIA,SIKUAN,16
Kalahandi,BHAWANIPATNA,GANDABARAJHOLA,TILJODI,16
Kalahandi,BHAWANIPATNA,GONDBARAJHOLA,GONDBARAJHOLA,1
Kalahandi,BHAWANIPATNA,GUADIALI PADAR,ICHHAPUR,1
Kalahandi,BHAWANIPATNA,GUDIALIPADAR,KURLUBHATA,11
Kalahandi,BHAWANIPATNA,JUGSAIPATNA,GURPANG,16
Kalahandi,BHAWANIPATNA,JUGSAIPATNA,HARDAGUDA,12
Kalahandi,BHAWANIPATNA,JUGSAIPATNA,MIANGPADAR,10
Kalahandi,BHAWANIPATNA,JUGSAIPATNA,MIANGPADAR (MUSHIGUDA),1
Kalahandi,BHAWANIPATNA,JUGSAIPATNA,MIANGPADAR (MUSIGUDA),2
Kalahandi,BHAWANIPATNA,JUGSAIPATNA,MIANGPADAR (UPPERPAKHI),2
Kalahandi,BHAWANIPATNA,JUGSAIPATNA,RUKUNIBANDEL,9
Kalahandi,BHAWANIPATNA,KALAM,BELEIKUNI,14
Kalahandi,BHAWANIPATNA,KALAM,BILEIKUNI,11
Kalahandi,BHAWANIPATNA,KALAM,KALAM,12
Kalahandi,BHAWANIPATNA,KAMATHANA,DUMAL,5
Kalahandi,BHAWANIPATNA,KARLAGUDA,KARLAGUDA,17
Kalahandi,BHAWANIPATNA,KULIAMAL,KAUGOPNA,11
Kalahandi,BHAWANIPATNA,KULIAMAL,KURUMACHUAN,10
Kalahandi,BHAWANIPATNA,KUTRUKHAMAR,BADILI,2
Kalahandi,BHAWANIPATNA,KUTRUKHAMAR,GOBARA,13
Kalahandi,BHAWANIPATNA,KUTRUKHAMAR,GONDBARAJHOLA,31
Kalahandi,BHAWANIPATNA,KUTRUKHAMAR,KUTRUKHAMAR,13
Kalahandi,BHAWANIPATNA,MALGAON,KANDHBANDOPALA,9
Kalahandi,BHAWANIPATNA,MALGAON,KARLAKORT,13
Kalahandi,BHAWANIPATNA,MALGAON,KUSUMADARA,34
Kalahandi,BHAWANIPATNA,MALGAON,MALGAON,17
Kalahandi,BHAWANIPATNA,MALGAON,PHATAPADA,8
Kalahandi,BHAWANIPATNA,PALANA,KANDAKHAL,70
Kalahandi,BHAWANIPATNA,PALSIJHARAN,BHIKAJHARAN,45
Kalahandi,BHAWANIPATNA,PALSIJHARAN,DUNGIPUNGA,7
Kalahandi,BHAWANIPATNA,PALSIJHARAN,GHUSURIGUDI,31
Kalahandi,BHAWANIPATNA,PALSIJHARAN,KHOLANDI,28
Kalahandi,BHAWANIPATNA,PALSIJHARAN,PALSIJHARAN,5
Kalahandi,BHAWANIPATNA,PALSIJHARAN,TENTULICHUAN,4
Kalahandi,BHAWANIPATNA,PODHAMUNDI,CHHELIAMAL,8
Kalahandi,BHAWANIPATNA,RISIGAON,AMPADA,9
Kalahandi,BHAWANIPATNA,RISIGAON,GAJKHALA,7
Kalahandi,BHAWANIPATNA,RISIGAON,GANDABANDOPALA,6
Kalahandi,BHAWANIPATNA,RISIGAON,HERATEKA,6
Kalahandi,BHAWANIPATNA,RISIGAON,MUNDAPALA,17
Kalahandi,BHAWANIPATNA,RISIGAON,PARATOLA,6
Kalahandi,BHAWANIPATNA,SAGADA,ADRANG,12
Kalahandi,BHAWANIPATNA,SAGADA,AMJORE,7
Kalahandi,BHAWANIPATNA,SAGADA,BHOIGUDA,2
Kalahandi,BHAWANIPATNA,SAGADA,DAKIBANDAL,10
Kalahandi,BHAWANIPATNA,SAGADA,DP,22
Kalahandi,BHAWANIPATNA,SAGADA,KATING KUNA,21
Kalahandi,BHAWANIPATNA,SAGADA,KITPADAR,6
Kalahandi,BHAWANIPATNA,SAGADA,LABANYASAR,7
Kalahandi,BHAWANIPATNA,SAGADA,LELINGPADAR,12
Kalahandi,BHAWANIPATNA,SAGADA,MAKHAGUDA,1
Kalahandi,BHAWANIPATNA,SAGADA,MERKUL,7
Kalahandi,BHAWANIPATNA,SAGADA,NAGJHARI,3
Kalahandi,BHAWANIPATNA,SAGADA,PALSAPADAR,2
Kalahandi,BHAWANIPATNA,SAGADA,PUERMAL,10
Kalahandi,BHAWANIPATNA,SAGADA,SAGADA,7
Kalahandi,BHAWANIPATNA,SAGADA,SANKHARIGUDA,7
Kalahandi,BHAWANIPATNA,SAGADA,SARGIGUDA,5
Kalahandi,BHAWANIPATNA,SAGADA,TALBORAKHOJ,8
Kalahandi,BHAWANIPATNA,TAL BELGAON,TALBELGAON,7
Kalahandi,BHAWANIPATNA,TALBELGAON,BUDHIPADAR,1
Kalahandi,BHAWANIPATNA,TALBELGAON,KERANDIPADAR,5
Kalahandi,BHAWANIPATNA,TALBELGAON,KHAING,1
Kalahandi,BHAWANIPATNA,TALBELGAON,TALBELGAON,5
Kalahandi,BHAWANIPATNA,THUAPADAR,DANGRIPADAR,5
Kalahandi,BHAWANIPATNA,UDEPUR,DONGARGARH,10
Kalahandi,DHARMAGARH,BADBASUL,RAULA HALDI,6
Kalahandi,DHARMAGARH,BRAHMAN CHHENDIA,BRAHMAN CHHENDIA,11
Kalahandi,DHARMAGARH,DUMERGUDA,KERMUNDA,2
Kalahandi,DHARMAGARH,DUMERGUDA,MUKHIGUDA,5
Kalahandi,DHARMAGARH,NAND GAON,BADFURLA,2
Kalahandi,DHARMAGARH,TENDAPALI,TENDAPALI,12
Kalahandi,DHARMAGARH,TIPIGUDA,BOKRASIL,7
Kalahandi,DHARMAGARH,TIPIGUDA,KOTAMER,5
Kalahandi,DHARMAGARH,TIPIGUDA,TIPIGUDA(RAJPUR),1
Kalahandi,DHARMGARH,DUMERGUDA,(KIRKAKANI) TIPIGUDA,1
Kalahandi,DHARMGARH,DUMERGUDA,KIRKAKANI,5
Kalahandi,DHARMGARH,TIPIGUDA,RAINGUDA (RAJPUR),2
Kalahandi,DHARMGARH,TUPIGUDA,RAINGUDA (RAJPUR),1
Kalahandi,GOLAMUNDA,BADACHERAGAON,GARAGABA,5
Kalahandi,GOLAMUNDA,BADACHERGAON,BADACHERGAON,11
Kalahandi,GOLAMUNDA,BADCHERGAON,BADCHERGAON,36
Kalahandi,GOLAMUNDA,BADCHERGAON,FATAMUNDA,2
Kalahandi,GOLAMUNDA,BADCHERGAON,GARAGAB,3
Kalahandi,GOLAMUNDA,BADCHERGAON,KARLAGAON,3
Kalahandi,GOLAMUNDA,BADCHERGAON,RAM CH.PUR,3
Kalahandi,GOLAMUNDA,BORGUDA,KUTRUCHUAN,5
Kalahandi,GOLAMUNDA,BRUNDABAGHAL,BAIDALPUR,3
Kalahandi,GOLAMUNDA,BRUNDABAHAL,BAIJALPUR,26
Kalahandi,GOLAMUNDA,CHAHAKA,CHAHAKA,4
Kalahandi,GOLAMUNDA,CHAHAKA,JHINKIPADAR,7
Kalahandi,GOLAMUNDA,CHAHAKA,KUTRABAHALI,3
Kalahandi,GOLAMUNDA,CHAHAKA,PURUNAPANI,13
Kalahandi,GOLAMUNDA,DASPUR,DASPUR,40
Kalahandi,GOLAMUNDA,DHAMANPUR,(DHAMANPUR) BORGUMA,1
Kalahandi,GOLAMUNDA,DHAMANPUR,DHAMANPUR,2
Kalahandi,GOLAMUNDA,DHAMANPUR,DHAMANPUR (JAMGUDABAHAL),1
Kalahandi,GOLAMUNDA,DHAMANPUR,JAMJHARAN,23
Kalahandi,GOLAMUNDA,DHAMANPUR,KALAMABARI,2
Kalahandi,GOLAMUNDA,DHAMANPUR,KAMALABARI,3
Kalahandi,GOLAMUNDA,DHAMANPUR,KHAINSGUDA,10
Kalahandi,GOLAMUNDA,DHAMANPUR,KHAISGUDA,25
Kalahandi,GOLAMUNDA,DHAMANPUR,KHASIGUDA,1
Kalahandi,GOLAMUNDA,DHAMANPUR,KULIHARIGUDA,2
Kalahandi,GOLAMUNDA,DHAMANPUR,MAKUNDPUR,1
Kalahandi,GOLAMUNDA,DHAMANPUR,MUKUNDAPUR,10
Kalahandi,GOLAMUNDA,DHAMANPUR,TENDOPANI,1
Kalahandi,GOLAMUNDA,DHAMANPUR,TINDOPANI,6
Kalahandi,GOLAMUNDA,FARANG,GADALAJHARAN,6
Kalahandi,GOLAMUNDA,FARANG,KARLAGUDA,7
Kalahandi,GOLAMUNDA,FUNDA,FUNDA,6
Kalahandi,GOLAMUNDA,GANDAMER,SARGIGUDA,8
Kalahandi,GOLAMUNDA,GOLAMUNDA,GGOOLLAAMMUUNNDDAA (NUAPADA),1
Kalahandi,GOLAMUNDA,GOLAMUNDA,GOLAMUNDA,32
Kalahandi,GOLAMUNDA,GOLAMUNDA,GOLAMUNDA ( PHOIRIPANI),9
Kalahandi,GOLAMUNDA,GOLAMUNDA,GOLAMUNDA ((NNUUAAPPAADDAA)),1
Kalahandi,GOLAMUNDA,GOLAMUNDA,GOLAMUNDA (DEKNAPADA),23
Kalahandi,GOLAMUNDA,GOLAMUNDA,GOLAMUNDA (KENDUPANI),7
Kalahandi,GOLAMUNDA,GOLAMUNDA,GOLAMUNDA (NUAPADA),48
Kalahandi,GOLAMUNDA,GOLAMUNDA,GOLAMUNDA (PHOIRIPANI),19
Kalahandi,GOLAMUNDA,GOLAMUNDA,GOLAMUNDA (SAMRATH BASA),2
Kalahandi,GOLAMUNDA,GOLAMUNDA,GOLAMUNDA DEKNAPADAR,8
Kalahandi,GOLAMUNDA,GOLAMUNDA,GOLAMUNDA KADLIMUNDA,9
Kalahandi,GOLAMUNDA,GOLAMUNDA,SAMARATHA BASA,9
Kalahandi,GOLAMUNDA,JURADOBRI,KARNIKHUNTI,20
Kalahandi,GOLAMUNDA,KEGAON,KEGAON,1
Kalahandi,GOLAMUNDA,KEGAON,SANCHERGAON,14
Kalahandi,GOLAMUNDA,KHALIAKANI,SUKUNIMUNDA,10
Kalahandi,GOLAMUNDA,KHALIAPALI,BHANDARKACHAR,6
Kalahandi,GOLAMUNDA,KHALIAPALI,KALIPUR,6
Kalahandi,GOLAMUNDA,KHALIAPALI,KANAKPUR,14
Kalahandi,GOLAMUNDA,KHALIAPALI,KASTURAPADAR,15
Kalahandi,GOLAMUNDA,KHALIAPALI,KHALIAPALI,52
Kalahandi,GOLAMUNDA,KHALIAPALI,UDEPUR,9
Kalahandi,GOLAMUNDA,KHALKIAKANI,KHALIAKANI,1
Kalahandi,GOLAMUNDA,KUHURA,BHATIPARA,1
Kalahandi,GOLAMUNDA,MAHALING,BETARAJPALI,33
Kalahandi,GOLAMUNDA,MAHALING,JAYANTPUR,79
Kalahandi,GOLAMUNDA,MAHALING,KADOBHATA,9
Kalahandi,GOLAMUNDA,MAHALING,KODOBHATA,1
Kalahandi,GOLAMUNDA,MAHALING,LETER,7
Kalahandi,GOLAMUNDA,MAHALING,MAHALING,5
Kalahandi,GOLAMUNDA,MAHALING,MAKRAGUDA,5
Kalahandi,GOLAMUNDA,MANJHARI,DANGARIGUDA,10
Kalahandi,GOLAMUNDA,MANJHARI,DUNGRIGUDA,13
Kalahandi,GOLAMUNDA,MANJHARI,MANJHARI,20
Kalahandi,GOLAMUNDA,MANJHARI,TUMURA,6
Kalahandi,GOLAMUNDA,MANJHIRA,UDESRUNGA,6
Kalahandi,GOLAMUNDA,MUNDARAGUDA,KANDURIPADAR,23
Kalahandi,GOLAMUNDA,NAKATIKANI,ANTARLA,6
Kalahandi,GOLAMUNDA,NAKATIKANI,ANTARLA (AMULYAPADAR),3
Kalahandi,GOLAMUNDA,NAKATIKANI,GUDUGHUGHUMA,13
Kalahandi,GOLAMUNDA,NAKATIKANI,NAKATIKANI,20
Kalahandi,GOLAMUNDA,NAKTIKANI,AMURLAPADAR,15
Kalahandi,GOLAMUNDA,NAKTIKANI,ANTARLA,10
Kalahandi,GOLAMUNDA,NAKTIKANI,GIRINDOL,1
Kalahandi,GOLAMUNDA,NAKTIKANI,GUDRUGHUMA,3
Kalahandi,GOLAMUNDA,NAKTIKANI,JHULENBAR,28
Kalahandi,GOLAMUNDA,NAKTIKANI,JHULENBAR (KATULPADAR),42
Kalahandi,GOLAMUNDA,NAKTIKANI,KATULAPADAR,2
Kalahandi,GOLAMUNDA,NAKTIKANI,NAKTIKANI,16
Kalahandi,GOLAMUNDA,NAKTIKANI,PATELPADA,14
Kalahandi,GOLAMUNDA,NUAGAON,MADHUPUR PADMAPUR,10
Kalahandi,GOLAMUNDA,NUAGAON,PADMAPUR,2
Kalahandi,GOLAMUNDA,NUAGAON,RAMACHANDRAPUR,10
Kalahandi,GOLAMUNDA,NUAGAON,RAMCHANDRAPUR,10
Kalahandi,GOLAMUNDA,NUAGAON,SINDHIBHADI,9
Kalahandi,GOLAMUNDA,RENGSAPALI,BODELPALI,4
Kalahandi,GOLAMUNDA,RENGSAPALI,KARPA,8
Kalahandi,GOLAMUNDA,RENGSAPALI,KARPA (KODOBAHAL),1
Kalahandi,GOLAMUNDA,RENGSAPALI,NUAMUNDA,4
Kalahandi,GOLAMUNDA,RENGSAPALI,PADAMPUR,8
Kalahandi,GOLAMUNDA,RENGSAPALI,SANKRIPALI,54
Kalahandi,GOLAMUNDA,SINAPALI,LANJI,9
Kalahandi,GOLAMUNDA,SINAPALI,MAHENDRAPUR,24
Kalahandi,GOLAMUNDA,SINAPALI,SINAPALI,15
Kalahandi,GOLAMUNDA,TIDINGPADAR,CHAPRIA,12
Kalahandi,GOLAMUNDA,TIPIGUDA,BOKRASIL,1
Kalahandi,GOLAMUNDA,TIPIGUDA,RAINGUDA,1
Kalahandi,GOLAMUNDA,UCHHALA,AINLI,1
Kalahandi,GOLAMUNDA,UCHHALA,AMBAMUNDA,16
Kalahandi,GOLAMUNDA,UCHHALA,UCHHALA,2
Kalahandi,GOLAMUNDA,UCHHLA,ANILI,12
Kalahandi,GOLAMUNDA,UCHHLA,UCHHLA,11
Kalahandi,JAIPATNA,AINLABHATA,JARIGUMA,26
Kalahandi,JAIPATNA,AINLABHATA,PODAKHOL,6
Kalahandi,JAIPATNA,ANLABHATA,JARIGUMA,28
Kalahandi,JAIPATNA,ANLABHATA,SAG JORE,9
Kalahandi,JAIPATNA,ANLABHATA,SAGJORE,4
Kalahandi,JAIPATNA,BANER,LUHABAHAL,2
Kalahandi,JAIPATNA,DHANSULI,CHHATA- BANDUGUDA,6
Kalahandi,JAIPATNA,DHANSULI,PANDI,10
Kalahandi,JAIPATNA,JAYAPATNA,ANILABHATA,1
Kalahandi,JAIPATNA,MUKHIGUDA,MUKHIGUDA,6
Kalahandi,JAIPATNA,MUKHIGUDA,MUKHIGUDA (TALAGUDA),4
Kalahandi,JAIPATNA,RENGALPALI,GOPALPUR,13
Kalahandi,JAIPATNA,RENGALPALI,RENGAPALI,3
Kalahandi,JAIPATNA,RENGALPALI,TALPADAR (KADOGUDA),5
Kalahandi,JAIPATNA,RENGSAPALI,RENGSAPALI,3
Kalahandi,JAIPATNA,RREENNGGAALL PPAALLII,TALPALI,18
Kalahandi,JAIPATNA,SARGIGUDA,SARGIGUDA,9
Kalahandi,JAIPATNA,UCHHALA,KUMJORE,35
Kalahandi,JAIPATNA,UCHHALA,PANDARIPAKHAN,5
Kalahandi,JAIPATNA,UCHHALA,PANDRIPAKHAN,3
Kalahandi,JUNAGARH,BADCHERGAON,KARLAGAON,4
Kalahandi,JUNAGARH,BANKAPALAS,BALARAMPUR,15
Kalahandi,JUNAGARH,BANKAPALAS,RATANAPALA,2
Kalahandi,JUNAGARH,BANKAPALAS,RATANPALA,4
Kalahandi,JUNAGARH,BANKPALAS,RATANPALA,3
Kalahandi,JUNAGARH,BUDHIDARA,BADTIKRAGUDA,71
Kalahandi,JUNAGARH,BUDHIDARA,BALRAMPUR,38
Kalahandi,JUNAGARH,BUDHIDARA,BEHERAGUDA,16
Kalahandi,JUNAGARH,BUDHIDARA,BUDHIDARA,4
Kalahandi,JUNAGARH,BUDHIDARA,DAINIGUDA,5
Kalahandi,JUNAGARH,BUDHIDARA,LAKHANAPADA,10
Kalahandi,JUNAGARH,BUDHIDARA,PIPALGUDA (UPPARPADA),4
Kalahandi,JUNAGARH,BUDHIDARA,SANKARPALA,3
Kalahandi,JUNAGARH,BUDHIDARA,SHANKARPALA,14
Kalahandi,JUNAGARH,BUDHIDARA,TENTULIPADA,68
Kalahandi,JUNAGARH,CHAHARBHATI,SANKRIGUDA,10
Kalahandi,JUNAGARH,CHARABHATI,SANKRIGUDA,9
Kalahandi,JUNAGARH,CHARBHATI,KADOPADAR,2
Kalahandi,JUNAGARH,CHARBHATI,PITAGUDA,8
Kalahandi,JUNAGARH,CHARBHATI,PITAGUDA (PANASPUR),9
Kalahandi,JUNAGARH,DADER,DADER,5
Kalahandi,JUNAGARH,DASIGAON,CHERKHASIGUDA,8
Kalahandi,JUNAGARH,DEDER,DEDER,21
Kalahandi,JUNAGARH,DEYDAR,BANDAGUDA,44
Kalahandi,JUNAGARH,DEYDAR,GOLAMUNDA,20
Kalahandi,JUNAGARH,DEYDAR,SORISAMAL,6
Kalahandi,JUNAGARH,DEYDAR,SURELI,14
Kalahandi,JUNAGARH,DEYDARA,GOLAMUNDA,59
Kalahandi,JUNAGARH,DEYDARA,KANKRIMAL,9
Kalahandi,JUNAGARH,DUNDELMAL,DUNDELMAL,16
Kalahandi,JUNAGARH,DUNDELMAL,JILINDARA,44
Kalahandi,JUNAGARH,DUNDELMAL,KANKERIMAL,2
Kalahandi,JUNAGARH,DUNDELMAL,KUTINGPADAR,17
Kalahandi,JUNAGARH,DUNDELMAL,PUTIACHURA,2
Kalahandi,JUNAGARH,DUNDELMAL,ZILLENDAR,8
Kalahandi,JUNAGARH,GOLAMUNDA,GOLAMUNDA,1
Kalahandi,JUNAGARH,GOLAMUNDA,GOLAMUNDA (FOIRIPANI),23
Kalahandi,JUNAGARH,GOLAMUNDA,KADALIMUNDA,1
Kalahandi,JUNAGARH,KALEIGAON,DABRIGUDA,9
Kalahandi,JUNAGARH,KALEIGAON,JAMCHUAN,4
Kalahandi,JUNAGARH,KALEIGAON,KALEIGAON,6
Kalahandi,JUNAGARH,KALEIGAON,KULIHARI,1
Kalahandi,JUNAGARH,KENDUPARTY,BRAMHNIGUDA,3
Kalahandi,JUNAGARH,MATHGAON,DABJHARAN,5
Kalahandi,JUNAGARH,TALAJARING,LABANIPUR,25
Kalahandi,JUNAGARH,TALJARING,LABANIPUR,23
Kalahandi,JUNAGARH,TIPIGUDA,BOKRASIL,7
Kalahandi,JUNAGARH,TIPIGUDA,TEKPADA,8
Kalahandi,JUNAGRH,CHICHIGUDA,SANTIPUR,10
Kalahandi,JUNAGRH,KALIAKUNDAL,MUNDIGUDA,12
Kalahandi,KALAMPUR,DEYPUR,DEYPUR,1
Kalahandi,KALAMPUR,DEYPUR,ICHHAPUR,64
Kalahandi,KALAMPUR,DEYPUR,KADLICHUAN,9
Kalahandi,KALAMPUR,HARNAMAL,JHARABAHALI,9
Kalahandi,KALAMPUR,KALAMPUR,GUMABAHAL,3
Kalahandi,KALAMPUR,KALAMPUR,KALAMPUR,19
Kalahandi,KALAMPUR,KALAMPUR,PARKIGUDA,1
Kalahandi,KALAMPUR,MANDAL,BALAGAON,9
Kalahandi,KALAMPUR,MINGUR,DERLAPADA,13
Kalahandi,KALAMPUR,MINGUR,KARMEL,30
Kalahandi,KALAMPUR,PANDIGAON,BARDOLI,13
Kalahandi,KALAMPUR,PANDIGAON,GOUDAKENDUGUDA,5
Kalahandi,KALAMPUR,PANDIGAON,PAJEN,6
Kalahandi,KARLAMUNDA,BORPADAR,BHATAPALA,6
Kalahandi,KARLAMUNDA,BORPADAR,KHALIAPALI,30
Kalahandi,KESINGA,ADHAMUNDA,JHARKUSUMKHUNTI,4
Kalahandi,KESINGA,BORIA,NAGUPALA,12
Kalahandi,KESINGA,DEO GAON,MAHAGAON,3
Kalahandi,KESINGA,DEOGAON,DEOGAON,17
Kalahandi,KESINGA,DEOGAON,JAMJORE,17
Kalahandi,KESINGA,DEOGAON,MAHAGAON,12
Kalahandi,KESINGA,DIO,NAGUPALA,1
Kalahandi,KESINGA,GAIGAON,KHAMARI,10
Kalahandi,KESINGA,LAITARA,JOLKO,14
Kalahandi,KESINGA,NASIGAON,PIPALBHADI,9
Kalahandi,KESINGA,TURLAKHAMAN,TURLAKHAMAN,16
Kalahandi,KOKSARA,AMPANI,BIRIMUHANA,22
Kalahandi,KOKSARA,AMPANI,JHULENBAR,51
Kalahandi,KOKSARA,AMPANI,JHULENBAR (GAIBANDHA),10
Kalahandi,KOKSARA,AMPANI,KANDAGARH,129
Kalahandi,KOKSARA,BARADANGA,SIUNI,15
Kalahandi,KOKSARA,DHANARPUR,CHHANCHANA BAHALI,3
Kalahandi,KOKSARA,DUDKATHENGA,KHALIAGARH,16
Kalahandi,KOKSARA,DUDKATHENGA,KHALIGARH,9
Kalahandi,KOKSARA,GOTAMUNDA,KULERGUDA,27
Kalahandi,KOKSARA,GOTAMUNDA,SANPODAGUDA,13
Kalahandi,KOKSARA,GOTEMUNDA,PIPALCHHAPAR,9
Kalahandi,KOKSARA,GOTHMUNDA,MANGALPUR,6
Kalahandi,KOKSARA,GOTTAMUNDA,PODAGUDA,4
Kalahandi,KOKSARA,MAHIMA,MAHIMA,4
Kalahandi,LANJIGARH,BAHDHAPARI,BAITIKHAMAN ( DANGAJORE),3
Kalahandi,LANJIGARH,BANDH PARI,BAD BANIGAON,15
Kalahandi,LANJIGARH,BANDHAPARI,BEDAGAON,2
Kalahandi,LANJIGARH,BANDHAPARI,BEDAGAON (KUBURI),1
Kalahandi,LANJIGARH,BANDHAPARI,BELAGUDA,12
Kalahandi,LANJIGARH,BANDHAPARI,DANGARI,19
Kalahandi,LANJIGARH,BANDHAPARI,DANJAJORE,28
Kalahandi,LANJIGARH,BANDHAPARI,DEHEDA,3
Kalahandi,LANJIGARH,BANDHAPARI,HATISHALA,7
Kalahandi,LANJIGARH,BANDHAPARI,KHAJURIGUDA,8
Kalahandi,LANJIGARH,BANDHAPARI,KUMKHAL,13
Kalahandi,LANJIGARH,BANDHAPARI,KUTRUBANDH,7
Kalahandi,LANJIGARH,BANDHAPARI,LUMA,13
Kalahandi,LANJIGARH,BANDHAPARI,PANCHAKODI,14
Kalahandi,LANJIGARH,BANDHAPARI,RAJENDRAPUR,16
Kalahandi,LANJIGARH,BANDHPARI,PHUTADANGARI ( LUMA),16
Kalahandi,LANJIGARH,BATELAMA,BORINGPADAR,11
Kalahandi,LANJIGARH,BATELIMA,BELAMBA,9
Kalahandi,LANJIGARH,BBAANNDDHH PPAARRII,BBAADD BBAANNIIGGAAOONN,1
Kalahandi,LANJIGARH,BENGAON,ASURGUDA,2
Kalahandi,LANJIGARH,BENGAON,BETIAPADA,8
Kalahandi,LANJIGARH,BENGAON,DHANRABHATA,2
Kalahandi,LANJIGARH,BENGAON,DHODEL,10
Kalahandi,LANJIGARH,BENGAON,LITIBUNDEL,6
Kalahandi,LANJIGARH,BENGAON,PENGSUR,1
Kalahandi,LANJIGARH,BENGAON,SANKHALGUDA,2
Kalahandi,LANJIGARH,BHURTIGARH,KATHSAMA (KADOMASKA),4
Kalahandi,LANJIGARH,BIJEPUR,BALISARA,19
Kalahandi,LANJIGARH,BIJEPUR,BALISORA,16
Kalahandi,LANJIGARH,BIJEPUR,BHEJARANGA,11
Kalahandi,LANJIGARH,BIJEPUR,DAKARIGUDA,3
Kalahandi,LANJIGARH,BIJEPUR,KALAKUPA,42
Kalahandi,LANJIGARH,BIJEPUR,KARANAMUNDA,20
Kalahandi,LANJIGARH,BIJEPUR,SARALANJI,6
Kalahandi,LANJIGARH,BIJEPUR,TALAKALIMA,19
Kalahandi,LANJIGARH,BIJEPUR,TALKALIMA,1
Kalahandi,LANJIGARH,BISWANATHPUR,BISWANATHPUR,35
Kalahandi,LANJIGARH,BISWANATHPUR,BISWANATHPUR (KAKARLA),14
Kalahandi,LANJIGARH,BISWANATHPUR,ISNALA,10
Kalahandi,LANJIGARH,BISWANATHPUR,KANDHATOPI,9
Kalahandi,LANJIGARH,BISWANATHPUR,SSUUKKPPAADDAARR// KUTINGAPADAR,6
Kalahandi,LANJIGARH,BISWANATHPUR,SUKHAPADAR,10
Kalahandi,LANJIGARH,CHAMPADEIPUR,BADJAMKIHEJU,2
Kalahandi,LANJIGARH,CHAMPADEIPUR,BILATIPADAR,10
Kalahandi,LANJIGARH,CHAMPADEIPUR,CHAMPADEIPUR,1
Kalahandi,LANJIGARH,CHAMPADEIPUR,CHANDANPUR,3
Kalahandi,LANJIGARH,CHAMPADEIPUR,HARIHARAPUR,2
Kalahandi,LANJIGARH,CHAMPADEIPUR,JAMKIHEJU,23
Kalahandi,LANJIGARH,CHAMPADEIPUR,JODABANDH,8
Kalahandi,LANJIGARH,CHAMPADEIPUR,NUTANABATEL,8
Kalahandi,LANJIGARH,CHAMPADEIPUR,PRATAP PUR,5
Kalahandi,LANJIGARH,CHAMPADEIPUR,SAMALKUCHA,17
Kalahandi,LANJIGARH,CHHATRAPUR,BAIRIKUPULI,14
Kalahandi,LANJIGARH,CHHATRAPUR,HAREKRUSHNAPUR,6
Kalahandi,LANJIGARH,CHHATRAPUR,KASHIBADI,13
Kalahandi,LANJIGARH,CHHATRAPUR,LEPTAGUDA,31
Kalahandi,LANJIGARH,CHHATRAPUR,MOHANGUDA,7
Kalahandi,LANJIGARH,CHHATRAPUR,NANGAL BEDA,19
Kalahandi,LANJIGARH,CHHATRAPUR,NANGALBEDA,3
Kalahandi,LANJIGARH,DUMERMUNDA,DUMERMUNDA,6
Kalahandi,LANJIGARH,GOBARDHAN PUR,BHALUCHANCHRA,6
Kalahandi,LANJIGARH,GOBARDHAN PUR,LAKTA KHAMAN,9
Kalahandi,LANJIGARH,GOBARDHAN PUR,PAIDMAL,22
Kalahandi,LANJIGARH,GOBARDHAN PUR,PATVALER,4
Kalahandi,LANJIGARH,GOBARDHAN PUR,TEKARTULA,9
Kalahandi,LANJIGARH,GOBARDHANPUR,BHALU CHANCHARA,3
Kalahandi,LANJIGARH,GOBARDHANPUR,GOPALPUR,7
Kalahandi,LANJIGARH,GOBARDHANPUR,LAKATA KHAMAN,10
Kalahandi,LANJIGARH,GOBARDHANPUR,MADHUPUR,4
Kalahandi,LANJIGARH,GOBARDHANPUR,PAIDMAL,6
Kalahandi,LANJIGARH,GOBARDHANPUR,PATBHALER,4
Kalahandi,LANJIGARH,GOBARDHNPUR,PAIDAMAL,5
Kalahandi,LANJIGARH,KAMARDHA,BADIBAHAL,6
Kalahandi,LANJIGARH,KAMARDHA,DHAMANKATA,6
Kalahandi,LANJIGARH,KAMARDHA,DHODEL (KAKASUR),5
Kalahandi,LANJIGARH,KAMARDHA,DUMENIJHOLA,4
Kalahandi,LANJIGARH,KAMARDHA,GHODAPOKHARI,4
Kalahandi,LANJIGARH,KAMARDHA,GOTEN,3
Kalahandi,LANJIGARH,KAMARDHA,KOTABUNDEL,2
Kalahandi,LANJIGARH,KAMARDHA,LITIBUNDEL,1
Kalahandi,LANJIGARH,KAMARDHA,MUNDAGAON,18
Kalahandi,LANJIGARH,KAMARDHA,PIPALPADA,8
Kalahandi,LANJIGARH,KAMARDHA,TURIBAKTI,1
Kalahandi,LANJIGARH,KANKUTRU,KANHABORI,16
Kalahandi,LANJIGARH,KANKUTRU,KUMBHARPADA,11
Kalahandi,LANJIGARH,KANKUTRU,PAJI KHAMAN,5
Kalahandi,LANJIGARH,KANKUTRU,PUNIGUDA,18
Kalahandi,LANJIGARH,KANKUTRU,RANARANA,9
Kalahandi,LANJIGARH,KANKUTRU,SINDHIBAHALI,11
Kalahandi,LANJIGARH,KANKUTRU,UPARAKALESWAR,6
Kalahandi,LANJIGARH,KEIGAN,THUMALRAMPUR,1
Kalahandi,LANJIGARH,KURMEL,PANGA,37
Kalahandi,LANJIGARH,LAKBAHAL,PATANGPADAR,2
Kalahandi,LANJIGARH,LAKHBAHALI,BALIGUDA,9
Kalahandi,LANJIGARH,LAKHBAHALI,DORASARLI,5
Kalahandi,LANJIGARH,LAKHBAHALI,DURLABANDAL,4
Kalahandi,LANJIGARH,LAKHBAHALI,GHATIKUNDARU,40
Kalahandi,LANJIGARH,LAKHBAHALI,LAKHBAHALI,21
Kalahandi,LANJIGARH,LAKHBAHALI,LERMUHI,6
Kalahandi,LANJIGARH,LAKHBAHALI,PANASPADAR,6
Kalahandi,LANJIGARH,LAKHBAHALI,PATANGPADAR,10
Kalahandi,LANJIGARH,LAKHBAHALI,RANGIGUDA,9
Kalahandi,LANJIGARH,LAKHBAHALI,ROGHAGUDA,8
Kalahandi,LANJIGARH,LAKHBAHALI,SORAGUDA,3
Kalahandi,LANJIGARH,LAKHBAHALI,TALABARA,74
Kalahandi,LANJIGARH,LANJI,DAHANIPADAR,5
Kalahandi,LANJIGARH,LANJI,DANDIGUDA,30
Kalahandi,LANJIGARH,LANJI,DUKRIGUDA,26
Kalahandi,LANJIGARH,LANJI,GOIPITA,7
Kalahandi,LANJIGARH,LANJI,JAMACHUA,16
Kalahandi,LANJIGARH,LANJI,JANABAHALI,10
Kalahandi,LANJIGARH,LANJI,KENDUGUDA,31
Kalahandi,LANJIGARH,LANJI,LORAMBA,6
Kalahandi,LANJIGARH,LANJI,MACHUL,6
Kalahandi,LANJIGARH,LANJI,MATHAGUDA,16
Kalahandi,LANJIGARH,LANJI,SINDHIPADAR,39
Kalahandi,LANJIGARH,LANJI,SURUGUDA,6
Kalahandi,LANJIGARH,LANJI,TENTULIPANGA,9
Kalahandi,LANJIGARH,LANJIGAD,KHALGUDA,10
Kalahandi,LANJIGARH,LANJIGARH,BANIGAON,3
Kalahandi,LANJIGARH,LANJIGARH,BASANTAPADA,26
Kalahandi,LANJIGARH,LANJIGARH,BHATAJHARI,24
Kalahandi,LANJIGARH,LANJIGARH,BHATAJHORI,6
Kalahandi,LANJIGARH,LANJIGARH,BUNDEL,9
Kalahandi,LANJIGARH,LANJIGARH,GOBARDHANPUR,14
Kalahandi,LANJIGARH,LANJIGARH,GOIPITA,10
Kalahandi,LANJIGARH,LANJIGARH,JAMCHUAN,5
Kalahandi,LANJIGARH,LANJIGARH,KAMARDA (AMJHARI),17
Kalahandi,LANJIGARH,LANJIGARH,KARKOLI,4
Kalahandi,LANJIGARH,LANJIGARH,KENDUGUDA,19
Kalahandi,LANJIGARH,LANJIGARH,LANJIGARH,25
Kalahandi,LANJIGARH,LANJIGARH,SAMAJHOLA,3
Kalahandi,LANJIGARH,LANJIGARH,SINDHIBAHALI,17
Kalahandi,LANJIGARH,LANJIGARH ROAD,KADSAMA,6
Kalahandi,LANJIGARH,LANJIGARH ROAD,KARKOLI,3
Kalahandi,LANJIGARH,LANJIGARH ROAD,KIDING,4
Kalahandi,LANJIGARH,LANJIGARH ROAD,PODAPADAR,9
Kalahandi,LANJIGARH,LANJIGARH ROAD,SARGIGUDAPADAR,3
Kalahandi,LANJIGARH,LANJIGARH ROAD,TAADABALA,29
Kalahandi,LANJIGARH,MALIJUBANG,BADSIMELPADAR,1
Kalahandi,LANJIGARH,MALIJUBANG,BATERPADA,3
Kalahandi,LANJIGARH,MALIJUBANG,CHACHAGAON,6
Kalahandi,LANJIGARH,MALIJUBANG,DANGAMUNDI,7
Kalahandi,LANJIGARH,MALIJUBANG,KANDHASARLI,5
Kalahandi,LANJIGARH,MALIJUBANG,PANAPADAR,54
Kalahandi,LANJIGARH,MALIJUBANG,POIGUDA,2
Kalahandi,LANJIGARH,MALIJUBANG,PRADHANIPADA,3
Kalahandi,LANJIGARH,MALIJUBANG,PUKER,6
Kalahandi,LANJIGARH,MALIJUBANG,SAHAJPADA,3
Kalahandi,LANJIGARH,MALIJUBANG,SARGIGUDA,2
Kalahandi,LANJIGARH,MALIJUBANG,SINDHIBHATA,10
Kalahandi,LANJIGARH,MALIJUBANG,SIRKAJHOLA,2
Kalahandi,LANJIGARH,MALIJUBANGA,IDRUPA,2
Kalahandi,LANJIGARH,MALIJUBANGA,KANDHAJUBANGA,11
Kalahandi,LANJIGARH,MALIJUBANGA,KENDUPATA,2
Kalahandi,LANJIGARH,MALIJUBANGA,KENDUPET,42
Kalahandi,LANJIGARH,MALIJUBANGA,MADEL,1
Kalahandi,LANJIGARH,MALIJUBANGA,MELBAHALI,27
Kalahandi,LANJIGARH,MALIJUBANGA,SIRKAJHOLA,10
Kalahandi,LANJIGARH,MALIJUBANGA,SUNAKHADIKA,11
Kalahandi,LANJIGARH,PAHADPADAR,JIRAGAON,18
Kalahandi,LANJIGARH,PAHADPADAR,KANCHANMUHI,3
Kalahandi,LANJIGARH,PAHADPADAR,KANCHANMUHIN,2
Kalahandi,LANJIGARH,PAHADPADAR,MADANGUDA,19
Kalahandi,LANJIGARH,PAHADPADAR,PATANGPADAR,1
Kalahandi,LANJIGARH,PAHADPADAR,PUNJAM,30
Kalahandi,LANJIGARH,POKHARIBANDH,MELGHUTU,7
Kalahandi,LANJIGARH,POKHARIKANDH,BANIPOKHARI,3
Kalahandi,LANJIGARH,POKHARIKANDH,JADIMARA,3
Kalahandi,LANJIGARH,POKHARIKANDH,JHARMUNDA,9
Kalahandi,LANJIGARH,POKHARIKANDH,TALIPADA,3
Kalahandi,LANJIGARH,POKHRIBANDH,KANER,8
Kalahandi,LANJIGARH,POKHRIBANDH,KASHIGUDA,7
Kalahandi,LANJIGARH,TRILOCHANPUR,AMBAGUDA,3
Kalahandi,LANJIGARH,TRILOCHANPUR,BELGUDA,4
Kalahandi,LANJIGARH,TRILOCHANPUR,DANGABAHAL,9
Kalahandi,LANJIGARH,TRILOCHANPUR,GANDHANI,7
Kalahandi,LANJIGARH,TRILOCHANPUR,KANAKADU,5
Kalahandi,LANJIGARH,TRILOCHANPUR,KIDINGBHATA,7
Kalahandi,LANJIGARH,TRILOCHANPUR,LODANG,5
Kalahandi,LANJIGARH,TRILOCHANPUR,OLABAHALI,3
Kalahandi,LANJIGARH,TRILOCHANPUR,PHULDUMER,17
Kalahandi,LANJIGARH,TRILOCHANPUR,TALBAHALI,2
Kalahandi,LANJIGARH,TRILOCHCNPUR,PALBIRI,9
Kalahandi,LANJIGARH (KKDA),BATELIMA,BANIPANGA,12
Kalahandi,LANJIGARH (KKDA),BATELIMA,BELAMBA,37
Kalahandi,LANJIGARH (KKDA),BATELIMA,KAPAGUDA,14
Kalahandi,LANJIGARH (KKDA),BATELIMA,KUTENDELI,26
Kalahandi,LANJIGARH (KKDA),BATELIMA,RASABUNDEL,24
Kalahandi,LANJIGARH (KKDA),BATELIMA,TURIGUDA,26
Kalahandi,LANJIGARH (KKDA),CHHATRAPUR,BHATAGUDA,4
Kalahandi,LANJIGARH (KKDA),CHHATRAPUR,MASKAPADAR,6
Kalahandi,LANJIGARH (KKDA),LANJIGARH,BANIGAON,28
Kalahandi,LANJIGARH (KKDA),LANJIGARH,DENGASARGI,28
Kalahandi,LANJIGARH (KKDA),LANJIGARH,KASIBHADI,2
Kalahandi,LANJIGARH (KKDA),LANJIGARH,KENDUGUDA,5
Kalahandi,LANJIGARH (KKDA),LANJIGARH,RENGPALI,57
Kalahandi,LANJIGARH (KKDA),LANJIGARH,SIMILIBHATA,40
Kalahandi,M.RAMPUR,BARABANDHA,BALBEDA,2
Kalahandi,M.RAMPUR,BARABANDHA,BARABANDHA,19
Kalahandi,M.RAMPUR,BARABANDHA,DUDUKARANJA,21
Kalahandi,M.RAMPUR,BARABANDHA,DUMERI,18
Kalahandi,M.RAMPUR,BARABANDHA,GUNANGBEDA,3
Kalahandi,M.RAMPUR,BARABANDHA,GUNDRAPI,8
Kalahandi,M.RAMPUR,BARABANDHA,GUNKUTI,4
Kalahandi,M.RAMPUR,BARABANDHA,JAMGUDA,10
Kalahandi,M.RAMPUR,BARABANDHA,KANKERI,1
Kalahandi,M.RAMPUR,BARABANDHA,KARLAKAPADAR,4
Kalahandi,M.RAMPUR,BARABANDHA,LEHORSODA,2
Kalahandi,M.RAMPUR,BARABANDHA,LUNDRUBARU,14
Kalahandi,M.RAMPUR,BARABANDHA,MATANGJODI MATAPADAR,1
Kalahandi,M.RAMPUR,BARABANDHA,SIKULI,2
Kalahandi,M.RAMPUR,BARABANDHA,TARKABAHALI,4
Kalahandi,M.RAMPUR,BARBANDHA,BIMALPADAR,26
Kalahandi,M.RAMPUR,BARHANDHA,CHITRA,6
Kalahandi,M.RAMPUR,DOMKARLAKHNTA,DULEN (DADENG),29
Kalahandi,M.RAMPUR,GOCHHADENGAN,BELUR,12
Kalahandi,M.RAMPUR,GOCHHADENGEN,BALIGUDA,4
Kalahandi,M.RAMPUR,GOCHHADENGEN,DUTENSURDA,17
Kalahandi,M.RAMPUR,GOCHHADENGEN,PIRULMAL,12
Kalahandi,M.RAMPUR,GOCHHADENGEN,SARABAHALI,4
Kalahandi,M.RAMPUR,M. RAMPUR,JEKA BAHALI,46
Kalahandi,M.RAMPUR,MADANPUR,MADANPURTUKUDA,11
Kalahandi,M.RAMPUR,MANIKERA,ASARAKUPA,1
Kalahandi,M.RAMPUR,MANIKERA,BANJAMUNDA,11
Kalahandi,M.RAMPUR,MANIKERA,DUTAMUNDA,2
Kalahandi,M.RAMPUR,MANIKERA,GANDAPADAR,7
Kalahandi,M.RAMPUR,MANIKERA,KAMGAON,4
Kalahandi,M.RAMPUR,MANIKERA,KAUPADAR (SINDHIPADA),4
Kalahandi,M.RAMPUR,MANIKERA,KOTHABAHALI,1
Kalahandi,M.RAMPUR,MANIKERA,LADAMASKA,2
Kalahandi,M.RAMPUR,MANIKERA,MANIKERA,3
Kalahandi,M.RAMPUR,MANIKERA,MARDAJORI,10
Kalahandi,M.RAMPUR,MANIKERA,PAJIKERI,5
Kalahandi,M.RAMPUR,MANIKERA,PAJIKERI (LALTIGARA PARA),1
Kalahandi,M.RAMPUR,MANIKERA,PIPALPADA,1
Kalahandi,M.RAMPUR,MANIKERA,RUBEN,4
Kalahandi,M.RAMPUR,MANIKERA,SIMELPADAR,1
Kalahandi,M.RAMPUR,MANIKERA,SINDHIGUDA,2
Kalahandi,M.RAMPUR,MANIKERA,SIRELPADAR,2
Kalahandi,M.RAMPUR,MANIKERA,SULESUR,2
Kalahandi,M.RAMPUR,MANIKERA,SULESURU,2
Kalahandi,M.RAMPUR,MANIKERA,TALANUAGAON,14
Kalahandi,M.RAMPUR,MANIKERA,TALNUAGAN,9
Kalahandi,M.RAMPUR,MANIKERA,TALNUAGAON,25
Kalahandi,M.RAMPUR,MANIKERA,TAPARANG,24
Kalahandi,M.RAMPUR,MANIKERA,TAPRANG,5
Kalahandi,M.RAMPUR,MANIKERA,TAPRANGA,9
Kalahandi,M.RAMPUR,MANIKERA,UPPAR NUAGAON,8
Kalahandi,M.RAMPUR,MANIKERA,UPPER NUAGAON,13
Kalahandi,M.RAMPUR,MOHANGIRI,BAGBILA/ JAMULI,4
Kalahandi,M.RAMPUR,MOHANGIRI,BUNDELPADAR,5
Kalahandi,M.RAMPUR,MOHANGIRI,DALABAHALI,3
Kalahandi,M.RAMPUR,MOHANGIRI,DEDSULI,4
Kalahandi,M.RAMPUR,MOHANGIRI,DEULIMUNIA,1
Kalahandi,M.RAMPUR,MOHANGIRI,KAMARENG,13
Kalahandi,M.RAMPUR,MOHANGIRI,KOTHABAHALI,1
Kalahandi,M.RAMPUR,MOHANGIRI,KUTRUPALA,8
Kalahandi,M.RAMPUR,MOHANGIRI,MOHANGIRI,8
Kalahandi,M.RAMPUR,MOHANGIRI,PANDAPADAR,4
Kalahandi,M.RAMPUR,MOHANGIRI,PATANGI,6
Kalahandi,M.RAMPUR,MOHANGIRI,SINGPUR,8
Kalahandi,M.RAMPUR,MOHANGIRI,SIRKIHEJU,6
Kalahandi,M.RAMPUR,MOHANGIRI,TEJIPADA,10
Kalahandi,M.RAMPUR,MOHANGIRI,TRASUPADA,7
Kalahandi,M.RAMPUR,MOHANSHIRI,KUTIHEJU,1
Kalahandi,M.RAMPUR,MUDING,CHITALPATA,30
Kalahandi,M.RAMPUR,MUDING,DANGAPATA,27
Kalahandi,M.RAMPUR,MUDING,GHODAPOKHARI,39
Kalahandi,M.RAMPUR,MUDING,GHODAPOKHRI,3
Kalahandi,M.RAMPUR,NUNPUR,DEKUNKUPA,7
Kalahandi,M.RAMPUR,NUNPUR,DHEKUNKUPA,4
Kalahandi,M.RAMPUR,NUNPUR,MADINGNALA,11
Kalahandi,M.RAMPUR,NUNPUR,RAMUD,6
Kalahandi,M.RAMPUR,PANDAKAMAL,AMBAGAON,9
Kalahandi,M.RAMPUR,SAIDALANGA,KENDUBANDH,2
Kalahandi,M.RAMPUR,SALEPALI,KARNIMAL,37
Kalahandi,M.RAMPUR,SALEPALI,MASKADANDI,13
Kalahandi,M.RAMPUR,URLADANI,BALIBAJU,8
Kalahandi,M.RAMPUR,URLADANI,BUDHADARI,1
Kalahandi,M.RAMPUR,URLADANI,BUDUNG,7
Kalahandi,M.RAMPUR,URLADANI,DHOLPADA,3
Kalahandi,M.RAMPUR,URLADANI,GANDIGUDA,14
Kalahandi,M.RAMPUR,URLADANI,JURAKHAMAN,54
Kalahandi,M.RAMPUR,URLADANI,KACHUPADA,18
Kalahandi,M.RAMPUR,URLADANI,KHALIAMUNDA,34
Kalahandi,M.RAMPUR,URLADANI,KOTEDPADA,2
Kalahandi,M.RAMPUR,URLADANI,KURUPADAR,14
Kalahandi,M.RAMPUR,URLADANI,LAHADI,62
Kalahandi,M.RAMPUR,URLADANI,MARDING,28
Kalahandi,M.RAMPUR,URLADANI,MASKAPADAR,12
Kalahandi,M.RAMPUR,URLADANI,MUSUNGA,8
Kalahandi,M.RAMPUR,URLADANI,PIDEL,14
Kalahandi,M.RAMPUR,URLADANI,PUTRIMAHAL,6
Kalahandi,M.RAMPUR,URLADANI,RAGAPARU,5
Kalahandi,M.RAMPUR,URLADANI,RASIPUJU PADAR,23
Kalahandi,M.RAMPUR,URLADANI,RISIDAMUNDA,1
Kalahandi,M.RAMPUR,URLADANI,SANKUSH,17
Kalahandi,M.RAMPUR,URLADANI,URLADANI,16
Kalahandi,M.RAMPUR,URLADANI,URLADANI (NUAMUNDA),21
Kalahandi,NAME OF THE BLOCK,NAME OF THE GRAM PANCHAYAT,NAME OF THE VILLAGE,1
Kalahandi,NARLA,GADEBANDH,RANIPATA,14
Kalahandi,NARLA,GHANTMAL,KESPALA,52
Kalahandi,NARLA,KARME,GODIPATA,12
Kalahandi,NARLA,KURMEL,BAMAK,13
Kalahandi,NARLA,KURMEL,KHAIRMAL,13
Kalahandi,NARLA,KURUMEL,KURUMEL,11
Kalahandi,NARLA,MUSKUTI,KUTEN,57
Kalahandi,NARLA,NISANPUR,DHAMANKHUNTA,39
Kalahandi,NARLA,NISANPUR,GHUGHUTI,32
Kalahandi,NARLA,NISANPUR,PANIMUNDA,1
Kalahandi,NARLA,NISHANPUR,GHUGHUTI,31
Kalahandi,NARLA,NISHANPUR,NAKATIPANIMUNDA,12
Kalahandi,NARLA,PALAM,MAHAGAON,7
Kalahandi,NARLA,RINGABAHAL,TAKLA,6
Kalahandi,NARLA,SARIAN,SARIAN,49
Kalahandi,NARLA,SERGAD,SRIPALI,11
Kalahandi,NARLA,SERGARH,LIMURSINGA,4
Kalahandi,NARLA,TAKARLA,TAKARLA,31
Kalahandi,NARLA,TULAPADA,KHARIKA,2
Kalahandi,NARLA,TULAPADA,RATANPUR,8
Kalahandi,NARLA,TULAPADA,SADINGATARA,17
Kalahandi,NARLA,ULLIKUPA,KAMEGAON,1
Kalahandi,TH.RAMPUR,ADRI,ADRI,18
Kalahandi,TH.RAMPUR,ADRI,TANGARI,1
Kalahandi,TH.RAMPUR,ALATARA,NARASINGPUR,28
Kalahandi,TH.RAMPUR,BADCHHATRANG,GODRAMASKA,12
Kalahandi,TH.RAMPUR,DUMERPADAR,DUMERPADAR,114
Kalahandi,TH.RAMPUR,DUMERPADAR,JHAPIGUDA,26
Kalahandi,TH.RAMPUR,DUMERPADAR,UPPERJHAPI,69
Kalahandi,TH.RAMPUR,GOCHHA DEGEN,BUDHI KHAMAN,12
Kalahandi,TH.RAMPUR,GOPALPUR,BENDAJHOLA,47
Kalahandi,TH.RAMPUR,GOPALPUR,DAK KOTA,53
Kalahandi,TH.RAMPUR,GOPALPUR,DAKKOTA,1
Kalahandi,TH.RAMPUR,GOPALPUR,DHAMANGUDA,51
Kalahandi,TH.RAMPUR,GOPALPUR,KUMJORE,50
Kalahandi,TH.RAMPUR,GOPALPUR,LOHARA JOR,31
Kalahandi,TH.RAMPUR,GOPALPUR,LOHARAJOR,22
Kalahandi,TH.RAMPUR,GOPALPUR,PALJORE,17
Kalahandi,TH.RAMPUR,GOPALPUR,POKHARIGIDA,1
Kalahandi,TH.RAMPUR,GOPALPUR,POKHARIGUDA,36
Kalahandi,TH.RAMPUR,GOPALPUR,SARGIGUDA,26
Kalahandi,TH.RAMPUR,GOPALPUR,TUKUGUDA,35
Kalahandi,TH.RAMPUR,GOPALPUR,TUNAPALI,36
Kalahandi,TH.RAMPUR,GOPINATH PUR,KANARPAS,34
Kalahandi,TH.RAMPUR,GOPINATHPUR,BADBAFLA,89
Kalahandi,TH.RAMPUR,GOPINATHPUR,BADBAFULA,6
Kalahandi,TH.RAMPUR,GOPINATHPUR,DURAMUSI,45
Kalahandi,TH.RAMPUR,GOPINATHPUR,FATKIMAHUL,3
Kalahandi,TH.RAMPUR,GOPINATHPUR,PHATKIMAHUL,34
Kalahandi,TH.RAMPUR,GUNPUR,GOKALAMA,1
Kalahandi,TH.RAMPUR,GUNPUR,KHAKESH,36
Kalahandi,TH.RAMPUR,GUNPUR,POLINGPADAR,38
Kalahandi,TH.RAMPUR,GUNPUR,USHAMASKA,22
Kalahandi,TH.RAMPUR,GUNUPUR,HADAKHURSHI,20
Kalahandi,TH.RAMPUR,GUNUPUR,KATHAGHARA,18
Kalahandi,TH.RAMPUR,KANIGUMA,DHULIGUDA,2
Kalahandi,TH.RAMPUR,KANIGUMA,DHUSIGUDA,47
Kalahandi,TH.RAMPUR,KANIGUMA,KARANJA,24
Kalahandi,TH.RAMPUR,KANIGUMA,NEHELA,36
Kalahandi,TH.RAMPUR,KANIGUMA,PHULDUMER,21
Kalahandi,TH.RAMPUR,KARLAPAT,(BUTUTUGUDA) ARAKHAPEDI,1
Kalahandi,TH.RAMPUR,KARLAPAT,AMTHAGUDA,42
Kalahandi,TH.RAMPUR,KARLAPAT,AMTHAGUDA (KUANGA),21
Kalahandi,TH.RAMPUR,KARLAPAT,ARAKHAPEDI,18
Kalahandi,TH.RAMPUR,KARLAPAT,BADATIKIRGUDA,39
Kalahandi,TH.RAMPUR,KARLAPAT,BARIGUDA,12
Kalahandi,TH.RAMPUR,KARLAPAT,BHEJIGUDA,27
Kalahandi,TH.RAMPUR,KARLAPAT,JILLAGAON,15
Kalahandi,TH.RAMPUR,KARLAPAT,KARDAPADAR,12
Kalahandi,TH.RAMPUR,KARLAPAT,KARLAPAT,2
Kalahandi,TH.RAMPUR,KARLAPAT,KUANGA,6
Kalahandi,TH.RAMPUR,KARLAPAT,KUKURBHURSI,21
Kalahandi,TH.RAMPUR,KARLAPAT,MALIPERMENJI,5
Kalahandi,TH.RAMPUR,KARLAPAT,PERMANJI,32
Kalahandi,TH.RAMPUR,KARLAPAT,SALAPANGA,1
Kalahandi,TH.RAMPUR,KARLAPAT,SANTIKRAGUDA,23
Kalahandi,TH.RAMPUR,KARLAPAT,SURAMELI,12
Kalahandi,TH.RAMPUR,KARLAPAT,TADING PADAR,5
Kalahandi,TH.RAMPUR,KARLAPAT,UPPAR PERMANJI,45
Kalahandi,TH.RAMPUR,KERPAI,BORADIJHOLA,5
Kalahandi,TH.RAMPUR,KERPAI,BORDIJHOLA,13
Kalahandi,TH.RAMPUR,KERPAI,KANDULGUDA,30
Kalahandi,TH.RAMPUR,KERPAI,MAJHIGAON,57
Kalahandi,TH.RAMPUR,KERPAI,MARGUMA,54
Kalahandi,TH.RAMPUR,KERPAI,MURLIMUHI,3
Kalahandi,TH.RAMPUR,KERPAI,MURLIMUHIN,30
Kalahandi,TH.RAMPUR,KERPAI,PODAPAI,44
Kalahandi,TH.RAMPUR,KERPAI,SEMIKHAL,25
Kalahandi,TH.RAMPUR,KERPAI,SUNGERGARH,16
Kalahandi,TH.RAMPUR,KERPAI,SURAMANDI,31
Kalahandi,TH.RAMPUR,KERPAI,TADADEI,29
Kalahandi,TH.RAMPUR,MAHUL PATNA,TIKLI PADAR,14
Kalahandi,TH.RAMPUR,MAHULPATNA,KAMARIDHUTI,38
Kalahandi,TH.RAMPUR,MAHULPATNA,KAMRIDUHTI,37
Kalahandi,TH.RAMPUR,MAHULPATNA,KUMUDASIL,60
Kalahandi,TH.RAMPUR,MAHULPATNA,MAHULPATNA,52
Kalahandi,TH.RAMPUR,MAHULPATNA,SUKULI,8
Kalahandi,TH.RAMPUR,MAHULPATNA,TIKLIPADAR,2
Kalahandi,TH.RAMPUR,MAHULPATNA,UPPER CHOBARI,48
Kalahandi,TH.RAMPUR,MAHULPATNA,UPPERCHABRI,80
Kalahandi,TH.RAMPUR,MALIGAON,SURYAGARH,50
Kalahandi,TH.RAMPUR,NAKRUNDI,RAIMAL,7
Kalahandi,TH.RAMPUR,NAKRUNDI,TEJMALI,23
Kalahandi,TH.RAMPUR,NAKRUNDI,TURIBHEJIGUDA,31
Kalahandi,TH.RAMPUR,ODRI,CHIRIKA,30
Kalahandi,TH.RAMPUR,ODRI,DHOLPAS,50
Kalahandi,TH.RAMPUR,ODRI,DHOLPAS ((TTEENNTTUULLIIPPAADDAA)),53
Kalahandi,TH.RAMPUR,ODRI,ODRI,10
Kalahandi,TH.RAMPUR,ODRI,PENDHUSI,60
Kalahandi,TH.RAMPUR,ODRI,PENGDHUSI,1
Kalahandi,TH.RAMPUR,ODRI,TANGRI,32
Kalahandi,TH.RAMPUR,PADEPADAR,BENAKHAMAR,12
Kalahandi,TH.RAMPUR,PADEPADAR,MUNDIGHATI,10
Kalahandi,TH.RAMPUR,SINDHIPADAR,KANDAGUDA,29
Kalahandi,TH.RAMPUR,SINDHIPADAR,KANJIGUDA,37
Kalahandi,TH.RAMPUR,SINDHIPADAR,KENDUGUDA,13
Kalahandi,TH.RAMPUR,SINDHIPADAR,SAMAPALA,23
Kalahandi,TH.RAMPUR,SINDHIPADAR,SINDHIPADAR,69
Kalahandi,TH.RAMPUR,SINDHIPADAR,SIRIMASKA,25
Kalahandi,TH.RAMPUR,TALJHAPI,DUMERPADAR,37
Kalahandi,TH.RAMPUR,TH. RAMPUR,BADA BUNDEL,37
Kalahandi,TH.RAMPUR,TH. RAMPUR,DERGUDA,3
Kalahandi,TH.RAMPUR,TH. RAMPUR,KASABARA,3
Kalahandi,TH.RAMPUR,TH. RAMPUR,MELKUNDAL,70
Kalahandi,TH.RAMPUR,UDRI,TANGRI,8
Kalahandi,TH.RAMPUR,URLADANI,TALCHIGUDA ( GANDIGUDA),8
Kendrapada,BLOCK,GRAM PANCHAYAT,VILLAGE,1
Kendrapada,MAHAKALAPADA,BARAKENDA,LUNIMATIA,98
Kendrapada,MAHAKALAPADA,BAULAKANI,BAGHUAMEDI,85
Kendrapada,MAHAKALAPADA,BAULAKANI,PANDARMAILE,33
Kendrapada,MAHAKALAPADA,KHARINASI,KHARINASI,89
Keonjhar,ANANDAPUR,BADKALIMATI,PITANAU,116
Keonjhar,ANANDAPUR,BASUNSAGAD,BASUNSAGAD,32
Keonjhar,ANANDAPUR,BAUNSAGADA,ASANABAHALI,22
Keonjhar,ANANDAPUR,BAUNSAGADA,BASUSAGADA,1
Keonjhar,ANANDAPUR,BAUNSAGADA,BAUNSAGADA,20
Keonjhar,ANANDAPUR,BAUNSAGADA,JANGHARA,13
Keonjhar,ANANDAPUR,BAUNSAGARH,BAUNSAGARH,3
Keonjhar,ANANDAPUR,BAUNSAGARH,SUNDURIA,36
Keonjhar,ANANDAPUR,BHANDARIDIHA,ASANABAHALI,1
Keonjhar,ANANDAPUR,DHAKOTHA,BADAEKATALI,78
Keonjhar,ANANDAPUR,DHAKOTHA,JALANANDA,3
Keonjhar,ANANDAPUR,DHAKOTHA,JALINANDA,47
Keonjhar,ANANDAPUR,DHAKOTHA,MARSAPAL (JAGARNNTHAPUR),7
Keonjhar,ANANDAPUR,DHAKOTHA,MARSAPAL(CHANDAPASI),6
Keonjhar,ANANDAPUR,DHAKOTHA,MARSAPAL(JAGANTHA PUR),4
Keonjhar,ANANDAPUR,DHAKOTHA,MARSHAPAL,13
Keonjhar,ANANDAPUR,DHAKOTHA,MARSHAPAL JAGANNATHPUR,1
Keonjhar,ANANDAPUR,DHAKOTHA,"MARSHAPAL,",9
Keonjhar,ANANDAPUR,DHAKOTHA,"MARSHAPAL, JAGANNTHAPUR",80
Keonjhar,ANANDAPUR,DHAKOTHA,SALAKHUDAHI,2
Keonjhar,ANANDAPUR,DHAKOTHA,SALUKUDAHI,97
Keonjhar,ANANDAPUR,DHOKATHA,JALANANDA (ULAKACHA),2
Keonjhar,ANANDAPUR,GAYALAMUNDA,BHALUGHAR,32
Keonjhar,ANANDAPUR,GAYALAMUNDA,CHAMARPOSI,14
Keonjhar,ANANDAPUR,GAYALAMUNDA,CHANDIKHAMANA,7
Keonjhar,ANANDAPUR,GAYALAMUNDA,DHABANI,82
Keonjhar,ANANDAPUR,GAYALAMUNDA,MARANADIHI,74
Keonjhar,ANANDAPUR,GAYALMUNDA,BADAPURUNAPANI,174
Keonjhar,ANANDAPUR,GAYALMUNDA,BADUDIGHAR,1
Keonjhar,ANANDAPUR,GAYALMUNDA,BADUDIGHARA,54
Keonjhar,ANANDAPUR,GAYALMUNDA,BHALUGHAR,28
Keonjhar,ANANDAPUR,GAYALMUNDA,BHALUGHARA,21
Keonjhar,ANANDAPUR,GAYALMUNDA,BHALUGHARA CHANDIKHAMAN,1
Keonjhar,ANANDAPUR,GAYALMUNDA,BHUALUGHAR CHANDIKHAMAN,9
Keonjhar,ANANDAPUR,GAYALMUNDA,CHANDIKHAMAN,37
Keonjhar,ANANDAPUR,GAYALMUNDA,DEOJHARANA,18
Keonjhar,ANANDAPUR,GAYALMUNDA,DHABANI,75
Keonjhar,ANANDAPUR,GAYALMUNDA,DHANABENI,29
Keonjhar,ANANDAPUR,GAYALMUNDA,GAYALMUNDA,68
Keonjhar,ANANDAPUR,GAYALMUNDA,GENDALIABASA,36
Keonjhar,ANANDAPUR,GAYALMUNDA,HARIBEDA,48
Keonjhar,ANANDAPUR,GAYALMUNDA,KANTALA,84
Keonjhar,ANANDAPUR,GAYALMUNDA,KOLHADIHA,103
Keonjhar,ANANDAPUR,GAYALMUNDA,MANKADABEDA,49
Keonjhar,ANANDAPUR,GAYALMUNDA,MANKADBEDA,1
Keonjhar,ANANDAPUR,GAYALMUNDA,MANOHARPUR,5
Keonjhar,ANANDAPUR,GAYALMUNDA,MARANADIHI,10
Keonjhar,ANANDAPUR,GAYALMUNDA,MARANDIHI,5
Keonjhar,ANANDAPUR,GAYALMUNDA,MARSHAPAL,23
Keonjhar,ANANDAPUR,GAYALMUNDA,PUTUJHARI,93
Keonjhar,ANANDAPUR,GAYALMUNDA,ULEIKUNDI,87
Keonjhar,ANANDAPUR,GAYALMUNDA,ULIBASA,124
Keonjhar,ANANDAPUR,KANITIPAL,KANTIPAL,11
Keonjhar,ANANDAPUR,KANTIAPAL,KANTIAPAL,5
Keonjhar,ANANDAPUR,KANTIAPAL,KANTIAPAL (PAITAPANI),1
Keonjhar,ANANDAPUR,KANTIAPAL,KANTIAPAL (RAIPAL),1
Keonjhar,ANANDAPUR,KANTIAPAL,KANTIPALA,3
Keonjhar,ANANDAPUR,KANTIPAL,BARUAN,20
Keonjhar,ANANDAPUR,KANTIPAL,BARUNA,2
Keonjhar,ANANDAPUR,KANTIPAL,KANTIPAL,36
Keonjhar,ANANDAPUR,KATHAKATA,JOGIABANDH,2
Keonjhar,ANANDAPUR,KATHAKATA,JOGIABANDHA,1
Keonjhar,ANANDAPUR,KATHAKATA,JOGIBANDHA,14
Keonjhar,ANANDAPUR,KATHAKATA,KATHAKATA(KA),1
Keonjhar,ANANDAPUR,KODAPADA,MANDAPADA,35
Keonjhar,ANANDAPUR,KODAPADA,RATUAN,46
Keonjhar,ANANDAPUR,KODAPADA,TANEIPAL,57
Keonjhar,ANANDAPUR,KODAPADA,TANEIPAL (CHATURISAHI),2
Keonjhar,ANANDAPUR,KODAPADA,TANEIPAL (KHAJURIBANI),16
Keonjhar,ANANDAPUR,KODPADA,TANEIPAL,1
Keonjhar,ANANDAPUR,KOLHADIHA,KOLHADIHA,1
Keonjhar,ANANDAPUR,KOLIMATI,ARJUNBANI,13
Keonjhar,ANANDAPUR,KOLIMATI,ARJUNBANIA,3
Keonjhar,ANANDAPUR,KOLIMATI,ARJUNBANIA (ULAKACHA),15
Keonjhar,ANANDAPUR,KOLIMATI,ARJUNBILLA,1
Keonjhar,ANANDAPUR,KOLIMATI,BADAEKATALI,3
Keonjhar,ANANDAPUR,KOLIMATI,BADAJODI,1
Keonjhar,ANANDAPUR,KOLIMATI,BUDHIKUDA,6
Keonjhar,ANANDAPUR,KOLIMATI,DARAKHOLA,77
Keonjhar,ANANDAPUR,KOLIMATI,JATRAKUSUMA,2
Keonjhar,ANANDAPUR,KOLIMATI,KADABAHALI,2
Keonjhar,ANANDAPUR,KOLIMATI,KADUABAHALI,31
Keonjhar,ANANDAPUR,KOLIMATI,KALIMATI(JATRAKUSUMA),53
Keonjhar,ANANDAPUR,KOLIMATI,KAMANDO,79
Keonjhar,ANANDAPUR,KOLIMATI,KOLIMATI,16
Keonjhar,ANANDAPUR,KOLIMATI,KOLIMATI JATRAKUSUMA,1
Keonjhar,ANANDAPUR,KOLIMATI,KUMUDA,26
Keonjhar,ANANDAPUR,KOLIMATI,NUAPADA,50
Keonjhar,ANANDAPUR,KOLIMATI,SANTOSPUR,49
Keonjhar,ANANDAPUR,KOLIMATI,SINGHNALI,47
Keonjhar,ANANDAPUR,KOLIMATI,TIKARAPADA,4
Keonjhar,ANANDAPUR,KOLIMATI,TIKARPADA,74
Keonjhar,ANANDAPUR,MANOHARPUR,ASTAJHARAN,7
Keonjhar,ANANDAPUR,MANOHARPUR,BADAKUSAPADA,4
Keonjhar,ANANDAPUR,MANOHARPUR,BADAKUSHAPADA,38
Keonjhar,ANANDAPUR,MANOHARPUR,BAIGUNDI,49
Keonjhar,ANANDAPUR,MANOHARPUR,BHITARAMADA,42
Keonjhar,ANANDAPUR,MANOHARPUR,DANGAGHATA,56
Keonjhar,ANANDAPUR,MANOHARPUR,DUMURIDIHA,22
Keonjhar,ANANDAPUR,MANOHARPUR,MANOHARPUR,130
Keonjhar,ANANDAPUR,MANOHARPUR,PALABANI,13
Keonjhar,ANANDAPUR,MANOHARPUR,PANASIJHARAN,39
Keonjhar,ANANDAPUR,MANOHARPUR,PANASIJHARANA,5
Keonjhar,ANANDAPUR,MANOHARPUR,RASAYEBEDA,20
Keonjhar,ANANDAPUR,MANOHARPUR,SANA- PURUNAPANI,8
Keonjhar,ANANDAPUR,MANOHARPUR,SANAKUSHAPADA,12
Keonjhar,ANANDAPUR,MANOHARPUR,SANAPURUNAPANI,53
Keonjhar,ANANDAPUR,MANOHARPUR,TULASEEBANI,12
Keonjhar,ANANDAPUR,MANOHARPUR,TULASIBANI,12
Keonjhar,ANANDAPUR,MONOHARPUR,BAIGUNDI,2
Keonjhar,ANANDAPUR,MONOHARPUR,MANOHARPUR,6
Keonjhar,ANANDAPUR,PANASADIHA,BHALUGHAR,18
Keonjhar,ANANDAPUR,PANASADIHA,JANJALI,5
Keonjhar,ANANDAPUR,PANASDIHA,ANDHARIJHARA,12
Keonjhar,ANANDAPUR,PANASDIHA,ASANABANI,7
Keonjhar,ANANDAPUR,PANASDIHA,BANIAJODI,108
Keonjhar,ANANDAPUR,PANASDIHA,BANIAJODI BAIKACHA,1
Keonjhar,ANANDAPUR,PANASDIHA,BANIAJODI HATICHAPLA,60
Keonjhar,ANANDAPUR,PANASDIHA,GENDUBEDA,1
Keonjhar,ANANDAPUR,PANASDIHA,GENDUBEDA HATICHAPALA,2
Keonjhar,ANANDAPUR,PANASDIHA,HARIDABHOLA,35
Keonjhar,ANANDAPUR,PANASDIHA,JAYANTIBEDA,38
Keonjhar,ANANDAPUR,PANASDIHA,KOTHADIHA,74
Keonjhar,ANANDAPUR,PANASDIHA,KOTHADIHA HATICHAPLA,1
Keonjhar,ANANDAPUR,PANASDIHA,KUMUDABAHALI,47
Keonjhar,ANANDAPUR,PANASDIHA,PANASAGADIA,2
Keonjhar,ANANDAPUR,PANASDIHA,PANASAGADIA HATICHAPLA,1
Keonjhar,ANANDAPUR,PANASDIHA,PANASDIHA,32
Keonjhar,ANANDAPUR,PANASDIHA,PANASDIHA (PATRABEDA),20
Keonjhar,ANANDAPUR,PANASDIHA,PANASDIHA HATICHAPLA,1
Keonjhar,ANANDAPUR,PANASDIHA,RANGAMATI BAAIKACHA,1
Keonjhar,ANANDAPUR,PANASDIHA,RANGAMATI HATICHAPLA,1
Keonjhar,ANANDAPUR,PANASDIHA,SANAKACHA,1
Keonjhar,ANANDAPUR,SALABANI,BALADUAN (BALIPASISAHI),16
Keonjhar,ANANDAPUR,SALABANI,BALADUAN (BALIPOSI),1
Keonjhar,ANANDAPUR,SALABANI,BELDA,21
Keonjhar,ANANDAPUR,SALACHUAN,BAUNSAPANI,19
Keonjhar,BANSPAL,BADKALIMATI,KAMAGAON,64
Keonjhar,BANSPAL,BADKALIMATI,SUAKATI,15
Keonjhar,BANSPAL,BANSPAL,BALI,32
Keonjhar,BANSPAL,BANSPAL,BANSPAL,45
Keonjhar,BANSPAL,BANSPAL,BANSPAL TALASAHI,21
Keonjhar,BANSPAL,BANSPAL,BARAGADA,108
Keonjhar,BANSPAL,BANSPAL,BARAGARH,11
Keonjhar,BANSPAL,BANSPAL,SAPAKANTA,150
Keonjhar,BANSPAL,BARAGARH,BALI,7
Keonjhar,BANSPAL,BARAGARH,BARAGARH,35
Keonjhar,BANSPAL,BARAGARH,FILBADI,42
Keonjhar,BANSPAL,BARAGARH,HATISILA,45
Keonjhar,BANSPAL,BARAGARH,KAPOTADIHA,49
Keonjhar,BANSPAL,BARAGARH,NADAM,12
Keonjhar,BANSPAL,BARAGARH,NADAM BAUNSADIHA,10
Keonjhar,BANSPAL,BARAGARH,NADUM BAUNSADIHA,21
Keonjhar,BANSPAL,BARAGARH,SARIA,8
Keonjhar,BANSPAL,BARAGARH,TALABALI,37
Keonjhar,BANSPAL,BARAGARH,TALABARIDA,51
Keonjhar,BANSPAL,BARAGARH,TALABARUDA,3
Keonjhar,BANSPAL,BARGARH,BARAHGARH,45
Keonjhar,BANSPAL,BARGARH,SARIA,45
Keonjhar,BANSPAL,BARGARH,TALASUMATHA,30
Keonjhar,BANSPAL,BAYA KUMUTIA,PANDADHAR,2
Keonjhar,BANSPAL,BAYAKUMITIA,PANDADAR,22
Keonjhar,BANSPAL,BAYAKUMUTIA,BAYAKUMUTIA,167
Keonjhar,BANSPAL,BAYAKUMUTIA,BAYAPANDADAR,41
Keonjhar,BANSPAL,BAYAKUMUTIA,KANTHADAS,40
Keonjhar,BANSPAL,BAYAKUMUTIA,MUNDALA,27
Keonjhar,BANSPAL,BAYAKUMUTIA,PADADIHA,3
Keonjhar,BANSPAL,BAYAKUMUTIA,PANDADAR,28
Keonjhar,BANSPAL,BAYAKUMUTIA,PANDADAR MAMALAPOSI,16
Keonjhar,BANSPAL,BAYAKUMUTIA,PODADIHA,24
Keonjhar,BANSPAL,BAYAKUMUTIA,TALAKAIPUR,49
Keonjhar,BANSPAL,BAYAKUMUTIA,UPERCHAMPEI,14
Keonjhar,BANSPAL,BAYAPANDADAR,BAYAPANDADAR,6
Keonjhar,BANSPAL,BAYAPANDADAR,PANDADAR,16
Keonjhar,BANSPAL,BAYAPANDADHAR,UPERCHAMPEI,11
Keonjhar,BANSPAL,BHARAGARH,DUMIRIA,45
Keonjhar,BANSPAL,BHARAGARH,KAPTODIHA,5
Keonjhar,BANSPAL,CHAPMEI,UPERCHAMPEI,10
Keonjhar,BANSPAL,DABALPAL,BANSPAL,4
Keonjhar,BANSPAL,DOBALAPAL,BANSPAL,12
Keonjhar,BANSPAL,FULJHAR,BALIBEDA,7
Keonjhar,BANSPAL,FULJHAR,DHALADIHI,21
Keonjhar,BANSPAL,FULJHAR,FULJHAR,66
Keonjhar,BANSPAL,FULJHAR,ITA POKHARI,48
Keonjhar,BANSPAL,FULJHAR,ITAPOKHARI,43
Keonjhar,BANSPAL,FULJHAR,KENDUGHATI,124
Keonjhar,BANSPAL,FULJHAR,KUSUMITA,5
Keonjhar,BANSPAL,FULJHAR,PANASUAN,1
Keonjhar,BANSPAL,FULJHAR,PATPANI,23
Keonjhar,BANSPAL,FULJHAR,SANKIRI,60
Keonjhar,BANSPAL,FULJHAR,TALARAIGODA,3
Keonjhar,BANSPAL,FULJHAR,UCHAMDIHI,81
Keonjhar,BANSPAL,FULJHAR,UCHANDIHI,2
Keonjhar,BANSPAL,GOANASIKA,SINKULAPADA,81
Keonjhar,BANSPAL,GONASIKA,BAITARANI,31
Keonjhar,BANSPAL,GONASIKA,BUDHIGHAR,42
Keonjhar,BANSPAL,GONASIKA,GOLABANDHA RAIDIHA,45
Keonjhar,BANSPAL,GONASIKA,GOLIBANDHA RAIDIHA,6
Keonjhar,BANSPAL,GONASIKA,GONASIKA,80
Keonjhar,BANSPAL,GONASIKA,GUPTAGANGA,73
Keonjhar,BANSPAL,GONASIKA,JANTARI,95
Keonjhar,BANSPAL,GONASIKA,KADALAIBADI,39
Keonjhar,BANSPAL,GONASIKA,RAIDIHA,22
Keonjhar,BANSPAL,GONASIKA,UPERBAITARANI,51
Keonjhar,BANSPAL,GONASIKA,UPERRAIDIHA,17
Keonjhar,BANSPAL,HATISILA,HATISILA,4
Keonjhar,BANSPAL,JATRA,ADAL,165
Keonjhar,BANSPAL,JATRA,BADAKUL,28
Keonjhar,BANSPAL,JATRA,DHANGADI,21
Keonjhar,BANSPAL,JATRA,DHNAGADI,60
Keonjhar,BANSPAL,JATRA,JATRA,55
Keonjhar,BANSPAL,JATRA,LODAPANI,71
Keonjhar,BANSPAL,JATRA,SUKADOLA,139
Keonjhar,BANSPAL,JATRA,SUKUDOLA,1
Keonjhar,BANSPAL,KADAKALA,KADAKALA,97
Keonjhar,BANSPAL,KADAKALA,KANDESAHI,19
Keonjhar,BANSPAL,KADAKALA,MARUAUAN,1
Keonjhar,BANSPAL,KADAKALA,NARASINGHPUR,75
Keonjhar,BANSPAL,KADAKALA,SUNDRA,46
Keonjhar,BANSPAL,KADAKALA,SUNDURA,36
Keonjhar,BANSPAL,KADAKALA,UPDERKADAKALA,1
Keonjhar,BANSPAL,KADAKALA,UPERKADAKALA,2
Keonjhar,BANSPAL,KADALIBADI,KADALIBADI,6
Keonjhar,BANSPAL,KALANDA,KALANDA,72
Keonjhar,BANSPAL,KALANDA,PANASUAN,1
Keonjhar,BANSPAL,KALANDA (KHA),KALANDA (KHA),117
Keonjhar,BANSPAL,KALANDA (KHA),KALANDA(KHA),23
Keonjhar,BANSPAL,KALANDA (KHA),MAYURNACHUNI,14
Keonjhar,BANSPAL,KALANDA (KHA),PANASUAN,119
Keonjhar,BANSPAL,KALANDA KHA,RABA,7
Keonjhar,BANSPAL,KALANDA( KHA),RABA,67
Keonjhar,BANSPAL,KALANDA(KHA),RABA,26
Keonjhar,BANSPAL,KARANGADIHA,TENTULIKHUNTI,30
Keonjhar,BANSPAL,KARANGADIHI,ANASUAN,27
Keonjhar,BANSPAL,KARANGADIHI,BAITARANI,75
Keonjhar,BANSPAL,KARANGADIHI,KARANGADIHI,95
Keonjhar,BANSPAL,KARANGADIHI,KUANR,36
Keonjhar,BANSPAL,KARANGADIHI,LANJIPADA,3
Keonjhar,BANSPAL,KARANGADIHI,TENTULI KHUNTI,2
Keonjhar,BANSPAL,KODIPASA,KODIPASA,37
Keonjhar,BANSPAL,KODIPOSA,DUARSUNI,34
Keonjhar,BANSPAL,KODIPOSA,GHUNGI,43
Keonjhar,BANSPAL,KODIPOSA,JAMUDIHA,25
Keonjhar,BANSPAL,KODIPOSA,JAMUDIHA(KHA),17
Keonjhar,BANSPAL,KODIPOSA,KANSA,21
Keonjhar,BANSPAL,KODIPOSA,KODIPOSA,35
Keonjhar,BANSPAL,KODIPOSA,KUNDHEI,96
Keonjhar,BANSPAL,KODIPOSA,TANGARPADA,45
Keonjhar,BANSPAL,KODIPOSA,TORANIPANI,59
Keonjhar,BANSPAL,KODIPOSA,UPPERKANSA,1
Keonjhar,BANSPAL,KODOPOSA,DUARSUNI,30
Keonjhar,BANSPAL,KODOPOSA,KANSA,13
Keonjhar,BANSPAL,KODOPOSA,TANGARAPADA,15
Keonjhar,BANSPAL,KODOPOSA,TANGARPADA,37
Keonjhar,BANSPAL,KUANAR,HALDIPANI,62
Keonjhar,BANSPAL,KUANAR,HALIDIPANI,26
Keonjhar,BANSPAL,KUANR,KANJIPANI,64
Keonjhar,BANSPAL,KUANR,KUANR,123
Keonjhar,BANSPAL,KUANR,PANASANASA,98
Keonjhar,BANSPAL,KUANR,TALAPADA,44
Keonjhar,BANSPAL,KUANR,TALAPANASANASA,28
Keonjhar,BANSPAL,KUMUNDI,KUMUNDI (B),170
Keonjhar,BANSPAL,KUMUNDI,TALA JAGARA,90
Keonjhar,BANSPAL,KUMUNDI,UPER JAGAR,38
Keonjhar,BANSPAL,KUMUNDI,URUMUNDA,146
Keonjhar,BANSPAL,KUNAR,KUANR,16
Keonjhar,BANSPAL,KUNAR,TALAPADA,9
Keonjhar,BANSPAL,NADAM BAUNSADIHA,NADAM,3
Keonjhar,BANSPAL,NAYAKOTE,AMBADALI,9
Keonjhar,BANSPAL,NAYAKOTE,MAYURDIHI,28
Keonjhar,BANSPAL,NAYAKOTE,NAYAKOTE,9
Keonjhar,BANSPAL,NAYAKOTE,SANKAREI,1
Keonjhar,BANSPAL,SAHARPUR,KASADA,107
Keonjhar,BANSPAL,SAHARPUR,KHAJURIMUNDI,59
Keonjhar,BANSPAL,SAHARPUR,KHUNTAKATA,56
Keonjhar,BANSPAL,SAHARPUR,PADAKASADA,52
Keonjhar,BANSPAL,SAHARPUR,RUGUDIKASADA,92
Keonjhar,BANSPAL,SAHARPUR,SAHARPUR,8
Keonjhar,BANSPAL,SANKAREI,LUNGAJHAR,1
Keonjhar,BANSPAL,SANKAREI,SANKAREI,71
Keonjhar,BANSPAL,SANKIRI,SANKIRI,1
Keonjhar,BANSPAL,SIBANAYANPUR,SIBANAYANPUR,2
Keonjhar,BANSPAL,SINGHPUR,BARKALA,17
Keonjhar,BANSPAL,SINGHPUR,DERI,77
Keonjhar,BANSPAL,SINGHPUR,GAJIPUR,150
Keonjhar,BANSPAL,SINGHPUR,KUSAKALA,157
Keonjhar,BANSPAL,SINGHPUR,SINGHPUR,3
Keonjhar,BANSPAL,SINGHPUR,SINGHPUR (KHA),38
Keonjhar,BANSPAL,SINGHPUR,TALABARADA,37
Keonjhar,BANSPAL,SINGHPUR,UPERBARADA,36
Keonjhar,BANSPAL,SUAKATHI,KHAJURIMUNDI,14
Keonjhar,BANSPAL,SUAKATHI,TENTULI,21
Keonjhar,BANSPAL,SUAKATHI,TENTULI(DANGAPANI),15
Keonjhar,BANSPAL,SUAKATHI,TENTULI(THAKULDIHI),11
Keonjhar,BANSPAL,SUAKATI,DANLA,256
Keonjhar,BANSPAL,SUAKATI,ICHINDA,1
Keonjhar,BANSPAL,SUAKATI,LUNAGHARA,78
Keonjhar,BANSPAL,SUAKATI,TENTILI,3
Keonjhar,BANSPAL,SUAKATI,TENTULI,1
Keonjhar,BANSPAL,SUNARADUAN,SANARADUAN,1
Keonjhar,BANSPAL,SUNGHPUR,SINGHPUR (KHA),45
Keonjhar,BANSPAL,TALACHAMPAI,BALIDIHA,33
Keonjhar,BANSPAL,TALACHAMPEI,BADARADUAN,48
Keonjhar,BANSPAL,TALACHAMPEI,BHALIADALA,30
Keonjhar,BANSPAL,TALACHAMPEI,CHAMPEI,19
Keonjhar,BANSPAL,TALACHAMPEI,REMULIGHATI,19
Keonjhar,BANSPAL,TALACHAMPEI,SANRADUAN,16
Keonjhar,BANSPAL,TALACHAMPEI,SARUKUDAR,45
Keonjhar,BANSPAL,TALACHAMPEI,SIRISKHUNTA,17
Keonjhar,BANSPAL,TALACHAMPEI,TALACHAMPEI,83
Keonjhar,BANSPAL,TALACHAMPEI,TALARADUAN,5
Keonjhar,BANSPAL,TALACHAMPEI,UPER KAIPUR,1
Keonjhar,BANSPAL,TALACHAMPEI,UPERCHAMPEI,67
Keonjhar,BANSPAL,TALACHAMPEI,UPERKAIPUR,36
Keonjhar,BANSPAL,TALAKADAKALA,KADAKALA,51
Keonjhar,BANSPAL,TALAKADAKALA,LUHAKALA,149
Keonjhar,BANSPAL,TALAKADAKALA,MURUSUAN,86
Keonjhar,BANSPAL,TALAKADAKALA,NARASINGHPUR,3
Keonjhar,BANSPAL,TALAKADAKALA,RAKAM,65
Keonjhar,BANSPAL,TALAKADAKALA,TALAKADAKALA,1
Keonjhar,BANSPAL,TALAKADAKALA,TIRIBA,72
Keonjhar,BANSPAL,TALAKADAKALA,TIRILA,1
Keonjhar,BANSPAL,TALAKADAKALA,UPERKADADAKALA,44
Keonjhar,BANSPAL,TALAKADAKALA,UPERKADAKALA,24
Keonjhar,BANSPAL,TALAKAINSARI,AMBADAHARA,24
Keonjhar,BANSPAL,TALAKAINSARI,NITIGOTHA,26
Keonjhar,BANSPAL,TALAKAINSARI,TALAKAINSARI,58
Keonjhar,BANSPAL,TANA,BENIDIHI,83
Keonjhar,BANSPAL,TANA,GOBINDAPUR,1
Keonjhar,BANSPAL,TANA,GOPALPUR,1
Keonjhar,BANSPAL,TANA,IMIRI,51
Keonjhar,BANSPAL,TANA,IRIDA,81
Keonjhar,BANSPAL,TANA,TANA,108
Keonjhar,BANSPAL,TARAMAKANTA,CHAMPAJHAR,1
Keonjhar,BANSPAL,TARAMAKANTA,DALKI NUAGAON,32
Keonjhar,BANSPAL,TARAMAKANTA,DOLKI NUAGAON,1
Keonjhar,BANSPAL,TARAMAKANTA,GOPUPUR,54
Keonjhar,BANSPAL,TARAMAKANTA,JALADIHA,78
Keonjhar,BANSPAL,TARAMAKANTA,SAGAPADA,24
Keonjhar,BANSPAL,TARAMAKANTA,TALBIRKALA,37
Keonjhar,BANSPAL,TARAMAKANTA,TARAMAKANTA,54
Keonjhar,BANSPAL,TARAMAKANTA,UPER RAIGODA,1
Keonjhar,BANSPAL,TELACHAMPEI,TALACHAMPEI,59
Keonjhar,BANSPAL,TELACHAMPEI,UPERSUMATHA,1
Keonjhar,BANSPAL,UPER RAIGODA,RAIGODA,13
Keonjhar,BANSPAL,UPER RAIGODA,UPER RAIGODA,64
Keonjhar,BANSPAL,UPERAIGODA,AMUNI,59
Keonjhar,BANSPAL,UPERRAIDIHA,SANKARAPOSI,22
Keonjhar,BANSPAL,UPERRAIGADA,UPERRAIGADA,16
Keonjhar,BANSPAL,UPERRAIGOD,AMUNI,27
Keonjhar,BANSPAL,UPERRAIGODA,AMUNI,14
Keonjhar,BANSPAL,UPERRAIGODA,JALADIHI,84
Keonjhar,BANSPAL,UPERRAIGODA,PODADIHI,1
Keonjhar,BANSPAL,UPERRAIGODA,SANKARAPOSI,29
Keonjhar,BANSPAL,UPERRAIGODA,SANKRAPOSI,19
Keonjhar,BANSPAL,UPERRAIGODA,TALARAIGODA,42
Keonjhar,BANSPAL,UPERRAIGODA,UPERRAIGODA,19
Keonjhar,BANSPAL,UPERRAIGODA,UPERRAIODA,44
Keonjhar,BANSPAL,UPERRAOGODA,PODADIHI,117
Keonjhar,BANSPAL,UPPERRAIGADA,UPERRAIGADA,1
Keonjhar,BANSPAL,UPWERRAIGODA,KADAKALA,1
Keonjhar,BANSPAL,UPWERRAIGODA,PODADIHI,2
Keonjhar,CHAMPUA,BADANAI,BADANAI,6
Keonjhar,CHAMPUA,BADANAI,GAMBHARIA,8
Keonjhar,CHAMPUA,BADANAI,PALASA,30
Keonjhar,CHAMPUA,BADANAI,RANIPUR(KA),18
Keonjhar,CHAMPUA,BADANAI,SANANAI (KA),1
Keonjhar,CHAMPUA,BADANALI,BADANAI,14
Keonjhar,CHAMPUA,BADANI,RANIPUR(KA),6
Keonjhar,CHAMPUA,BADKALIMATI,KAINTA,3
Keonjhar,CHAMPUA,BADKALIMATI,PALATA,17
Keonjhar,CHAMPUA,BADNAL,SANANAI (KA),2
Keonjhar,CHAMPUA,BANANAI,SANANAI,10
Keonjhar,CHAMPUA,BHANDA,BASUDEVPUR,6
Keonjhar,CHAMPUA,BHANDA,BHANDA,3
Keonjhar,CHAMPUA,BHANDA,KANSARA (KA),3
Keonjhar,CHAMPUA,BHANDA,KUNDAPOSI,3
Keonjhar,CHAMPUA,BHANDA,MANGALPUR,12
Keonjhar,CHAMPUA,BHIMAPUR,BHODAPOSI,11
Keonjhar,CHAMPUA,BHIMAPUR,KAMANDA (KA),7
Keonjhar,CHAMPUA,BHIMAPUR,SUNAPOSI,12
Keonjhar,CHAMPUA,BHIMPUR,BHIMPUR,6
Keonjhar,CHAMPUA,BHIMPUR,BIRIKUAN (KA),2
Keonjhar,CHAMPUA,BHIMPUR,SIRKUEN,1
Keonjhar,CHAMPUA,BHONDA,BHONDA,6
Keonjhar,CHAMPUA,BHUINPUR,KAMADA(KA),3
Keonjhar,CHAMPUA,BHUINPUR,KAMAND,4
Keonjhar,CHAMPUA,BHUINPUR,SIRIKUAN,1
Keonjhar,CHAMPUA,BHUIPUR,BHODAPOSI,2
Keonjhar,CHAMPUA,BHUIYANRAIDA,BHUIYANRAIDA,1
Keonjhar,CHAMPUA,BHUYANRAIDA,KUNDULUPANI,1
Keonjhar,CHAMPUA,C.S.PUR,BALABHADRAPUR,15
Keonjhar,CHAMPUA,C.S.PUR,C.S.PUR,8
Keonjhar,CHAMPUA,C.S.PUR,LAXMIPOSI,6
Keonjhar,CHAMPUA,C.S.PUR,MAKMILLANPUR,6
Keonjhar,CHAMPUA,CHAMPUA,GODHULI,3
Keonjhar,CHAMPUA,CHANDRASEKHARPUR,CHANDRASEKHARPUR,18
Keonjhar,CHAMPUA,CHANDRASEKHARPUR,DUKULIA,3
Keonjhar,CHAMPUA,CHANDRASEKHARPUR,KANJIASOLA,2
Keonjhar,CHAMPUA,CHANDRASEKHARPUR,MAKMILANPUR,6
Keonjhar,CHAMPUA,CHANDRASEKHARPUR,SILIPUNJI,13
Keonjhar,CHAMPUA,CSPUR,KANJIASULA,7
Keonjhar,CHAMPUA,JAJAPOSI,BALA,5
Keonjhar,CHAMPUA,JAJAPOSI,FULKANALEI,4
Keonjhar,CHAMPUA,JAJAPOSI,JAJAPOSI,27
Keonjhar,CHAMPUA,JAJAPOSI,KANKADA,21
Keonjhar,CHAMPUA,JAJAPOSI,NUAGAON,13
Keonjhar,CHAMPUA,JAJPOSI,NUAGAON,23
Keonjhar,CHAMPUA,JALAPOSI,FULKANLEI,1
Keonjhar,CHAMPUA,JALI,TANGARPADA,4
Keonjhar,CHAMPUA,JALLI,BARDHANA,2
Keonjhar,CHAMPUA,JALLI,RENGALBEDA,8
Keonjhar,CHAMPUA,JALLI,TANGARBANTALA,13
Keonjhar,CHAMPUA,JALLY,BARDHANA,40
Keonjhar,CHAMPUA,JALLY,JALLY,1
Keonjhar,CHAMPUA,JALLY,NISCHINTPUR,5
Keonjhar,CHAMPUA,JALLY,RENGALBEDA,13
Keonjhar,CHAMPUA,JAMUDALAK,JADIPADA,7
Keonjhar,CHAMPUA,JAMUDALAK,JAMUDALAK,7
Keonjhar,CHAMPUA,JAMUDALAK,SATAHALIA,23
Keonjhar,CHAMPUA,JAMUDALAK,SRIDHARPUR,3
Keonjhar,CHAMPUA,JOJOPOSI,BALA,11
Keonjhar,CHAMPUA,JOJOPOSI,JOJOPOSI,30
Keonjhar,CHAMPUA,JOYTIPUR,JOYTIPUR,26
Keonjhar,CHAMPUA,JOYTIPUR,PARUDIPOSI,2
Keonjhar,CHAMPUA,JYOTIPUR,JYOTIPUR,1
Keonjhar,CHAMPUA,JYOTIPUR,PARUDIPOSI,24
Keonjhar,CHAMPUA,KALIKAPARASAD,TADUABHAL,2
Keonjhar,CHAMPUA,KALIKAPRASAD,HUNJAPOSI,28
Keonjhar,CHAMPUA,KALIKAPRASAD,KALIKAPRASD,4
Keonjhar,CHAMPUA,KARANJIA,BIDYADHARPUR,8
Keonjhar,CHAMPUA,KARANJIA,BISHNUPUR,1
Keonjhar,CHAMPUA,KARANJIA,KARANJIA,8
Keonjhar,CHAMPUA,KARANJIA,KATULIKANA,9
Keonjhar,CHAMPUA,KASHIPAL,GHANTAGADIA,7
Keonjhar,CHAMPUA,KASHIPAL,GULUDIPOSI,3
Keonjhar,CHAMPUA,KASHIPAL,KASHIPAL,40
Keonjhar,CHAMPUA,KASIPAL,GULUDIPOSI,5
Keonjhar,CHAMPUA,KASIPAL,KASIPAL,7
Keonjhar,CHAMPUA,KASIPAL,MOUDI,1
Keonjhar,CHAMPUA,KODAGADIA,CHIMILA,18
Keonjhar,CHAMPUA,KODAGADIA,GOPAPUR,2
Keonjhar,CHAMPUA,KODAGADIA,KODAGADIA,11
Keonjhar,CHAMPUA,KODAGADIA,MIRIGISINGHA,4
Keonjhar,CHAMPUA,KODAGADIA,MUKUNDAPUR,18
Keonjhar,CHAMPUA,KOLHARAIDIA,KOLHARAIDIA,20
Keonjhar,CHAMPUA,KUTARIPOSI,KANKADAPAT,33
Keonjhar,CHAMPUA,KUTARIPOSI,KANKADPAT,18
Keonjhar,CHAMPUA,MOUDI,PODUA,7
Keonjhar,CHAMPUA,NISCHIINPUR,TRILOCHANPUR,7
Keonjhar,CHAMPUA,PADUA,BANGIRIPOSHI,4
Keonjhar,CHAMPUA,PADUA,MANGALPUR,11
Keonjhar,CHAMPUA,PADUA,NISAGADIA,20
Keonjhar,CHAMPUA,PARSALA,GOPINATHAPUR,4
Keonjhar,CHAMPUA,PARSALA,GOPINATHPUR,7
Keonjhar,CHAMPUA,PARSALA,SIJUKALA,2
Keonjhar,CHAMPUA,PODUA,BANGURIPOSI,7
Keonjhar,CHAMPUA,PODUA,MANGALPUR,4
Keonjhar,CHAMPUA,PODUA,NISAGADIA,1
Keonjhar,CHAMPUA,RAJIA,JAYANTINAPUR,5
Keonjhar,CHAMPUA,RAJIA,KAINTA,13
Keonjhar,CHAMPUA,RAJIA,KANCHANPUR,14
Keonjhar,CHAMPUA,RAJIA,MAHESWARPUR,14
Keonjhar,CHAMPUA,RAJIA,PATALA,7
Keonjhar,CHAMPUA,RAJIA,SASANG,9
Keonjhar,CHAMPUA,RAJIA,SASANGA,27
Keonjhar,CHAMPUA,RANGAMATIA,BANKIA,7
Keonjhar,CHAMPUA,RANGAMATIA,HRUDURAMPUR,3
Keonjhar,CHAMPUA,RANGAMATIA,POKHARIA,13
Keonjhar,CHAMPUA,RANGAMATIA,RANGAMATIA,4
Keonjhar,CHAMPUA,RANGAMATIA,RARUANGODA,66
Keonjhar,CHAMPUA,RANGAMATIA,TIANSIPOSI,3
Keonjhar,CHAMPUA,REMULI,BASUDEVPUR,7
Keonjhar,CHAMPUA,REMULI,REMULI,10
Keonjhar,CHAMPUA,REMULI,TADUABAHAL,15
Keonjhar,CHAMPUA,RIMULI,TAUABAHAL,5
Keonjhar,CHAMPUA,SADANGI,ANKUDI,3
Keonjhar,CHAMPUA,SADANGI,NIUNDI,12
Keonjhar,CHAMPUA,SADANGI,SADANGI,7
Keonjhar,CHAMPUA,SAREI,TUNTUNA,52
Keonjhar,CHAMPUA,SUNAPOSI,BANKA,13
Keonjhar,CHAMPUA,SUNAPOSI,BANKO,5
Keonjhar,CHAMPUA,SUNAPOSI,BASUDEVPUR,1
Keonjhar,CHAMPUA,SUNAPOSI,GIRIDHARIPUR,14
Keonjhar,CHAMPUA,SUNAPOSI,INDRARASTHA,13
Keonjhar,CHAMPUA,SUNAPOSI,JODAPOKHARI,13
Keonjhar,CHAMPUA,SUNAPOSI,SUNAPOSI,2
Keonjhar,CHAMPUA,TUKUDIHI,RASABANTALA,10
Keonjhar,CHAMPUA,UCHABALI,KEMUNDIA,18
Keonjhar,CHAMPUA,UCHABALI,NANDAPUR,27
Keonjhar,CHAMPUA,UNCHABALI,RUPAKUNDA,6
Keonjhar,GHASIPURA,BHANDARIDIHA,ASANABAHALI,116
Keonjhar,GHASIPURA,BHANDARIDIHA,ASANABAHALI BARAGOTHA,6
Keonjhar,GHASIPURA,BHANDARIDIHA,BADUDIBASA,3
Keonjhar,GHASIPURA,BHANDARIDIHA,BARABAHALI,66
Keonjhar,GHASIPURA,BHANDARIDIHA,BASANTAPUR,21
Keonjhar,GHASIPURA,BHANDARIDIHA,BASANTAPUR (DALKISAHI),1
Keonjhar,GHASIPURA,BHANDARIDIHA,BASANTAPURA,54
Keonjhar,GHASIPURA,BHANDARIDIHA,BATASAHI (SAMUKANENDI),7
Keonjhar,GHASIPURA,BHANDARIDIHA,FULABAHALI,1
Keonjhar,GHASIPURA,BHANDARIDIHA,JAMUBAHALI,54
Keonjhar,GHASIPURA,BHANDARIDIHA,JHINKIPITA,120
Keonjhar,GHASIPURA,BHANDARIDIHA,JHINKIPITA (NATIASAHI),59
Keonjhar,GHASIPURA,BHANDARIDIHA,JHINKIPITA TALANTIA,12
Keonjhar,GHASIPURA,BHANDARIDIHA,NUA BARIPAL,4
Keonjhar,GHASIPURA,BHANDARIDIHA,RAIGHATI,1
Keonjhar,GHASIPURA,BHANDARIDIHA,SAMUKANENDI,8
Keonjhar,GHASIPURA,BHANDARIDIHA,SAMUKANENDI (BAITHAJALA),14
Keonjhar,GHASIPURA,BHANDARIDIHA,SAMUKANENDI (BANADAHI),11
Keonjhar,GHASIPURA,BHANDARIDIHA,SAMUKANENDI (BEITHAJALA),17
Keonjhar,GHASIPURA,BHANDARIDIHA,SAMUKANENDI (HADIBASA),9
Keonjhar,GHASIPURA,BHANDARIDIHA,SAMUKANENDI (JHATIA),2
Keonjhar,GHASIPURA,BHANDARIDIHA,SAMUKANENDI (LANGALDHUA),1
Keonjhar,GHASIPURA,BHANDARIDIHA,SAMUKANENDI (PHULABAHALI),38
Keonjhar,GHASIPURA,BHANDARIDIHA,SAMUKANENDI (TANTIAMARA),19
Keonjhar,GHASIPURA,BHANDARIDIHA,SAMUKANENDI BAITHAJALA,1
Keonjhar,GHASIPURA,BHANDARIDIHA,SANTARA,1
Keonjhar,GHASIPURA,BHANDARIDIHA,TALANATIA,6
Keonjhar,GHASIPURA,BHANDARIDIHA,TANTIAMARA,2
Keonjhar,GHASIPURA,BHANDARIDIHA,TORANIAPAL,92
Keonjhar,GHASIPURA,BHANDARIDIHA,TORANIAPAL (KADUAOGARTHA),1
Keonjhar,GHASIPURA,BHANDARIDIHA,TORANIAPAL (RAIGHATI),1
Keonjhar,GHASIPURA,BHANDARIDIHA,TORANIAPAL (SANTARA),1
Keonjhar,GHASIPURA,BHANDARIDIHA,TORANIAPAL RAIGHATI,12
Keonjhar,GHASIPURA,BHANDARIDIHA,TORANIPAL (KADUAOGATHA),1
Keonjhar,GHASIPURA,BHANDARIDIHA,TORANIPAL (RAIGHATI),1
Keonjhar,GHASIPURA,GADABANDHAGODA,GADABANDHAGODA,19
Keonjhar,GHASIPURA,GANPUR,BARANGA,14
Keonjhar,GHASIPURA,GANPUR,GANPUR,1
Keonjhar,GHASIPURA,GANPUR,NUHAMALIA,66
Keonjhar,GHASIPURA,GARHBANDDHUGODA,PATILO,16
Keonjhar,GHASIPURA,GOHIRA,BIRAGABINDAPUR,6
Keonjhar,GHASIPURA,GOHIRA,BIRAGOBINDAPUR,94
Keonjhar,GHASIPURA,GOHIRA,GOHIRA,163
Keonjhar,GHASIPURA,GOHIRA,JUGALAKISHOREPUR,5
Keonjhar,GHASIPURA,GOHIRA,JUGALKISHOREPUR,96
Keonjhar,GHASIPURA,GOHIRA,JUGALKISHORPUE,1
Keonjhar,GHASIPURA,GOHIRA,JUGALKISHORPUR,16
Keonjhar,GHASIPURA,GOHIRA,OSTAPURA,23
Keonjhar,GHASIPURA,KESADURAPAL,BARIPAL,8
Keonjhar,GHASIPURA,KESADURAPAL,HATINUCHA,26
Keonjhar,GHASIPURA,KESADURAPAL,KHAJURIPADA,93
Keonjhar,GHASIPURA,KESADURAPAL,NARANGAPUR,1
Keonjhar,GHASIPURA,KESADURAPAL,NUA BARIPAL,3
Keonjhar,GHASIPURA,KESDURAPAL,BARIPAL,24
Keonjhar,GHASIPURA,KESDURAPAL,NUABARIPAL,39
Keonjhar,GHASIPURA,KESHADURAPAL,BARIPAL,86
Keonjhar,GHASIPURA,KESHADURAPAL,NUABARIPAL,63
Keonjhar,GHASIPURA,KHALIABENTA,MANIGIRI,4
Keonjhar,GHASIPURA,KHALIAMENTA,GOPALAPUR,2
Keonjhar,GHASIPURA,KHALIAMENTA,GOPALPUR,77
Keonjhar,GHASIPURA,KHALIAMENTA,PANCHAGOCHIA,34
Keonjhar,GHASIPURA,KHALIAMENTA,PANCHUGOCHHIA,14
Keonjhar,GHASIPURA,KHALIAMETA,GOPALPUR,9
Keonjhar,GHASIPURA,KHALIAMETA,PANCHUGOCHIA,13
Keonjhar,GHASIPURA,MADANPUR,KHADIKASULA,3
Keonjhar,GHASIPURA,MADANPUR,SATTAIRA,14
Keonjhar,GHASIPURA,PANDUA,PANDUA,1
Keonjhar,GHASIPURA,PANDUA,PANDUA (DEHURISAHI),46
Keonjhar,GHASIPURA,PURUNABANDHAGODA,BILABANDAH,39
Keonjhar,GHASIPURA,PURUNABANDHAGODA,NANDABAR,36
Keonjhar,GHASIPURA,RADHIKADEIPUR,ANALAPAL,19
Keonjhar,GHASIPURA,RADHIKADEIPUR,ANLAPAL,47
Keonjhar,GHASIPURA,RADHIKADEIPUR,KENDUA,77
Keonjhar,GHASIPURA,RADHIKADEIPUR,KHAILO,77
Keonjhar,GHASIPURA,RADHIKADEIPUR,KHALAPAL,28
Keonjhar,GHASIPURA,RADHIKADEIPUR,KHALAPAL (BADPATNASAHI),2
Keonjhar,GHASIPURA,RADHIKADEIPUR,KOLHABEDA,24
Keonjhar,GHASIPURA,RDHIKADEIPUR,DALKISAHI,9
Keonjhar,GHASIPURA,RDHIKADEIPUR,DHABADISAHI,3
Keonjhar,GHASIPURA,RDHIKADEIPUR,KAILO,1
Keonjhar,GHASIPURA,RDHIKADEIPUR,KHAILO,1
Keonjhar,GHASIPURA,RDHIKADEIPUR,KOLHABEDA,7
Keonjhar,GHASIPURA,SAILONG,SAILONG R.F,22
Keonjhar,GHASIPURA,SAINKUL,SAINKUL,5
Keonjhar,GHATAGAON,BADAJAMPOSI,BADAJAMPOSI,1
Keonjhar,GHATAGAON,BADAJAMPOSI,BAIGANPAL,113
Keonjhar,GHATAGAON,BADAJAMPOSI,KUNDAPITHA,1
Keonjhar,GHATAGAON,BADAJAMUPASI,MURGAPAHADI(DEHURIPASI),37
Keonjhar,GHATAGAON,BADAJAMUPASI,NALABILA,21
Keonjhar,GHATAGAON,BADAJAMUPOSI,GADADHARPUR,8
Keonjhar,GHATAGAON,BADAMASINABILA,MEDINIPUR,37
Keonjhar,GHATAGAON,BADAMASINABILA,PANUPASI,16
Keonjhar,GHATAGAON,BADAMASINABILA,PANUPOSI,78
Keonjhar,GHATAGAON,BADAMASINABILA,SANABARABEDA,23
Keonjhar,GHATAGAON,BADAMASINABILA,SANABARBEDA,62
Keonjhar,GHATAGAON,BADAMASINABILA,SANAMASINABILA,19
Keonjhar,GHATAGAON,BADAMASINABILA,SANANUAGAON,26
Keonjhar,GHATAGAON,BADAMASINABILA,SANNAUGAON,3
Keonjhar,GHATAGAON,BADAMASINABILLA,BADAMASINABILLA,81
Keonjhar,GHATAGAON,BADAMASINABILLA,SANABARABEDA,1
Keonjhar,GHATAGAON,BADAMASINABILLA,SANAMASINABILLA,2
Keonjhar,GHATAGAON,BADAMASINBILA,BADAMASINBILA,60
Keonjhar,GHATAGAON,BADAPICHHUALA,JHARBEDA,2
Keonjhar,GHATAGAON,BADAPICHHULA,BADAPICHHULA,13
Keonjhar,GHATAGAON,BADAPICHHULA,JHARBEDA,198
Keonjhar,GHATAGAON,BADAPICHHULLA,JHARBEDA,1
Keonjhar,GHATAGAON,BADAPICHULA,JHARBEDA,1
Keonjhar,GHATAGAON,BADJAMPOSI,BADJAMPOSI,96
Keonjhar,GHATAGAON,BADJAMPOSI,BAIGANPAL,13
Keonjhar,GHATAGAON,BADJAMPOSI,DEHURIPSI,39
Keonjhar,GHATAGAON,BADJAMPOSI,KUNDAPITHA,84
Keonjhar,GHATAGAON,BADJAMPOSI,MURGAPAHADI,64
Keonjhar,GHATAGAON,BADJAMUPOSI,KUNDAPITHA,64
Keonjhar,GHATAGAON,BADKALIMATI,CHIKINIA,20
Keonjhar,GHATAGAON,BADKALIMATI,GOLABANDH,6
Keonjhar,GHATAGAON,BADKALIMATI,KAMARGODA,31
Keonjhar,GHATAGAON,BADKALIMATI,PIPILIA,25
Keonjhar,GHATAGAON,BADMASINABILA,SANAMASINABILA,8
Keonjhar,GHATAGAON,BADPICHHULA,JHARBEDA,1
Keonjhar,GHATAGAON,BALIJODI,BALIJODI,1
Keonjhar,GHATAGAON,BALIPAKHARI,CHHATARAYPUR,17
Keonjhar,GHATAGAON,BALIPAKHARI,GOPINATHPUR,30
Keonjhar,GHATAGAON,BALIPOKHARI,BALIPOKHARI,43
Keonjhar,GHATAGAON,BALIPOKHARI,CHHATRAYPUR,16
Keonjhar,GHATAGAON,BALIPOKHARI,CHHOTRAYPUR,9
Keonjhar,GHATAGAON,BALIPOKHARI,DHANGARDIHA,1
Keonjhar,GHATAGAON,BALIPOKHARI,DUBULABEDA,3
Keonjhar,GHATAGAON,BALIPOKHARI,GOPINATHAPUR,11
Keonjhar,GHATAGAON,BALIPOKHARI,GOPINATHPUR,42
Keonjhar,GHATAGAON,BALIPOKHARI,HATINOTA,43
Keonjhar,GHATAGAON,BALIPOKHARI,PAUCHHIA,8
Keonjhar,GHATAGAON,BALIPOKHARI,SAGADAPATA,13
Keonjhar,GHATAGAON,BALIPOKHIRI,HATINOTA,35
Keonjhar,GHATAGAON,BALIPOKHORI,CHHOTARAYPUR,20
Keonjhar,GHATAGAON,BARAHATIPURA,SUNARIPOSI,30
Keonjhar,GHATAGAON,BARHA TIPURA,BHANJA TIPURA,53
Keonjhar,GHATAGAON,BARHATIPURA,BARHATIPURA,65
Keonjhar,GHATAGAON,BARHATIURA,DEHURIPADA,25
Keonjhar,GHATAGAON,BASANTAPUR,BADAPASI,1
Keonjhar,GHATAGAON,BASANTAPUR,BASATAPUR,108
Keonjhar,GHATAGAON,BASANTAPUR,KANDASAR,47
Keonjhar,GHATAGAON,BASANTAPUR,LUDURPADA,36
Keonjhar,GHATAGAON,BASANTAPUR,UKUCHABEDA,19
Keonjhar,GHATAGAON,BHOLBEDA,AMBUAPADA,31
Keonjhar,GHATAGAON,BHOLBEDA,BHOLBEDA,225
Keonjhar,GHATAGAON,BHOLBEDA,RAIKUDAR,39
Keonjhar,GHATAGAON,BINIDA,BINIDA,111
Keonjhar,GHATAGAON,BINIDA,FULJHAR,18
Keonjhar,GHATAGAON,BINIDA,MASINJODI,22
Keonjhar,GHATAGAON,BINIDA,RANGAMATIA,38
Keonjhar,GHATAGAON,DHENKIKOTE,DHENKIKOTE,55
Keonjhar,GHATAGAON,DHENKIKOTE,KAPASPADA,101
Keonjhar,GHATAGAON,DHENKIKOTE,TIKIRA,80
Keonjhar,GHATAGAON,GADADHARPUR,ARJUNBILA,32
Keonjhar,GHATAGAON,GADADHARPUR,KHUNTA,13
Keonjhar,GHATAGAON,GADADHARPUR,MADHUPUR,17
Keonjhar,GHATAGAON,GADDHARPUR,BATAHARICH.PUR,13
Keonjhar,GHATAGAON,KHALIGHAR,SITABINJI,3
Keonjhar,GHATAGAON,KHANTAGHAR,KASIBEDA,73
Keonjhar,GHATAGAON,KHANTAGHAR,KHANTAGHAR,31
Keonjhar,GHATAGAON,KHANTAGHAR,MAHULGADIA,63
Keonjhar,GHATAGAON,KHANTAGHAR,TANDIBEDA,65
Keonjhar,GHATAGAON,KHANTAGHARA,KASHIBEDA,23
Keonjhar,GHATAGAON,KHANTAGHAT,KHANTAGHAR,65
Keonjhar,GHATAGAON,LUDURPADA,LUDURPADA,22
Keonjhar,GHATAGAON,MAKUNDAPUR,UPERDIHA,1
Keonjhar,GHATAGAON,MANOHARPUR,DANGUAPASI,21
Keonjhar,GHATAGAON,MANOHARPUR,DANGUAPOSI,100
Keonjhar,GHATAGAON,MANOHARPUR,GANDASILA,28
Keonjhar,GHATAGAON,MANOHARPUR,GONDASHILA,48
Keonjhar,GHATAGAON,MANOHARPUR,KATARABEDA,86
Keonjhar,GHATAGAON,MANOHARPUR,KHAJIRIJUANI,1
Keonjhar,GHATAGAON,MANOHARPUR,KHAJURIJUANI,60
Keonjhar,GHATAGAON,MANOHARPUR,LAXMIPASI ORAF JARASANDHA,21
Keonjhar,GHATAGAON,MANOHARPUR,LAXMIPOSI JARASANDHA,43
Keonjhar,GHATAGAON,MANOHARPUR,MANOHARPUR,82
Keonjhar,GHATAGAON,MANOHARPUR,PARSHURAMPUR,11
Keonjhar,GHATAGAON,MANOHARPUR,PARSURAMPUR,20
Keonjhar,GHATAGAON,MANOHARPUR,SITABINJ,12
Keonjhar,GHATAGAON,MANOHARPUR,SITABINJI,43
Keonjhar,GHATAGAON,MUKTAPUR,BAGHAGHAR,55
Keonjhar,GHATAGAON,MUKTAPUR,DALANGAPANI,102
Keonjhar,GHATAGAON,MUKTAPUR,GHANTAJHARI,26
Keonjhar,GHATAGAON,MUKTAPUR,GHUNTJHARI,11
Keonjhar,GHATAGAON,MUKTAPUR,MACHHABHANDAR,9
Keonjhar,GHATAGAON,MUKTAPUR,MUDRABEDA,68
Keonjhar,GHATAGAON,MUKTAPUR,MUKATAPUR,15
Keonjhar,GHATAGAON,MUKTAPUR,MUKTAPUR,62
Keonjhar,GHATAGAON,MUKTAPUR,RAMACHANDRAPUR,97
Keonjhar,GHATAGAON,MUKUNDAPUR,BANACHAKULIA,69
Keonjhar,GHATAGAON,MUKUNDAPUR,KOLIPOSI,44
Keonjhar,GHATAGAON,MUKUNDAPUR,RAIPAT,2
Keonjhar,GHATAGAON,MUKUNDAPUR PATANA,BENACHAKULIA,53
Keonjhar,GHATAGAON,MUKUNDAPUR PATANA,HALINOTA,1
Keonjhar,GHATAGAON,MUKUNDAPUR PATNA,BINAJHARI,17
Keonjhar,GHATAGAON,PADPICHHULA,JHARBEDA,106
Keonjhar,GHATAGAON,PAIDAPATAN,HALADHARPUR,53
Keonjhar,GHATAGAON,PAIDAPATANA,NUSURIPASI,85
Keonjhar,GHATAGAON,PAIDAPATANA,PAIDAPATANA,32
Keonjhar,GHATAGAON,PAIDAPATNA,DHANURJAYPUR,10
Keonjhar,GHATAGAON,PAIDAPATNA,HALADHARAPUR,44
Keonjhar,GHATAGAON,PAIDAPATNA,KHUNTAPADA,19
Keonjhar,GHATAGAON,PAIDAPATNA,NUSURIPOSI,35
Keonjhar,GHATAGAON,PAIDAPATNA,PAIDAPATNA,21
Keonjhar,GHATAGAON,PAIDAPATNA,SAGADIA,5
Keonjhar,GHATAGAON,PANDAPADA,DHARAPADA,9
Keonjhar,GHATAGAON,PANDAPADA,KAMARANALI,5
Keonjhar,GHATAGAON,PATILO,ADAKATA,90
Keonjhar,GHATAGAON,PATILO,BADAJEULI,13
Keonjhar,GHATAGAON,PATILO,DENGENA,17
Keonjhar,GHATAGAON,PATILO,DEOBANDHA,25
Keonjhar,GHATAGAON,PATILO,JAMUNPASI,26
Keonjhar,GHATAGAON,PATILO,JAMUPOSI,14
Keonjhar,GHATAGAON,PATILO,NUAGAON,25
Keonjhar,GHATAGAON,PATILO,SANAJIULI,15
Keonjhar,GHATAGAON,PIPILIA,ASANABANI,52
Keonjhar,GHATAGAON,PIPILIA,BANKAPATULI,49
Keonjhar,GHATAGAON,PIPILIA,CHIKINIA ORAF GOBINDAPUR,26
Keonjhar,GHATAGAON,PIPILIA,CHIKINIA/GOBINDAPUR,13
Keonjhar,GHATAGAON,PIPILIA,MUNDATANGAR,16
Keonjhar,GHATAGAON,PIPILIA,PIPILIA,158
Keonjhar,GHATAGAON,PURMUNDA,NISCHINTPUR,18
Keonjhar,GHATAGAON,PURUMUDA,PATABARI,4
Keonjhar,GHATAGAON,PURUMUNDA,ASANABAHALI,6
Keonjhar,GHATAGAON,PURUMUNDA,ASANBAHALI,19
Keonjhar,GHATAGAON,PURUMUNDA,BADABARABEDA,141
Keonjhar,GHATAGAON,PURUMUNDA,BADABARBEDA,26
Keonjhar,GHATAGAON,PURUMUNDA,GAYALMUNDA,63
Keonjhar,GHATAGAON,PURUMUNDA,PATABARI,52
Keonjhar,GHATAGAON,PURUMUNDA,PURUMUNDA,9
Keonjhar,GHATAGAON,RUTISILA,ANKALAPADA,36
Keonjhar,GHATAGAON,RUTISILA,BIDYADHARAPUR,40
Keonjhar,GHATAGAON,RUTISILA,BIDYADHARPUR,16
Keonjhar,GHATAGAON,RUTISILA,JHARBADA,2
Keonjhar,GHATAGAON,RUTISILA,NIMGHAR,11
Keonjhar,GHATAGAON,RUTISILA,NIMIGHARA,13
Keonjhar,GHATAGAON,RUTISILA,RUTISILA,9
Keonjhar,GHATAGAON,RUTISILA,SARUPAT,35
Keonjhar,GHATAGAON,RUTISILA,SARUPATA,24
Keonjhar,GHATAGAON,SANTARAPUR,CHHATIA,1
Keonjhar,GHATAGAON,SANTARAPUR,RAGHUBEDA,64
Keonjhar,GHATAGAON,SANTARAPUR,SANTARAPUR,83
Keonjhar,GHATAGAON,SANTRAPUR,CHHATIA,42
Keonjhar,GHATAGAON,SANTRAPUR,KULADERA,29
Keonjhar,GHATAGAON,SANTRAPUR,RAGHUBEDA,56
Keonjhar,GHATAGAON,SANTRAPUR,SANTRAPUR,2
Keonjhar,GHATAGAON,SARASAPASI,BHARANDIA,36
Keonjhar,GHATAGAON,SARASPASI,BHALUKIPATALA,103
Keonjhar,GHATAGAON,SARASPOSI,BHARANDIA,23
Keonjhar,GHATAGAON,SARASPOSI,BRUNDABANPUR,35
Keonjhar,GHATAGAON,SARASPOSI,DENGENA,2
Keonjhar,GHATAGAON,SARASPOSI,GOBARABEDA,25
Keonjhar,GHATAGAON,SARASPOSI,NUAGAON,2
Keonjhar,GHATAGAON,SARASPOSI,SARASPOSI,7
Keonjhar,GHATAGAON,SUNATAGIRI,SUNATAGIRI,5
Keonjhar,GHATAGAON,SUNATANGIRI,BALABHADRAPUR,3
Keonjhar,GHATAGAON,SUNATANGIRI,BALAVADRAPUR,110
Keonjhar,GHATAGAON,SUNATANGIRI,GOHITANGIRI,58
Keonjhar,GHATAGAON,SUNATANGIRI,KUMULANALI,1
Keonjhar,GHATAGAON,SUNATANGIRI,SUNATANGIRI,94
Keonjhar,GHATAGAON,TARA,BANAKANDA,46
Keonjhar,GHATAGAON,TARA,BEDHAPAL,11
Keonjhar,GHATAGAON,TARA,MANATA,39
Keonjhar,GHATAGAON,TARA,NAKJHARI,6
Keonjhar,GHATAGAON,TARA,NISCHINTAPUR,44
Keonjhar,GHATAGAON,TARA,SANJAMPOSI,10
Keonjhar,GHATAGAON,TARA,TARA,86
Keonjhar,GHATAGAON,TORANIPOKHARI,DHOBAPITNA,6
Keonjhar,GHATAGAON,TORANIPOKHARI,DWARIKAPOSI,7
Keonjhar,GHATAGAON,TORANIPOKHARI,GOPAPUR,52
Keonjhar,GHATAGAON,TORANIPOKHARI,MATHURAPOSI,8
Keonjhar,GHATAGAON,TORANIPOKHARI,POIPANI,70
Keonjhar,GHATAGAON,TORANIPOKHRI,TORANIPOKHRI,41
Keonjhar,GHATAGAON,UPARADIHA,BALIJODI,72
Keonjhar,GHATAGAON,UPARADIHA,MELAN,85
Keonjhar,GHATAGAON,UPERDIHA,BALIJODI,70
Keonjhar,GHATAGAON,UPERDIHA,KUSUNPUR,23
Keonjhar,GHATAGAON,UPERDIHA,UPARDIHA,31
Keonjhar,GHATAGAON,UPERDIHA,UPERDIHA,102
Keonjhar,GHATAGAON,UPEREDIHA,MELAN,95
Keonjhar,HARICHANDANPUR,ALONGA,ALONGA,6
Keonjhar,HARICHANDANPUR,ALONGA,NANDARA,6
Keonjhar,HARICHANDANPUR,B HAGAMUNDA,ANGAMATIA B. MUNDA,2
Keonjhar,HARICHANDANPUR,B HAGAMUNDA,BHAGAMUNDA,4
Keonjhar,HARICHANDANPUR,B HAGAMUNDA,MAHULMUNDA,10
Keonjhar,HARICHANDANPUR,B HAGAMUNDA,RANGAMATIA,12
Keonjhar,HARICHANDANPUR,B HAGAMUNDA,RANGAMATIA (B. MUNDA),2
Keonjhar,HARICHANDANPUR,B HAGAMUNDA,TALABEDA,9
Keonjhar,HARICHANDANPUR,BADAPALASPAL,BANDHAPADA,1
Keonjhar,HARICHANDANPUR,BADAPALASPAL,BHOKA,153
Keonjhar,HARICHANDANPUR,BADAPALASPAL,GARGADABHAL,75
Keonjhar,HARICHANDANPUR,BADAPALASPAL,GARGADBAHAL,55
Keonjhar,HARICHANDANPUR,BADAPALASPAL,GOLABANDHA,72
Keonjhar,HARICHANDANPUR,BADAPALASPAL,KANHEIGODA,59
Keonjhar,HARICHANDANPUR,BADAPALASPAL,KANHEIGOLA,7
Keonjhar,HARICHANDANPUR,BADAPALASPAL,NOLA,43
Keonjhar,HARICHANDANPUR,BADAPALASPAL,OSTAPONGA,5
Keonjhar,HARICHANDANPUR,BADAPALASPAL,PALASPAL,15
Keonjhar,HARICHANDANPUR,BADAPALASPAL,RANIBEDA,3
Keonjhar,HARICHANDANPUR,BADAPALASPAL,RANIPADA,32
Keonjhar,HARICHANDANPUR,BADKALIMATI,CHILIKIDHARA,21
Keonjhar,HARICHANDANPUR,BAEIGODA,NANDENGAPENTHA,9
Keonjhar,HARICHANDANPUR,BANITANGAR,BANITANGAR,1
Keonjhar,HARICHANDANPUR,BARAGARH,TANKAJODA,2
Keonjhar,HARICHANDANPUR,BAREIGODA,BADAJUMEI,24
Keonjhar,HARICHANDANPUR,BAREIGODA,BAREIGODA,92
Keonjhar,HARICHANDANPUR,BAREIGODA,KANJIAPAL,33
Keonjhar,HARICHANDANPUR,BAREIGODA,KANTAJHARI,14
Keonjhar,HARICHANDANPUR,BAREIGODA,KUSUMJODI,36
Keonjhar,HARICHANDANPUR,BAREIGODA,NANDENGAPENTHA,20
Keonjhar,HARICHANDANPUR,BAREIGODA,REBANA,58
Keonjhar,HARICHANDANPUR,BAREIGODA,REBANA (KHA),1
Keonjhar,HARICHANDANPUR,BAREIGODA,REVANA (KHA),26
Keonjhar,HARICHANDANPUR,BAREIGODA,SANAJUMEI,1
Keonjhar,HARICHANDANPUR,BAREIGODA,SANJUMEI,8
Keonjhar,HARICHANDANPUR,BAREIGODA,TALAPADA,106
Keonjhar,HARICHANDANPUR,BAREIGODA,TURKIPADA,62
Keonjhar,HARICHANDANPUR,BAXIBARIGAON,SALABEDA,1
Keonjhar,HARICHANDANPUR,BEREIGODA,KUSUMJODI(KHA),5
Keonjhar,HARICHANDANPUR,BHAGAMUNDA,BELASANDA,1
Keonjhar,HARICHANDANPUR,BHAGAMUNDA,BHAGAMUNA,1
Keonjhar,HARICHANDANPUR,BHAGAMUNDA,BHAGAMUNDA,74
Keonjhar,HARICHANDANPUR,BHAGAMUNDA,BHAGAMUNDA GOBARA,6
Keonjhar,HARICHANDANPUR,BHAGAMUNDA,GOUNIGHASA,1
Keonjhar,HARICHANDANPUR,BHAGAMUNDA,HAYARPUR,89
Keonjhar,HARICHANDANPUR,BHAGAMUNDA,MANIABANDHA,24
Keonjhar,HARICHANDANPUR,BHAGAMUNDA,NUAGAON,96
Keonjhar,HARICHANDANPUR,BHAGAMUNDA,NUAGOAN,53
Keonjhar,HARICHANDANPUR,BHAGAMUNDA,RANGAMATIA,4
Keonjhar,HARICHANDANPUR,BHANRPUR,BANBIR,13
Keonjhar,HARICHANDANPUR,BHANRPUR,BANBIR ROHI,68
Keonjhar,HARICHANDANPUR,BHANRPUR,BHAGAMUNDA,17
Keonjhar,HARICHANDANPUR,BHANRPUR,BHANRPUR,30
Keonjhar,HARICHANDANPUR,BHANRPUR,CHASATANGIRI,28
Keonjhar,HARICHANDANPUR,BHANRPUR,PRAHALLADPUR,13
Keonjhar,HARICHANDANPUR,BHANRPUR,ROHI,18
Keonjhar,HARICHANDANPUR,BUDHAKHAMAN,BUDHAKHAMAN,209
Keonjhar,HARICHANDANPUR,BUDHAKHAMAN,NOLAPANGA,2
Keonjhar,HARICHANDANPUR,BUDHAKHAMAN,NOLAPONGA,64
Keonjhar,HARICHANDANPUR,BUDHAKHAMAN,SAHARTANGIRI,33
Keonjhar,HARICHANDANPUR,BUDHAKHAMAN,SAMAGIRI,9
Keonjhar,HARICHANDANPUR,BUDHAKHAMAN,SOMAGIRI,58
Keonjhar,HARICHANDANPUR,BUDHAKHAMAN,SOMAGRI,34
Keonjhar,HARICHANDANPUR,BUDHAKHAMAN,TALANADAM,50
Keonjhar,HARICHANDANPUR,BUXIBARIGAON,BAIJAPADA,25
Keonjhar,HARICHANDANPUR,BUXIBARIGAON,BUXIBARIGAON,107
Keonjhar,HARICHANDANPUR,BUXIBARIGAON,DHANBENI,40
Keonjhar,HARICHANDANPUR,BUXIBARIGAON,MADHAPUR,6
Keonjhar,HARICHANDANPUR,BUXIBARIGAON,OSTAPONGA,140
Keonjhar,HARICHANDANPUR,DAITARY,DAITARY,25
Keonjhar,HARICHANDANPUR,DHARUDIAMBA,TALADIHI,80
Keonjhar,HARICHANDANPUR,DHURUDIAMABA,DHURUDIAMABA,8
Keonjhar,HARICHANDANPUR,DHURUDIAMBA,CHARICHAKIA,43
Keonjhar,HARICHANDANPUR,DHURUDIAMBA,DHURUDIAMBA,17
Keonjhar,HARICHANDANPUR,DHURUDIAMBA,JAMUDA,92
Keonjhar,HARICHANDANPUR,DHURUDIAMBA,JAMUDA HARIDAGOTHA,1
Keonjhar,HARICHANDANPUR,DHURUDIAMBA,JAMUPOSI,96
Keonjhar,HARICHANDANPUR,DHURUDIAMBA,KARADAPAL,158
Keonjhar,HARICHANDANPUR,DHURUDIAMBO,JAMDA,100
Keonjhar,HARICHANDANPUR,GOUNIGHAA,ARJUNCHUA,23
Keonjhar,HARICHANDANPUR,GOUNIGHASA,ARJUN CHUA,1
Keonjhar,HARICHANDANPUR,GOUNIGHASA,ARJUNCHUA,222
Keonjhar,HARICHANDANPUR,GOUNIGHASA,CHILIKIDHARA,41
Keonjhar,HARICHANDANPUR,GOUNIGHASA,CHILKIDHARA,51
Keonjhar,HARICHANDANPUR,GOUNIGHASA,GOUNIGHASA,52
Keonjhar,HARICHANDANPUR,GUNIGHASA,GOUNIGHASA,4
Keonjhar,HARICHANDANPUR,H.C.PUR,HARIDAGOTHA,126
Keonjhar,HARICHANDANPUR,HARICHANPUR,KANTALA,1
Keonjhar,HARICHANDANPUR,HCPUR,HARIDAGOTHA,16
Keonjhar,HARICHANDANPUR,HUNDA,BARAPADA,30
Keonjhar,HARICHANDANPUR,HUNDA,GAJAMBA,26
Keonjhar,HARICHANDANPUR,HUNDA,HUNDA,15
Keonjhar,HARICHANDANPUR,HUNDA,HUNDA BARAPADA,6
Keonjhar,HARICHANDANPUR,HUNDA,HUNDA KHAJURIBANI,54
Keonjhar,HARICHANDANPUR,HUNDA,HUNDA KHANTAMARA,5
Keonjhar,HARICHANDANPUR,HUNDA,JHUMUKAPOSI,19
Keonjhar,HARICHANDANPUR,HUNDA,KHAJURIBANI,2
Keonjhar,HARICHANDANPUR,HUNDA,KHUNTAMARA,2
Keonjhar,HARICHANDANPUR,HUNDA BARAPADA,HUNDA BARAPADA,7
Keonjhar,HARICHANDANPUR,JAMUJODI,DHAGOTHA,32
Keonjhar,HARICHANDANPUR,JAMUJODI,DOLAPUR,2
Keonjhar,HARICHANDANPUR,JAMUJODI,JAMUJODI,58
Keonjhar,HARICHANDANPUR,JAMUJODI,MANAPUR,50
Keonjhar,HARICHANDANPUR,JAMUJODI,MANOHARPUR,2
Keonjhar,HARICHANDANPUR,JIRANG,JIRANG,1
Keonjhar,HARICHANDANPUR,JIRANG,KARANJIA,9
Keonjhar,HARICHANDANPUR,JIRANG,KUNDALPANI,6
Keonjhar,HARICHANDANPUR,JIRANG,PENTHADIHI,17
Keonjhar,HARICHANDANPUR,JIRANG,SANTOSHPUR,11
Keonjhar,HARICHANDANPUR,JIRANG,TANGARPADA,14
Keonjhar,HARICHANDANPUR,JIRANGA,HUNDAKHAJURIBANI,4
Keonjhar,HARICHANDANPUR,JIRANGA,JIRANGA,18
Keonjhar,HARICHANDANPUR,JIRANGA,KALAPAT,66
Keonjhar,HARICHANDANPUR,JIRANGA,KHUNTAPASI,75
Keonjhar,HARICHANDANPUR,JIRANGA,PANASIA,77
Keonjhar,HARICHANDANPUR,JUNGA,BALANIPOSI,23
Keonjhar,HARICHANDANPUR,JUNGA,BOLANIPOSI,12
Keonjhar,HARICHANDANPUR,JUNGA,DANDA SENAPOSI,14
Keonjhar,HARICHANDANPUR,JUNGA,DANDSENAPOSI,1
Keonjhar,HARICHANDANPUR,JUNGA,DUMURINALI,4
Keonjhar,HARICHANDANPUR,JUNGA,JUNGA,41
Keonjhar,HARICHANDANPUR,JUNGA,NAIGODA,10
Keonjhar,HARICHANDANPUR,KARADAPAL,KARADAPAL,8
Keonjhar,HARICHANDANPUR,KARANGADIHI,TEMERA,9
Keonjhar,HARICHANDANPUR,KODIPASA,KODIPASA,9
Keonjhar,HARICHANDANPUR,KUANR,KANJIPANI,2
Keonjhar,HARICHANDANPUR,MANOHARPUR,CHAKRADHARPUR,45
Keonjhar,HARICHANDANPUR,MANOHARPUR,KADUADIHA,23
Keonjhar,HARICHANDANPUR,MANOHARPUR,KALIMATI,37
Keonjhar,HARICHANDANPUR,MONAHARPUR,LAXMIPUR,48
Keonjhar,HARICHANDANPUR,NOLAPONGA,NOLAPONGA,5
Keonjhar,HARICHANDANPUR,PALASPAL,BANITANGAR,1
Keonjhar,HARICHANDANPUR,PALASPAL,PALASPAL BANITANGAR,6
Keonjhar,HARICHANDANPUR,PALASPAL,REVANAPALASPAL,26
Keonjhar,HARICHANDANPUR,PITAHAGOLA,SHARADHAPASI,3
Keonjhar,HARICHANDANPUR,PITAHGOLA,RAMPAKOTE,23
Keonjhar,HARICHANDANPUR,PITAPITI,KUAJHARAN,43
Keonjhar,HARICHANDANPUR,PITHAGOLA,ALONGA,33
Keonjhar,HARICHANDANPUR,PITHAGOLA,BALIPASI,58
Keonjhar,HARICHANDANPUR,PITHAGOLA,KHARABA,102
Keonjhar,HARICHANDANPUR,PITHAGOLA,KHEDAPADA,28
Keonjhar,HARICHANDANPUR,PITHAGOLA,KULADHANKUNI,45
Keonjhar,HARICHANDANPUR,PITHAGOLA,MARAGALA,57
Keonjhar,HARICHANDANPUR,PITHAGOLA,NANDARA,14
Keonjhar,HARICHANDANPUR,PITHAGOLA,PITHAGOLA,14
Keonjhar,HARICHANDANPUR,PITHAGOLA,RAMPAKOTE,30
Keonjhar,HARICHANDANPUR,PITHAGOLA,SHARADHAPASI,47
Keonjhar,HARICHANDANPUR,PITHAGOLA,TAMBAHALI,2
Keonjhar,HARICHANDANPUR,PITHAGOLA,TAMBAHAR,19
Keonjhar,HARICHANDANPUR,PITHAGOLA,TANGARBAHALI,28
Keonjhar,HARICHANDANPUR,RASOL,ALUDUMA,43
Keonjhar,HARICHANDANPUR,RASOL,ALUTUMBA,79
Keonjhar,HARICHANDANPUR,RASOL,BALI PARBAT,113
Keonjhar,HARICHANDANPUR,RASOL,BALIPARBAT,59
Keonjhar,HARICHANDANPUR,RASOL,BRAHMANIPAL,101
Keonjhar,HARICHANDANPUR,RASOL,BRAHMNIPAL,28
Keonjhar,HARICHANDANPUR,RASOL,KHASAPADA,120
Keonjhar,HARICHANDANPUR,RASOL,KHASAPODA,39
Keonjhar,HARICHANDANPUR,RASOL,NUASAHI,11
Keonjhar,HARICHANDANPUR,RASOL,PANCHAM,156
Keonjhar,HARICHANDANPUR,RASOL,RASOL,25
Keonjhar,HARICHANDANPUR,RASOL,TENTULIPAL,34
Keonjhar,HARICHANDANPUR,RASOL,TENTULIPAL (NUABEDA),9
Keonjhar,HARICHANDANPUR,REBANAPALASPAL,BAGIRA,2
Keonjhar,HARICHANDANPUR,REBANAPALASPAL,BANGURUSUNI,111
Keonjhar,HARICHANDANPUR,REBANAPALASPAL,BUDHIPADA,44
Keonjhar,HARICHANDANPUR,REBANAPALASPAL,MASINAJODI,38
Keonjhar,HARICHANDANPUR,REBANAPALASPAL,REBANAPALASPAL,106
Keonjhar,HARICHANDANPUR,REBANAPALASPAL,REBANAPALSPAL,1
Keonjhar,HARICHANDANPUR,REBANAPALASPALA,MAHULAPANGA,80
Keonjhar,HARICHANDANPUR,REBANAPALSPAL,REBNAPALASPAL (BANITANGAR),68
Keonjhar,HARICHANDANPUR,REVANAPALASPAL,BANGURSUNI,2
Keonjhar,HARICHANDANPUR,REVANAPALASPAL,BANGURUSUNI,6
Keonjhar,HARICHANDANPUR,REVANAPALASPAL,MASINAJODI,114
Keonjhar,HARICHANDANPUR,REVANAPALASPAL,REVANAPALASPAL,3
Keonjhar,HARICHANDANPUR,SAGADAPATA,BILA DHANBENI,3
Keonjhar,HARICHANDANPUR,SAGADAPATA,BILA KUSUMDIHA,1
Keonjhar,HARICHANDANPUR,SAGADAPATA,BILA TASARDA,2
Keonjhar,HARICHANDANPUR,SAGADAPATA,BILLA,51
Keonjhar,HARICHANDANPUR,SAGADAPATA,BILLA AKHUPAL,54
Keonjhar,HARICHANDANPUR,SAGADAPATA,BILLA BAUNSBAHALI,25
Keonjhar,HARICHANDANPUR,SAGADAPATA,BILLA DUDHINALI,6
Keonjhar,HARICHANDANPUR,SAGADAPATA,BILLA MODINACHA,5
Keonjhar,HARICHANDANPUR,SAGADAPATA,BILLA MUDINACHA,59
Keonjhar,HARICHANDANPUR,SAGADAPATA,GHANATAPITA,1
Keonjhar,HARICHANDANPUR,SAGADAPATA,KUMBITANGIRI,7
Keonjhar,HARICHANDANPUR,SAGADAPATA,KUSUMJODI,61
Keonjhar,HARICHANDANPUR,SAGADAPATA,PALABANI,101
Keonjhar,HARICHANDANPUR,SAGADAPATA,SAGADAPATA,166
Keonjhar,HARICHANDANPUR,SAGADAPATA,SAGADAPATA BALIJODI,12
Keonjhar,HARICHANDANPUR,SAGADAPATA,SAGADAPATA BHANDUASHI,31
Keonjhar,HARICHANDANPUR,SAGADAPATA,SAGADAPATA GUNURIGHAR,1
Keonjhar,HARICHANDANPUR,SAGADAPATA,SAGADAPATA TENTULIPOSI,16
Keonjhar,HARICHANDANPUR,SAGADAPATA,SAGADPATA BHALPODI,1
Keonjhar,HARICHANDANPUR,SAGADAPATTA,BHIMBEDA,20
Keonjhar,HARICHANDANPUR,SAGADAPATTA,KHADIKABAHALI,2
Keonjhar,HARICHANDANPUR,SAGADAPATTA,KHAJURIBEDA,41
Keonjhar,HARICHANDANPUR,SAGADPATA,KHADIBAHALI,35
Keonjhar,HARICHANDANPUR,SAGADPATA,KUSUMJODI,1
Keonjhar,HARICHANDANPUR,SOMAGIRI,SOMAGIRI,1
Keonjhar,HARICHANDANPUR,SUANPENTHA,POKHARIKIRI KANTALA,7
Keonjhar,HARICHANDANPUR,SUNAPENHA,BADASIADIMAL,1
Keonjhar,HARICHANDANPUR,SUNAPENTHA,BADASIADIMAL,91
Keonjhar,HARICHANDANPUR,SUNAPENTHA,BADSIADIMAL,10
Keonjhar,HARICHANDANPUR,SUNAPENTHA,CHHUTUNG,56
Keonjhar,HARICHANDANPUR,SUNAPENTHA,DURGAMELA,44
Keonjhar,HARICHANDANPUR,SUNAPENTHA,GOPINATHAPUR,57
Keonjhar,HARICHANDANPUR,SUNAPENTHA,GOPINATHPUR,62
Keonjhar,HARICHANDANPUR,SUNAPENTHA,KAMALANGA,67
Keonjhar,HARICHANDANPUR,SUNAPENTHA,KANTALA,64
Keonjhar,HARICHANDANPUR,SUNAPENTHA,KANTALA TIGIRA,2
Keonjhar,HARICHANDANPUR,SUNAPENTHA,KUNDALA,45
Keonjhar,HARICHANDANPUR,SUNAPENTHA,KUNDALBALISAHI,48
Keonjhar,HARICHANDANPUR,SUNAPENTHA,NIPANIA,93
Keonjhar,HARICHANDANPUR,SUNAPENTHA,POKHARIKIRI KANTALA,10
Keonjhar,HARICHANDANPUR,SUNAPENTHA,SUNAPENTHA,20
Keonjhar,HARICHANDANPUR,SUNAPENTHA,TURUNGI KANTALA,15
Keonjhar,HARICHANDANPUR,SUNAPHENTHA,NIPANIA,2
Keonjhar,HARICHANDANPUR,TANGARIAPAL,BARIGAON,57
Keonjhar,HARICHANDANPUR,TANGIRAPAL,RAGADIPONGA,57
Keonjhar,HARICHANDANPUR,TANGIRIAPAL,GADUAN,17
Keonjhar,HARICHANDANPUR,TANGIRIAPAL,PANGANAL,8
Keonjhar,HARICHANDANPUR,TANGIRIAPAL,PONGANAL,84
Keonjhar,HARICHANDANPUR,TANGIRIAPAL,PURUNADANTUARIBARIGAON,7
Keonjhar,HARICHANDANPUR,TANGIRIAPAL,SUAKATHI,3
Keonjhar,HARICHANDANPUR,TANGIRIAPAL,SUAKATI,108
Keonjhar,HARICHANDANPUR,TANGIRIAPAL,SUAKTI,18
Keonjhar,HARICHANDANPUR,TANGIRIAPAL,TANGIRIAPAL,108
Keonjhar,HARICHANDANPUR,TANGIRIAPALA,BARIGAON,61
Keonjhar,HARICHANDANPUR,TANGIRIPAL,PONGANAL,1
Keonjhar,HARICHANDANPUR,TANGIRIPAL,SUAKATHI,8
Keonjhar,HARICHANDANPUR,TENTALAPASI,DHANUGURU,53
Keonjhar,HARICHANDANPUR,TENTALAPOSI,MISHRAMAL,27
Keonjhar,HARICHANDANPUR,TENTALAPOSI,SANAKAMAMDARA,19
Keonjhar,HARICHANDANPUR,TENTALAPOSI,TENTALAPOSI,59
Keonjhar,HARICHANDANPUR,THAKUPADA,GHASANATANGARA,36
Keonjhar,HARICHANDANPUR,THAKURPADA,DEULAHUDI,45
Keonjhar,HARICHANDANPUR,THAKURPADA,KAPTIPADA,78
Keonjhar,HARICHANDANPUR,THAKURPADA,PITATANGAR,11
Keonjhar,HARICHANDANPUR,THAKURPADA,RAIDIHA,100
Keonjhar,HATADIHI,AMBO,LAICHANPUR,40
Keonjhar,HATADIHI,BALIBAREI,BALIBAREI,34
Keonjhar,HATADIHI,BALIBAREI,BIDYADHARAPUR,146
Keonjhar,HATADIHI,BALIBAREI,BIDYADHARPUR,72
Keonjhar,HATADIHI,BANGORE,BANGORE,81
Keonjhar,HATADIHI,DANRA,BENGATIRA,19
Keonjhar,HATADIHI,DANRA,SARALA,28
Keonjhar,HATADIHI,DANRA,TUMBAMANIPATNA,6
Keonjhar,HATADIHI,DHANURJAYPUR,DHANURJAYPUR,27
Keonjhar,HATADIHI,DHANURJAYPUR,JHINKIPITA TALANTIA,2
Keonjhar,HATADIHI,DHANURJAYPUR,KUSATIKIRI,50
Keonjhar,HATADIHI,DHANURJAYPUR,NOTIA (KUSHATIKIRI),22
Keonjhar,HATADIHI,DHANURJAYPUR,NUARAGUDI,27
Keonjhar,HATADIHI,DHANURJAYPUR,PHULAJHAR,26
Keonjhar,HATADIHI,DHANURJAYPUR,SIADIMALIA(A),29
Keonjhar,HATADIHI,DHENKA,DHENKA,124
Keonjhar,HATADIHI,DHENKA,DHENKA (PURUNAPANI),3
Keonjhar,HATADIHI,DHENKA,DHENKA PURUNAPANI,5
Keonjhar,HATADIHI,DHENKA,JHANAJHANA,48
Keonjhar,HATADIHI,DHENKA,JHANJHANA,1
Keonjhar,HATADIHI,DHENKA,NUAPURUNAPA-NIKALONI,8
Keonjhar,HATADIHI,DHENKA,NUAPURUNAPANI,10
Keonjhar,HATADIHI,DHENKA,PURUNAPANI,65
Keonjhar,HATADIHI,DHENKA,PURUNAPANI (KALONI),5
Keonjhar,HATADIHI,DHENKA,PURUNAPANI-,3
Keonjhar,HATADIHI,DHENKA,PURUNPANI,12
Keonjhar,HATADIHI,DHENKA,SANGAM,137
Keonjhar,HATADIHI,DHENKA,SANGAMA,15
Keonjhar,HATADIHI,GEDMA,JALASARAPUR,67
Keonjhar,HATADIHI,HADAGARH,DALKI,178
Keonjhar,HATADIHI,HADAGARH,HADAGARH,4
Keonjhar,HATADIHI,HADAGARH,JUNAPASI,30
Keonjhar,HATADIHI,HADAGARH,MADHUBAN,19
Keonjhar,HATADIHI,HADAGARH,MADHUBANA,4
Keonjhar,HATADIHI,HADAGARH,PITANAU,127
Keonjhar,HATADIHI,HADAGARH,RATANMARA,38
Keonjhar,HATADIHI,HADAGARH,SANKATAPALIA,10
Keonjhar,HATADIHI,JAMBHIRA,BARANGA,1
Keonjhar,HATADIHI,JAMBHIRA,SUNADARAPAL,34
Keonjhar,HATADIHI,JAMBHIRA,SUNDARAPAL,35
Keonjhar,HATADIHI,JAMBHIRA,SUNDARPAL,35
Keonjhar,HATADIHI,K.BALIPAL,BIDYADHARPUR,1
Keonjhar,HATADIHI,K.BALIPAL,MAYURNACHA (RAIGHATI),22
Keonjhar,HATADIHI,K.BALIPAL,PADHIARIPALI,1
Keonjhar,HATADIHI,K.BALIPAL,SIADIMALIA(B),100
Keonjhar,HATADIHI,K.BALIPAL,SIADIMALIA(KHA),12
Keonjhar,HATADIHI,KALAI BALIPAL,RAIGHATI,3
Keonjhar,HATADIHI,KALAI BALIPAL,SIADIMALIA,26
Keonjhar,HATADIHI,KALIGAN,SALAKANIA,7
Keonjhar,HATADIHI,KANALEI BALIPAL,DALAKI PHULAJHAR MADHUBANA MALIPOSI PHULAJHAR,1
Keonjhar,HATADIHI,KANALEI BALIPAL,"RAIGHAATI MAYURNACHA ,BHANARA.TAINLA &KANALEI BALIPAL",1
Keonjhar,HATADIHI,KANLEIBALIPAL,RAIGHATI,15
Keonjhar,HATADIHI,MAREIGAN,NANDIPADA,1
Keonjhar,HATADIHI,ORALI,ANRA,22
Keonjhar,HATADIHI,ORALI,KHETUALI,12
Keonjhar,HATADIHI,ORALI,NANDIPADA,22
Keonjhar,HATADIHI,ORALI,ORALI,12
Keonjhar,HATADIHI,PADHIARIPALI,DANEIPUR,1
Keonjhar,HATADIHI,PADHIARIPALLI,BANIAPANKA,64
Keonjhar,HATADIHI,PANDADO,PITANAU,1
Keonjhar,HATADIHI,PANDADO,PODASINGDI,3
Keonjhar,HATADIHI,PANDADO,PODASINGIDI,86
Keonjhar,HATADIHI,PANDADO,PODASINGIDI RANGAMATIA,1
Keonjhar,HATADIHI,PANDADO,SARALAPASI,21
Keonjhar,HATADIHI,PANDADO,SARALPASI,11
Keonjhar,HATADIHI,PANDADO,SARAPASI,1
Keonjhar,HATADIHI,PANDADO,THUNIGAN,26
Keonjhar,HATADIHI,PANDADO,THUNIGOAN,20
Keonjhar,HATADIHI,PONDADA,PODASINGIDI,24
Keonjhar,HATADIHI,PPALLY,BANIAPANKA,14
Keonjhar,HATADIHI,PPALLY,PPALLY,5
Keonjhar,HATADIHI,SADANGA,ADHEIDWAR,10
Keonjhar,HATADIHI,SADANGA,ADHEIDWARA,13
Keonjhar,HATADIHI,SADHA,MITHIGAN,24
Keonjhar,HATADIHI,SADHA,MITHIGAON,16
Keonjhar,HATADIHI,SADHA,NAHA,4
Keonjhar,HATADIHI,SALANIA,BELABANDHA,22
Keonjhar,HATADIHI,SAMANA,MARUA,17
Keonjhar,HATADIHI,SAMANA,TEMALA,4
Keonjhar,HATADIHI,SASANGA,ASIA,16
Keonjhar,HATADIHI,SHASANGA,ASIA,16
Keonjhar,HATADIHI,THAKUMUNDA,SALACHUA,20
Keonjhar,JHUMPURA,ARSALA,SUNDHIMURUSUAN,5
Keonjhar,JHUMPURA,ASANPAT,ASANPAT,53
Keonjhar,JHUMPURA,ASANPAT,CHITRAPUR,27
Keonjhar,JHUMPURA,ASANPAT,GIDHIBAS,37
Keonjhar,JHUMPURA,BADADUMURIA,BADADUMURIA,24
Keonjhar,JHUMPURA,BADADUMURIA,CHAKADIHA,5
Keonjhar,JHUMPURA,BADADUMURIA,LAXMIPOSI,10
Keonjhar,JHUMPURA,BADANEULI,BADANEULI,11
Keonjhar,JHUMPURA,BADANEULI,DANDHANURJAYPUR,3
Keonjhar,JHUMPURA,BADANEULI,JALAPOSI,1
Keonjhar,JHUMPURA,BADANEULI,KASIPUR,4
Keonjhar,JHUMPURA,BADANEULI,PAHADPUR,4
Keonjhar,JHUMPURA,BADANEULI,PODASIMALA,5
Keonjhar,JHUMPURA,BADANEULI,SABAKDHANURJAYAPUR,9
Keonjhar,JHUMPURA,BADANEULI,SANANEULI,5
Keonjhar,JHUMPURA,BADANEULI,SILITIA,1
Keonjhar,JHUMPURA,BADANEULI,SILLITA,1
Keonjhar,JHUMPURA,BADKALIMATI,ASANPAT,17
Keonjhar,JHUMPURA,BALIBANDHA,BALIBANDHA,3
Keonjhar,JHUMPURA,BALIBANDHA,CHINGUDIPOSI,5
Keonjhar,JHUMPURA,BALIBANDHA,KASIPAL,4
Keonjhar,JHUMPURA,BARIA,BAIKHUNTHAPUR,3
Keonjhar,JHUMPURA,BARIA,BAIKUNTHAPUR,3
Keonjhar,JHUMPURA,BARIA,CHHELIANAL,12
Keonjhar,JHUMPURA,BASANTAPUR,BASANTAPUR,28
Keonjhar,JHUMPURA,BASANTAPUR,NAIBUGA,38
Keonjhar,JHUMPURA,BASANTPUR,BASANTPUR,80
Keonjhar,JHUMPURA,BISHNUPUR,BISHUNPUR,20
Keonjhar,JHUMPURA,BSANTAPUR,KAJIODA,46
Keonjhar,JHUMPURA,CHAUTHIA,KALINGA,33
Keonjhar,JHUMPURA,CHAUTIA,BARUNA,30
Keonjhar,JHUMPURA,DABUNA,SARDHAPANK,38
Keonjhar,JHUMPURA,DHANURJAYAPUR,GANDABAREI,6
Keonjhar,JHUMPURA,DHANURJAYAPUR,GANDBAREI,4
Keonjhar,JHUMPURA,GUMURA,GUMURA,17
Keonjhar,JHUMPURA,GUMURA,JAMDAPAL,53
Keonjhar,JHUMPURA,GUMURA,JAMUJODI,12
Keonjhar,JHUMPURA,GUMURA,RAMACHANDRAPUR,2
Keonjhar,JHUMPURA,GUNDUNIA,GUNDUNIA,9
Keonjhar,JHUMPURA,JHUMPUR,BHALUKA,11
Keonjhar,JHUMPURA,JHUMPUR,NAGARPAL,1
Keonjhar,JHUMPURA,KHENDRA,DHAULIPAT,22
Keonjhar,JHUMPURA,KHENDRA,DHULIPAT,7
Keonjhar,JHUMPURA,KHENDRA,FAKIRPUR,10
Keonjhar,JHUMPURA,KHENDRA,NAHABEDA,2
Keonjhar,JHUMPURA,KHENDRA,NARADPUR,2
Keonjhar,JHUMPURA,KHENDRA,PATABILA,12
Keonjhar,JHUMPURA,KHENDRAA,DHOULIPAT,1
Keonjhar,JHUMPURA,KHUNTAPADA,ASOKI,1
Keonjhar,JHUMPURA,KHUNTAPADA,KHUNATAPADA,3
Keonjhar,JHUMPURA,KHUNTAPADA,KHUNTAPADA,19
Keonjhar,JHUMPURA,KHUNTAPADA,PARBATIPUR,13
Keonjhar,JHUMPURA,KURUGAON,JAYPUR,7
Keonjhar,JHUMPURA,KUTUGAON,BRAHMANJHARI,19
Keonjhar,JHUMPURA,KUTUGAON,CHAMPADIHI,5
Keonjhar,JHUMPURA,KUTUGAON,CHIPINDA,8
Keonjhar,JHUMPURA,KUTUGAON,HATIDARI,17
Keonjhar,JHUMPURA,KUTUGAON,JAIPUR,5
Keonjhar,JHUMPURA,KUTUGAON,KUTUGAON,8
Keonjhar,JHUMPURA,KUTUGAON,NAUPANI,15
Keonjhar,JHUMPURA,MALADA,MALADA,6
Keonjhar,JHUMPURA,MALADA,PATUAKUDAR,19
Keonjhar,JHUMPURA,MALDA,ANDHARIKHAMAN,8
Keonjhar,JHUMPURA,MALDA,BALABHADRAPUR,10
Keonjhar,JHUMPURA,MALDA,DHANURJAYPUR,83
Keonjhar,JHUMPURA,MALDA,DHATIKA,64
Keonjhar,JHUMPURA,MALDA,DURJODHANPUR,14
Keonjhar,JHUMPURA,MALDA,GODATOPA,29
Keonjhar,JHUMPURA,MALDA,HARIPOSI,1
Keonjhar,JHUMPURA,MALDA,JAMARDIHI,54
Keonjhar,JHUMPURA,MALDA,KALIAPAL,25
Keonjhar,JHUMPURA,MALDA,KASIA,87
Keonjhar,JHUMPURA,MALDA,LAUNAGADIA,12
Keonjhar,JHUMPURA,MALDA,PATUAKUDAR,11
Keonjhar,JHUMPURA,MALDA,PATUKUDAR,48
Keonjhar,JHUMPURA,MALDA,SANKALIMATI,46
Keonjhar,JHUMPURA,NAHABEDA,BAGHIANASA,17
Keonjhar,JHUMPURA,NAHABEDA,BRAHMAJHARI,4
Keonjhar,JHUMPURA,NAHABEDA,BRAHMANJHARI,13
Keonjhar,JHUMPURA,NAHABEDA,DHAULIPAT,44
Keonjhar,JHUMPURA,NAHABEDA,FAKIRPUR,1
Keonjhar,JHUMPURA,NAHABEDA,JANSANPUR,11
Keonjhar,JHUMPURA,NAHABEDA,KANJIPANI,8
Keonjhar,JHUMPURA,NAHABEDA,NAHABEDA,13
Keonjhar,JHUMPURA,NAHABEDA,PADMAKESHARPUR,54
Keonjhar,JHUMPURA,NAHABEDA,RAMACHANDRAPUR,2
Keonjhar,JHUMPURA,NAHBEDA,KANKADAJODI,12
Keonjhar,JHUMPURA,NAHBEDA,NAHBEDA,14
Keonjhar,JHUMPURA,NARADAPUR,NARADAPUR,2
Keonjhar,JHUMPURA,NARADAPUR,PRATAP DHANURJAYPUR,14
Keonjhar,JHUMPURA,NARADPUR,JAGANNTHAPUR,8
Keonjhar,JHUMPURA,NARADPUR,NARADAPUR,15
Keonjhar,JHUMPURA,NARADPUR,NARADPUR,23
Keonjhar,JHUMPURA,NARANPUR,ANGULIA,26
Keonjhar,JHUMPURA,NAYADHANURJAYAPUR,BADADHNURJAYAPUR,39
Keonjhar,JHUMPURA,NAYADHANURJAYAPUR,NAYADHANURJAYAPUR,13
Keonjhar,JHUMPURA,NAYADHANURJAYPUR,GANDABAREI,1
Keonjhar,JHUMPURA,NAYAGARH,BADA KALIMATI,1
Keonjhar,JHUMPURA,NAYAGARH,BRAHMANIDIHA,21
Keonjhar,JHUMPURA,NAYAGARH,DABUNA,1
Keonjhar,JHUMPURA,NAYAGARH,NAYAGARH,204
Keonjhar,JHUMPURA,NAYAGARH,PURUNAPANI,10
Keonjhar,JHUMPURA,NICHINTAPUR,GHANTAPOSI,6
Keonjhar,JHUMPURA,NICHINTAPUR,GODATOPA,4
Keonjhar,JHUMPURA,NICHINTAPUR,HARIDAJODI,20
Keonjhar,JHUMPURA,NICHINTAPUR,KANKANA,19
Keonjhar,JHUMPURA,NICHINTAPUR,SANAHUNDULA,11
Keonjhar,JHUMPURA,NICHINTAPUR,SANHUNDULA,19
Keonjhar,JHUMPURA,NISCHIINPUR,GODA,9
Keonjhar,JHUMPURA,NISCHINPUR,TRILOCHANPUR,14
Keonjhar,JHUMPURA,NISCHINTPUR,BINODBIHARI PUR,11
Keonjhar,JHUMPURA,NISCHINTPUR,DEOJHAR,7
Keonjhar,JHUMPURA,NISCHINTPUR,GODA,2
Keonjhar,JHUMPURA,NISCHINTPUR,GOPINATHPUR,8
Keonjhar,JHUMPURA,NISCHINTPUR,NISCHINTPUR,8
Keonjhar,JHUMPURA,NISCHINTPUR,TRILOCHANPUR,12
Keonjhar,JHUMPURA,NISCHITPUR,SANHUNDALA,1
Keonjhar,JHUMPURA,PARSALA,RAMACHANDRAPUR,3
Keonjhar,JHUMPURA,SRIRAMPUR,SRIRAMPUR,17
Keonjhar,JHUMPURA,TUKUDIHA,KATUPOSI,3
Keonjhar,JHUMPURA,TUKUDIHA,RADHIKADEIPUR,3
Keonjhar,JHUMPURA,TUKUDIHA,SARASINGA,5
Keonjhar,JHUMPURA,TUKUDIHA,TUKUDIHA,9
Keonjhar,JHUMPURA,UKHUNDA,KANCHANDUMURIA,23
Keonjhar,JODA,ANSEIKALA,ANSEIKALA,9
Keonjhar,JODA,ANSEIKALA,JAMUKUDIA,14
Keonjhar,JODA,ANSEIKALA,NARADPUR,17
Keonjhar,JODA,ANSEIKALA,PANCHANAPUR,11
Keonjhar,JODA,ANSEIKALA,PUTUGAON,5
Keonjhar,JODA,ANSEIKALA,SANBARBIL,3
Keonjhar,JODA,ANSEIKALA,SANHUNDULA,10
Keonjhar,JODA,BADAKALIMATI,PIDHAPOKHARI,87
Keonjhar,JODA,BADKALIMATI,BADAKALIMATI,7
Keonjhar,JODA,BADKALIMATI,BHUIYANRAIDA,29
Keonjhar,JODA,BADKALIMATI,KASTURAPANI,2
Keonjhar,JODA,BADKALIMATI,KOLHARAIDA,38
Keonjhar,JODA,BADKALIMATI,KUNDARPANI,2
Keonjhar,JODA,BADKALIMATI,MAHESWARPUR,16
Keonjhar,JODA,BADKALIMATI,TADUABAHAL,3
Keonjhar,JODA,BALADA,BALADA,25
Keonjhar,JODA,BALAGADA,KOLHABARPADA,41
Keonjhar,JODA,BALAGODA,BALAGODA,5
Keonjhar,JODA,BALAGODA,HAYARPUR,3
Keonjhar,JODA,BALAGODA,KARAKHENDRA,15
Keonjhar,JODA,BALAGODA,ULIBURU,18
Keonjhar,JODA,BALAGUDA,HAYARPUR,15
Keonjhar,JODA,BALANI,BALANI,9
Keonjhar,JODA,BAREIGODA,KARAKHENDRA,11
Keonjhar,JODA,BHADRASAHI,BHADRASAHI,11
Keonjhar,JODA,BHADRASAHI,FULBADA,5
Keonjhar,JODA,BHADRASAHI,JHADGAON,1
Keonjhar,JODA,BHADRASAHI,JHADGOAN,19
Keonjhar,JODA,BHADRASAHI,KASIA (KA),12
Keonjhar,JODA,BHADRASAHI,KASIA(A),10
Keonjhar,JODA,BHADRASAHI,SAYABAHAL,11
Keonjhar,JODA,BHADRASAHI,SERENDA,24
Keonjhar,JODA,BHADRASAHI,SUYABAHAL,27
Keonjhar,JODA,BHADRASAHI,TONTO,24
Keonjhar,JODA,BHUIYAN RAIDA,KOLHAROIDA,1
Keonjhar,JODA,BHUYANRAIDA,BHUYANRAIDA,11
Keonjhar,JODA,BHUYANRAIDA,KOLHARAIDA,45
Keonjhar,JODA,BHUYANRAIDA,KUNDURUPANI,13
Keonjhar,JODA,BHYANROIDA,KOLHAROIDA(CAMPHARTING),44
Keonjhar,JODA,BIRIKALA,BELEIPADA,20
Keonjhar,JODA,BIRIKALA,DADUAN,3
Keonjhar,JODA,BIRKALA,BALITA,19
Keonjhar,JODA,BIRKALA,BHAGALPUR,9
Keonjhar,JODA,BIRKALA,LAHANDA,6
Keonjhar,JODA,BODAKALIMATI,JAMUPANI,15
Keonjhar,JODA,BOLANI,BOLANI (DUMURIA),5
Keonjhar,JODA,BOLANI,KANARDA,24
Keonjhar,JODA,BOLANI,KOLHAPANDULI,25
Keonjhar,JODA,BOLANI,LASARDA,12
Keonjhar,JODA,BRIKALA,MUTUDA,9
Keonjhar,JODA,CHAMAKPUR,SANKARPUR,1
Keonjhar,JODA,CHAMPAKPUR,GUGUDARI,11
Keonjhar,JODA,DEOJHAR,GOBARBANDHA,6
Keonjhar,JODA,DEOJHAR,MAHADEBAN,15
Keonjhar,JODA,DEOJHAR,SIALIJODA,9
Keonjhar,JODA,DEOJHAR,THAKURANI,7
Keonjhar,JODA,GUALI,BARPADA,21
Keonjhar,JODA,GUALI,CHORMALDA,16
Keonjhar,JODA,GUALI,GANDALPADA,38
Keonjhar,JODA,GUALI,GUALI,28
Keonjhar,JODA,GUALI,KATESAHI,18
Keonjhar,JODA,GUALI,KENDUDIHI,70
Keonjhar,JODA,GUALI,LAIDAPADA,25
Keonjhar,JODA,GUALI,PANDULIPOSI,14
Keonjhar,JODA,GUALI,RUGUDIHI,21
Keonjhar,JODA,JAGANG,BANDHUABEDA,16
Keonjhar,JODA,JAJANG,BANDHUABEDA DIMIRIDIHA,1
Keonjhar,JODA,JAJANG,JAMIRITA,20
Keonjhar,JODA,JAJANGA,JAMIRATA,11
Keonjhar,JODA,JAJANGA,JAMIRTA,16
Keonjhar,JODA,JAJANGA,KAMALPUR,16
Keonjhar,JODA,JALAHARI,KHANDABANDHA,11
Keonjhar,JODA,JUJANGA,JUJANGA,14
Keonjhar,JODA,KANDARA,BADAHUNDULA,9
Keonjhar,JODA,KANDARA,BASUDEVPUR,21
Keonjhar,JODA,KANDARA,DAMPUR,5
Keonjhar,JODA,KANDARA,KANDARA,14
Keonjhar,JODA,KANDARA,KANHUPUR,18
Keonjhar,JODA,KANDARA,KANPUR,8
Keonjhar,JODA,KANDRA,BASUDEVPUR,16
Keonjhar,JODA,KANDRA,JUGUDIDHAR,45
Keonjhar,JODA,KANDRA,RAMACHANDRAPUR,4
Keonjhar,JODA,KHANDABANDHA,KHANDABANDHA,8
Keonjhar,JODA,PALASA,JAGANNATHPUR,22
Keonjhar,JODA,PALASA,JAMUNAPOSHI,9
Keonjhar,JODA,PALASA,NAMIRA,9
Keonjhar,JODA,PALASA,PALASA(KA),16
Keonjhar,JODA,PALASA (KA),UCHABALI,13
Keonjhar,JODA,RAISUAN,MARDA,2
Keonjhar,KEONJHAR,BADKALIMATI,BASUDEVPUR,4
Keonjhar,KEONJHAR,BADKALIMATI,GHUTUKESWARI,9
Keonjhar,KEONJHAR,BADKALIMATI,KHUNTAPADA,2
Keonjhar,KEONJHAR,BADKALIMATI,TALAPADA,8
Keonjhar,KEONJHAR,BARADAPAL,HATIKUCHA,4
Keonjhar,KEONJHAR,BARADAPAL,KUSUMITA,125
Keonjhar,KEONJHAR,BARADAPAL,TALAKAMPODIHI,18
Keonjhar,KEONJHAR,BARADAPAL,UPERKAMPODIHI,39
Keonjhar,KEONJHAR,BASANTAPUR,NAYAGARHG,1
Keonjhar,KEONJHAR,BAUNRIKALA,BAULAMAL,22
Keonjhar,KEONJHAR,BAURIPADA,BAURIPADA,14
Keonjhar,KEONJHAR,BAURIPADA,MANOHARPUR,15
Keonjhar,KEONJHAR,BODAPALASA,BODAPALASA,5
Keonjhar,KEONJHAR,DALIMBAPUR,DALIMBAPUR,3
Keonjhar,KEONJHAR,DANARDANPUR,BHALIADIHI,22
Keonjhar,KEONJHAR,DANARDANPUR,DANARDANPUR,4
Keonjhar,KEONJHAR,DIMBO,BAIGANAPOSI,3
Keonjhar,KEONJHAR,DIMBO,DHENKIKOTE,4
Keonjhar,KEONJHAR,DIMBO,DHUDURPAL,3
Keonjhar,KEONJHAR,DIMBO,GUHALCHATUA,3
Keonjhar,KEONJHAR,DIMBO,KHOLAPA,4
Keonjhar,KEONJHAR,DIMBO,MANOHARPUR,1
Keonjhar,KEONJHAR,DIMBO,NUAJHARAN,1
Keonjhar,KEONJHAR,DIMBO,TENTULINADA,6
Keonjhar,KEONJHAR,GOBARDHAN,GOBARDHAN,3
Keonjhar,KEONJHAR,GOBARDHAN,HALADIAGUNA,7
Keonjhar,KEONJHAR,GOBARDHAN,RUKUNAPUR,17
Keonjhar,KEONJHAR,GOBARDHAN,SENDKAP,25
Keonjhar,KEONJHAR,HANDIBHANGA,BADA AMUNI,4
Keonjhar,KEONJHAR,HANDIBHANGA,BAJUITANGAR,30
Keonjhar,KEONJHAR,HANDIBHANGA,BAJUNITANGAR,12
Keonjhar,KEONJHAR,HANDIBHANGA,HANDIBHANG,26
Keonjhar,KEONJHAR,HANDIBHANGA,HANDIBHANGA,2
Keonjhar,KEONJHAR,HANDIBHANGA,KAINSI,26
Keonjhar,KEONJHAR,HANDIBHANGA,KANIPOSI,51
Keonjhar,KEONJHAR,HANDIBHANGA,KATHA BAUNSULI,44
Keonjhar,KEONJHAR,HANDIBHANGA,SARIAPOSI,13
Keonjhar,KEONJHAR,HANDIBHANGA,SUNARIPOSI,12
Keonjhar,KEONJHAR,JANARDANPUR,JAMUNALIA,34
Keonjhar,KEONJHAR,JHADAPASI,JHADAPASI,6
Keonjhar,KEONJHAR,KANDARA,SILISUAN,35
Keonjhar,KEONJHAR,KANDARA POSI,AHARPASI,2
Keonjhar,KEONJHAR,KANDARAPASI,JHADAPASI,1
Keonjhar,KEONJHAR,KANDARAPASI,KALASI,2
Keonjhar,KEONJHAR,KANDARAPASI,KANDRAPASI,4
Keonjhar,KEONJHAR,KANDARAPOSI,RENGALBEDA,23
Keonjhar,KEONJHAR,KANDARAPOSI,TULASIPUR,13
Keonjhar,KEONJHAR,KANDRAPASI,KALASI,18
Keonjhar,KEONJHAR,KANDRAPASI,KANDRAPASI,27
Keonjhar,KEONJHAR,KANDRAPOSI,DHANURJAYPUR,50
Keonjhar,KEONJHAR,KANDRAPOSI,DHANURJAYPUR PURUNAPANI,4
Keonjhar,KEONJHAR,KANDRAPOSI,KUNJARBAHAL,27
Keonjhar,KEONJHAR,KANDRAPOSI,PATUNG,2
Keonjhar,KEONJHAR,KANDRAPOSI,RANGALBEDA,10
Keonjhar,KEONJHAR,KANDRAPOSI,RENGALBEDA,9
Keonjhar,KEONJHAR,KANDRAPOSI,SILISUAN,15
Keonjhar,KEONJHAR,KANRADA POSI,AHARPOSI,2
Keonjhar,KEONJHAR,KANRADA POSI,AMRUTAPADA,1
Keonjhar,KEONJHAR,KATHABARI,BARIGAON,48
Keonjhar,KEONJHAR,KATHABARI,DHANURJAYPUR,37
Keonjhar,KEONJHAR,KATHABARI,JAGANATHAPUR,47
Keonjhar,KEONJHAR,KATHABARI,JAGANNATHPUR,4
Keonjhar,KEONJHAR,KATHABARI,KATHABARI,34
Keonjhar,KEONJHAR,KAUNRIKALA,BAULAMAL,24
Keonjhar,KEONJHAR,KAUNRIKALA,KAUNRIKALA,11
Keonjhar,KEONJHAR,KAUNRIKALA,KUSUMULA,8
Keonjhar,KEONJHAR,KAURIKALA,KHUNTAPADA,1
Keonjhar,KEONJHAR,KAURIKALA,PALASAPOKHARI,13
Keonjhar,KEONJHAR,KAURIKALA,PALASPOKHARI,12
Keonjhar,KEONJHAR,MAHADEIJODA,MADARANGAJODI,16
Keonjhar,KEONJHAR,MAHADEIJODA,NAUPADA,44
Keonjhar,KEONJHAR,MAHADEIJODA,TALAKAMPODIHI,28
Keonjhar,KEONJHAR,MAHADEIJODA,UPERKAINSARI,3
Keonjhar,KEONJHAR,MAIDANKAL,CHHEMUDIBIL,9
Keonjhar,KEONJHAR,MAIDANKAL,DEOBANDHA,25
Keonjhar,KEONJHAR,MAIDANKAL,MAIDANKAL,4
Keonjhar,KEONJHAR,MAIDANKEL,BASUDEVPUR,6
Keonjhar,KEONJHAR,MAIDANKEL,DEOBANDHA,12
Keonjhar,KEONJHAR,MAIDANKEL,DEOBANDHA BARKHANDA,1
Keonjhar,KEONJHAR,MAIDANKEL,KERI,12
Keonjhar,KEONJHAR,MAIDANKEL,TALAPADA,33
Keonjhar,KEONJHAR,MAIDENKEL,DEONBANDHA,1
Keonjhar,KEONJHAR,NARANPUR,HARIDAGOTHA,5
Keonjhar,KEONJHAR,NARANPUR,MANOHARPUR,1
Keonjhar,KEONJHAR,NARANPUR,NARANAPUR,42
Keonjhar,KEONJHAR,NARANPUR,TOLAKBAHAL,3
Keonjhar,KEONJHAR,NARANPUR,TULASICHAURA,18
Keonjhar,KEONJHAR,NELUNG,JHADBELDA,41
Keonjhar,KEONJHAR,NELUNG,JHARBELDA,47
Keonjhar,KEONJHAR,NELUNG,MAIDANKEL,7
Keonjhar,KEONJHAR,NELUNG,MATHURAMANDALI,1
Keonjhar,KEONJHAR,NELUNG,NATHURAMUDILI,8
Keonjhar,KEONJHAR,NELUNG,NELUNG,34
Keonjhar,KEONJHAR,NELUNGA,MATHURAMANDALI,32
Keonjhar,KEONJHAR,NUAGAON,B.K.PUR DIMIRIDIHI,1
Keonjhar,KEONJHAR,NUAGAON,BADBILA (KHA),1
Keonjhar,KEONJHAR,NUAGAON,BIRAKISHOREPUR,9
Keonjhar,KEONJHAR,NUAGAON,BISTAPAL,34
Keonjhar,KEONJHAR,NUAGAON,DIMIRIDIHA,26
Keonjhar,KEONJHAR,NUAGAON,HATIKUCHA,11
Keonjhar,KEONJHAR,NUAGAON,KADAGADA,3
Keonjhar,KEONJHAR,NUAGAON,NUAGAON,68
Keonjhar,KEONJHAR,NUAGAON,PATUNG,1
Keonjhar,KEONJHAR,NUAGAON,POIPANI,14
Keonjhar,KEONJHAR,NUAGAON,POIPANI DIMIRIDIHI,2
Keonjhar,KEONJHAR,NUAGAON,TARATKHAMAN,12
Keonjhar,KEONJHAR,PADAMPUR,DABANK,3
Keonjhar,KEONJHAR,PADMAPUR,BANAJADI,1
Keonjhar,KEONJHAR,PADMAPUR,BHATUNIA,36
Keonjhar,KEONJHAR,PADMAPUR,JADICHATAR,24
Keonjhar,KEONJHAR,PADMAPUR,JOGIMATHA,18
Keonjhar,KEONJHAR,PADMAPUR,PADMAPUR,49
Keonjhar,KEONJHAR,PADMAPUR,PUTULIA,4
Keonjhar,KEONJHAR,PADMAPUR,TANGARNALI,15
Keonjhar,KEONJHAR,PALASAPONGA,SARASKELA,52
Keonjhar,KEONJHAR,PALASPANGA,BANKAMARUNI,1
Keonjhar,KEONJHAR,PALASPANGA,KHAPARAKHAI,14
Keonjhar,KEONJHAR,PALASPANGA,MANGALAPASI,1
Keonjhar,KEONJHAR,PALASPANGA,SARASKOLA,3
Keonjhar,KEONJHAR,PALASPANGA,TIADIPOSI,20
Keonjhar,KEONJHAR,PALASPONGA,HUNDULA,6
Keonjhar,KEONJHAR,PALASPONGA,JAMUPOSI,2
Keonjhar,KEONJHAR,PALASPONGA,MURUSUAN,11
Keonjhar,KEONJHAR,PALASPONGA,MURUSUNA,1
Keonjhar,KEONJHAR,PALASPONGA,NUAGAON,1
Keonjhar,KEONJHAR,PARIJAN PUR,NAIGAON,8
Keonjhar,KEONJHAR,PARJANPUR,AMRUTAPADA,2
Keonjhar,KEONJHAR,PARJANPUR,AMUNI PUR,1
Keonjhar,KEONJHAR,PARJANPUR,AMUNIPUR,3
Keonjhar,KEONJHAR,PARJANPUR,BHALUPAHADI,5
Keonjhar,KEONJHAR,PARJANPUR,DEOLADIHA,4
Keonjhar,KEONJHAR,PARJANPUR,JAGANNATHPUR,1
Keonjhar,KEONJHAR,PARJANPUR,KALANDA,6
Keonjhar,KEONJHAR,PARJANPUR,KASERA PATNA,4
Keonjhar,KEONJHAR,PARJANPUR,KASIRAPATNA,26
Keonjhar,KEONJHAR,PARJANPUR,NUADIHI,1
Keonjhar,KEONJHAR,PARJANPUR,PARJANPUR,7
Keonjhar,KEONJHAR,PARJANPUR,PATUNG,4
Keonjhar,KEONJHAR,PARJANPUR,SATIKUDAR,8
Keonjhar,KEONJHAR,POTALA,POTALA,34
Keonjhar,KEONJHAR,RAGHUNAHAPUR,GOPALPUR,42
Keonjhar,KEONJHAR,RAGHUNAHAPUR,NISCHINTPUR,15
Keonjhar,KEONJHAR,RAGHUNAHPUR,KHADIADIHA,16
Keonjhar,KEONJHAR,RAGHUNATHAPUR,GOPALPUR,9
Keonjhar,KEONJHAR,RAGHUNATHPUR,BADAPOSI,54
Keonjhar,KEONJHAR,RAGHUNATHPUR,BADUDIGHAR,9
Keonjhar,KEONJHAR,RAGHUNATHPUR,CHAKA,12
Keonjhar,KEONJHAR,RAGHUNATHPUR,DUMURIA,10
Keonjhar,KEONJHAR,RAGHUNATHPUR,GOBINDAPUR,8
Keonjhar,KEONJHAR,RAGHUNATHPUR,GOPALPUR,25
Keonjhar,KEONJHAR,RAGHUNATHPUR,GOPALPUR BARUDISAHI,3
Keonjhar,KEONJHAR,RAGHUNATHPUR,HALADHARPUR,4
Keonjhar,KEONJHAR,RAGHUNATHPUR,JAJAPOSI,24
Keonjhar,KEONJHAR,RAGHUNATHPUR,KALIABEDA,6
Keonjhar,KEONJHAR,RAGHUNATHPUR,MAJURPOSI,24
Keonjhar,KEONJHAR,RAGHUNATHPUR,NISCHINTAPUR,17
Keonjhar,KEONJHAR,RAGHUNATHPUR,RAGHUNATHPUR,13
Keonjhar,KEONJHAR,RAGUNATHAPUR,KALIABEDA,2
Keonjhar,KEONJHAR,RAGUNATHAPUR,RAGUNATHAPUR,8
Keonjhar,KEONJHAR,RAIKALA,ALEKHAPADA,3
Keonjhar,KEONJHAR,RAIKALA,BANEIKALA,7
Keonjhar,KEONJHAR,RAIKALA,KANDARKALA,21
Keonjhar,KEONJHAR,RAIKALA,KARANJIA PADA,13
Keonjhar,KEONJHAR,RAIKALA,KARANJIAPADA,4
Keonjhar,KEONJHAR,RAIKALA,RAIKALA,45
Keonjhar,KEONJHAR,RAIKALA,SANDHIAPOSI,32
Keonjhar,KEONJHAR,RAIKALA,SANDHIPOSI,21
Keonjhar,KEONJHAR,RAIKALA,TANGARANI,79
Keonjhar,KEONJHAR,RAISUAN,GOPINATHPUR,24
Keonjhar,KEONJHAR,RAISUAN,HARSAPUR,3
Keonjhar,KEONJHAR,RAISUAN,SILISUAN,10
Keonjhar,KEONJHAR,SANKIR,JADIPADA,6
Keonjhar,KEONJHAR,SANKIRI,JADIPADA,64
Keonjhar,KEONJHAR,SANKIRI,KANAPPSI,2
Keonjhar,KEONJHAR,SANKIRI,PATALA,20
Keonjhar,KEONJHAR,SANKIRI,SANKIRI,19
Keonjhar,KEONJHAR,SANKIRI,UPERDIHA,19
Keonjhar,KEONJHAR,SHANKIR,JADIPADA,1
Keonjhar,KEONJHAR,SHANKIR,KANAPASI,1
Keonjhar,KEONJHAR,SHANKIR,KANAPOSI,14
Keonjhar,KEONJHAR,SIRISPAL,RANKI,5
Keonjhar,PATNA,BADA PATANA,GULUDI PASI,39
Keonjhar,PATNA,BADAPATANA,GULUDIPASI,23
Keonjhar,PATNA,BADAPATANA,SAANRAPASHI,33
Keonjhar,PATNA,BADAPATNA,KAMESWARPUR,18
Keonjhar,PATNA,BADAPATNA,SANRAPOSI,13
Keonjhar,PATNA,BADPATNA,GULUDIPOSI,26
Keonjhar,PATNA,BADPATNA,KAMESWARPUR,4
Keonjhar,PATNA,BADPATNA,MADHAPUR,20
Keonjhar,PATNA,BADPATNA,SIBANARAYANPUR,9
Keonjhar,PATNA,BADPATNA,SWAM BIRAJAYGOBINDAPUR,42
Keonjhar,PATNA,BAUNSULI,BAUNSULI,128
Keonjhar,PATNA,BAUNSULI,BHANRPUR,30
Keonjhar,PATNA,BAUNSULI,BHULDA,31
Keonjhar,PATNA,BAUNSULI,HIRAPOSI,21
Keonjhar,PATNA,BAUNSULI,NISCHINTAPUR,3
Keonjhar,PATNA,BAUNSULI,NISCHINTPUR,12
Keonjhar,PATNA,BUDHIKAPIDI,GIDHIBAS,7
Keonjhar,PATNA,BUDHIKAPUDI,BELAPOSI,31
Keonjhar,PATNA,BUDHIKAPUDI,GIDHIBAS,1
Keonjhar,PATNA,BUDHIKAPUDI,PURANDARPUR,9
Keonjhar,PATNA,CHAKUNDAPAL,JADICHATAR,44
Keonjhar,PATNA,CHAKUNDAPAL,SARADHAPUR,48
Keonjhar,PATNA,CHAKUNDAPAL,SHARADHAPUR,1
Keonjhar,PATNA,CHAMANA,BALIAPASI,55
Keonjhar,PATNA,CHEMANA,BALIAPASI,1
Keonjhar,PATNA,CHEMANA,BANDANAHARA,10
Keonjhar,PATNA,CHEMANA,BARADANGUA,28
Keonjhar,PATNA,CHEMANA,BHUNGARAJAPASI,47
Keonjhar,PATNA,CHEMANA,CHEMANA,10
Keonjhar,PATNA,CHEMANA,CHILIDA,78
Keonjhar,PATNA,CHEMNA,ANGIKALA,31
Keonjhar,PATNA,CHEMNA,BANDHALOHAR,6
Keonjhar,PATNA,CHEMNA,CHEMNA,23
Keonjhar,PATNA,CHINAMALIPOSI,CHINAMALIPOSI,2
Keonjhar,PATNA,CHINAMALIPOSI,GALPHULA,1
Keonjhar,PATNA,CHINAMALIPOSI,NUAPADA,28
Keonjhar,PATNA,DAMAHUDA,GOJAPATHAR,3
Keonjhar,PATNA,DUMURIA,BADAMAHULDIHA,25
Keonjhar,PATNA,DUMURIA,BAIDABAJA,13
Keonjhar,PATNA,DUMURIA,BANA MAHULDIHA,21
Keonjhar,PATNA,DUMURIA,BANAMAHUL,1
Keonjhar,PATNA,DUMURIA,BANAMAHULDIHA,38
Keonjhar,PATNA,DUMURIA,DUMURIA,4
Keonjhar,PATNA,DUMURIA,GHATABALIJODI,52
Keonjhar,PATNA,DUMURIA,KALIASHAI,22
Keonjhar,PATNA,DUMURIA,KALIGHAI,29
Keonjhar,PATNA,DUMURIA,PICHHULABEDA,52
Keonjhar,PATNA,DUMURIA,ROHINIDUMA,19
Keonjhar,PATNA,DUMURIA,ROHINIHUMA,14
Keonjhar,PATNA,DUMURIA,TANDO,37
Keonjhar,PATNA,ERENDEI,DIANALI,33
Keonjhar,PATNA,ERENDEI,ERENDEI,69
Keonjhar,PATNA,ERENDEI,GILIRIDUMA,6
Keonjhar,PATNA,JAMUNAPOSI,JAMUNAPOSI,41
Keonjhar,PATNA,JAMUNAPOSI,KANTAPADA,1
Keonjhar,PATNA,JAMUNAPOSI,PADMAPUR,35
Keonjhar,PATNA,KANTIAPADA,BALANIPOSI,11
Keonjhar,PATNA,KANTIAPADA,BHAGAPOSI,27
Keonjhar,PATNA,KANTIAPADA,BHULADA,4
Keonjhar,PATNA,KANTIAPADA,JAMUNALIA,97
Keonjhar,PATNA,KANTIAPADA,KANTIAPADA,108
Keonjhar,PATNA,KANTIAPADA,KANTIPADA,33
Keonjhar,PATNA,KENDEIPOSI,BADGAMHARIA,54
Keonjhar,PATNA,KENDEIPOSI,KENDEIPOSI,5
Keonjhar,PATNA,KENDEIPOSI,KENDUAPADA,30
Keonjhar,PATNA,KENDEIPOSI,MAHISAMUNDI,37
Keonjhar,PATNA,KHIREITAANGIRI,DABARCHUA,24
Keonjhar,PATNA,KHIREITANGIRI,DABARCHUA,61
Keonjhar,PATNA,KHIREITANGIRI,DALANG,57
Keonjhar,PATNA,KHIREITANGIRI,KHIREITANGIRI,135
Keonjhar,PATNA,KHIREITANGIRI,NUAGAON,107
Keonjhar,PATNA,KHIREITANGIRI,TALAPADA,52
Keonjhar,PATNA,KHIRITANGIRI,KHIRITANGIRI,18
Keonjhar,PATNA,MIRIGIKHAJI,BHALIADAL,33
Keonjhar,PATNA,MIRIGIKHOJI,ASANBAHALI,28
Keonjhar,PATNA,MIRIGIKHOJI,BHALIADAL,36
Keonjhar,PATNA,MURSUAN,BHALUPAHADI,6
Keonjhar,PATNA,MURSUAN,DENUA,11
Keonjhar,PATNA,MUSAKHORI,BADADHNURJAYPUR,21
Keonjhar,PATNA,MUSAKHORI,MUSAKHORI,11
Keonjhar,PATNA,PALANAGHATI,PALANAGHATI,130
Keonjhar,PATNA,PALANAGHATI,SADANGABAHALI,52
Keonjhar,PATNA,PALANGHATI,GODHIRAMPADA,32
Keonjhar,PATNA,PALANGHATI,JAMULEIBEDA,43
Keonjhar,PATNA,PALANGHATI,KUMUDABAHALI,56
Keonjhar,PATNA,PALANGHATI,KUMULABAHALI,34
Keonjhar,PATNA,PALANGHATI,PALANGHATI,5
Keonjhar,PATNA,RAJANAGAR,NUAGAON BALABHADRAPUR,37
Keonjhar,PATNA,RAJANAGAR,RAJANAGAR,21
Keonjhar,PATNA,SARADHAPUR,SARADHAPUR,6
Keonjhar,PATNA,SARASKALA,BADJAMPOSI,1
Keonjhar,PATNA,SARASKALA,KHAMUAN,14
Keonjhar,PATNA,SARASKALA,SARASKALA,24
Keonjhar,PATNA,SARASKELA,BADAJAMOPOSI,16
Keonjhar,PATNA,SARASKOLA,KHAMUAN,68
Keonjhar,PATNA,SARASKOLA,SARASKOLA,97
Keonjhar,PATNA,SARDHAPUR,SARADHAPUR,6
Keonjhar,PATNA,TANGARAPADA,BALIBANDHA,3
Keonjhar,PATNA,TANGARAPADA,BRAHMANIDEO,78
Keonjhar,PATNA,TANGARAPADA,TANGARAPADA,43
Keonjhar,PATNA,TANGARPADA,ANKURA,10
Keonjhar,PATNA,TANGARPADA,BHIMAPADA,11
Keonjhar,PATNA,TANGARPADA,BRAHMANIDEO,98
Keonjhar,PATNA,TANGARPADA,GALPHULA,7
Keonjhar,PATNA,TANGARPADA,MUSAPADA,12
Keonjhar,PATNA,TANGARPADA,NUAPADA,13
Keonjhar,PATNA,TANGARPADA,TANGARPADA,9
Keonjhar,PATNA,TURUMUNGA,HATIBARI,15
Keonjhar,PATNA,TURUMUNGA,NINHUAN,114
Keonjhar,SAHARPADA,BADABIL,TAVASARUA,10
Keonjhar,SAHARPADA,BADABILA,JAMUNALIA,20
Keonjhar,SAHARPADA,BADABILA,TAVASARUA,7
Keonjhar,SAHARPADA,BADBILA,TAVASARUA,25
Keonjhar,SAHARPADA,BADBILLA,MATIAGUNI,10
Keonjhar,SAHARPADA,BAIKALA,BAIKALA,99
Keonjhar,SAHARPADA,BAIKALA,BALITOTA,12
Keonjhar,SAHARPADA,BAIKALA,BILA,2
Keonjhar,SAHARPADA,BAIKALA,LUNGA,15
Keonjhar,SAHARPADA,BAIKALA,MANGALPUR,31
Keonjhar,SAHARPADA,BAIKALA,NISCHINTAPUR,13
Keonjhar,SAHARPADA,DALAPAKA,DALAPAKA,4
Keonjhar,SAHARPADA,DALPAKA,BANBIR,5
Keonjhar,SAHARPADA,DALPAKA,KENDUJODA,1
Keonjhar,SAHARPADA,DALPAKA,SUNAPASI,19
Keonjhar,SAHARPADA,DAMAHUDA,BADAPOSI,12
Keonjhar,SAHARPADA,DAMAHUDA,GHOLAKUNDA,51
Keonjhar,SAHARPADA,DAMAHUDA,GOJAPATHARA,1
Keonjhar,SAHARPADA,DAMAHUDA,GOPINATHPUR,3
Keonjhar,SAHARPADA,DAMAHUDA,KUMULA,18
Keonjhar,SAHARPADA,DASAPADA,DASAPADA,3
Keonjhar,SAHARPADA,DIGIPASI,GAINSIRI,30
Keonjhar,SAHARPADA,DIGIPOSI,DIGIPOSI,42
Keonjhar,SAHARPADA,DIGIPOSI,GAINSIRI,12
Keonjhar,SAHARPADA,DIGPOSI,CHADEIBHAL,46
Keonjhar,SAHARPADA,DIGPOSI,SANKHASAR,4
Keonjhar,SAHARPADA,GANDABEDA,DANUAN TANGARPADA,14
Keonjhar,SAHARPADA,GANDABEDA,DASAPADA,92
Keonjhar,SAHARPADA,GANDABEDA,GANDABEDA,1
Keonjhar,SAHARPADA,GANDABEDA,SANA DHANURJAYPUR,14
Keonjhar,SAHARPADA,GANDABEDA,SANADHANURJAYPUR,24
Keonjhar,SAHARPADA,GANDABEDA,TELIPADA,45
Keonjhar,SAHARPADA,GONDABEDA,JAGANNATHPUR,8
Keonjhar,SAHARPADA,GORAS,GORAS,2
Keonjhar,SAHARPADA,GORAS,KANTIDIHA,11
Keonjhar,SAHARPADA,GORAS,KUCHEBEDA,9
Keonjhar,SAHARPADA,GORAS,KUCHEIBEDA,12
Keonjhar,SAHARPADA,GORAS,PALASHPADA,35
Keonjhar,SAHARPADA,GORAS,PALASPADA,31
Keonjhar,SAHARPADA,GORAS,RADHAPUR,9
Keonjhar,SAHARPADA,GOUDAPADA,TELIPADA,36
Keonjhar,SAHARPADA,GURANDIJODI,GURANDIJODI,31
Keonjhar,SAHARPADA,KHADIKAPADA,KHADIBEDA,31
Keonjhar,SAHARPADA,KHADIKAPADA,KHADIKAPADA,20
Keonjhar,SAHARPADA,KHUNTAPADA,GOJITANGIRI,12
Keonjhar,SAHARPADA,KHUNTAPADA,GUNDURIPOSI,16
Keonjhar,SAHARPADA,KHUNTAPADA,KHUNTAPODA,36
Keonjhar,SAHARPADA,KUNDALA,PHULAPAHADI,49
Keonjhar,SAHARPADA,KUNDILA,JAYPUR,10
Keonjhar,SAHARPADA,KUNDULA,NUABANDHA,21
Keonjhar,SAHARPADA,MACHHAGARH,GORAS,9
Keonjhar,SAHARPADA,MACHHAGARH,KALIADUMA,12
Keonjhar,SAHARPADA,MACHHAGARH,KAMARMARA,23
Keonjhar,SAHARPADA,MACHHAGARH,OSTAJODI,23
Keonjhar,SAHARPADA,MALARPADA,BALIPASI,15
Keonjhar,SAHARPADA,MALARPADA,BINIDA,20
Keonjhar,SAHARPADA,MALARPADA,JAMUDA,14
Keonjhar,SAHARPADA,MALARPADA,MAYURPANKHA,27
Keonjhar,SAHARPADA,MALARPDA,BINIDA GANIABAREI,10
Keonjhar,SAHARPADA,RAIDIHA,JARKANIBEDA,37
Keonjhar,SAHARPADA,RAIDIHA,KATUPADA,13
Keonjhar,SAHARPADA,RAIDIHA,KESHADIHA,62
Keonjhar,SAHARPADA,RAIDIHA,MEDINIPUR,7
Keonjhar,SAHARPADA,RAIDIHA,RAIDIHA,27
Keonjhar,SAHARPADA,SAHARPADA,BHALIADIHI,12
Keonjhar,SAHARPADA,SAHARPADA,GORANDIJODI,5
Keonjhar,SAHARPADA,SAHARPADA,GURANDIJODI,18
Keonjhar,SAHARPADA,SAHARPADA,HALADIBATA,48
Keonjhar,SAHARPADA,SAHARPADA,HALDIBATA,1
Keonjhar,SAHARPADA,SAHARPADA,PINGUPATNA,5
Keonjhar,SAHARPADA,SAHARPADA,RADHAPUR,12
Keonjhar,SAHARPADA,SAHARPADA,TANDO,3
Keonjhar,SAHARPADA,SANKHUA,BUDHABANA,26
Keonjhar,SAHARPADA,SANKHUA,KHANDEIAPDA,1
Keonjhar,SAHARPADA,SANKHUA,KHANDEIPADA,30
Keonjhar,SAHARPADA,SANKHUA,SABARANI BEDA,7
Keonjhar,SAHARPADA,SHANKHUA,SHANKHUA,13
Keonjhar,SAHARPADA,TANDO,TANDO,27
Keonjhar,SAHARPADA,TENDARA,NUAGAONKHIALARIPATA,65
Keonjhar,SAHARPADA,TENDRA,BHANDARI BILLA,1
Keonjhar,SAHARPADA,TENDRA,HARIHARAPUR,40
Keonjhar,SAHARPADA,TENDRA,NUAGAONKHILARIPATA,3
Keonjhar,SAHARPADA,TENDRA,TENDRA,39
Keonjhar,TELKOI,ADALA,ADALA,2
Keonjhar,TELKOI,AJAYAPUR,AJAYPUR,1
Keonjhar,TELKOI,AJAYPUR,AJAYPUR,1
Keonjhar,TELKOI,AKUL,AKUL,16
Keonjhar,TELKOI,AKUL,BALESWAR,39
Keonjhar,TELKOI,AKUL,BALESWER,32
Keonjhar,TELKOI,AKUL,BANABIHARIPUR,61
Keonjhar,TELKOI,AKUL,BANDHANIJHAR,12
Keonjhar,TELKOI,AKUL,BANDHANJHARI,31
Keonjhar,TELKOI,AKUL,KHAJURIA,37
Keonjhar,TELKOI,AKUL,MALANDA,56
Keonjhar,TELKOI,AKULA,AKULA,141
Keonjhar,TELKOI,AKULA,KHAJURIA,20
Keonjhar,TELKOI,BADKALIMATI,PITANALI,6
Keonjhar,TELKOI,BALABHADRAPUR,AJAYPUR,38
Keonjhar,TELKOI,BALABHADRAPUR,BALABHADRAPUR,84
Keonjhar,TELKOI,BALABHADRAPUR,BIRIPAL,37
Keonjhar,TELKOI,BALABHADRAPUR,GABAGODA,3
Keonjhar,TELKOI,BALABHADRAPUR,KATENIPASI,86
Keonjhar,TELKOI,BALABHADRAPUR,KATENIPOSI AJAYPUR,1
Keonjhar,TELKOI,BALABHADRAPUR,NUAGAON,159
Keonjhar,TELKOI,BALABHADRAPUR,PADIAPOSHI,1
Keonjhar,TELKOI,BALABHADRAPUR,PATAKELI,7
Keonjhar,TELKOI,BALABHADRAPUR,PATAKHALI,187
Keonjhar,TELKOI,BALABHADRAPUR,PATKHULI,5
Keonjhar,TELKOI,BALABHADRAPUR,PURJODA KANKADAJODI,4
Keonjhar,TELKOI,BALABHDRAPUR,BIRIPAL,1
Keonjhar,TELKOI,BALABHDRAPUR,KATENIPOSI,59
Keonjhar,TELKOI,BALAVADRAPUR,AJAYPUR,27
Keonjhar,TELKOI,BALAVADRAPUR,KANTEIPASI(BADSAHI),2
Keonjhar,TELKOI,BALAVADRAPUR,MANGALPUR,1
Keonjhar,TELKOI,BALAVHADRAPUR,BALANGI SAHI,19
Keonjhar,TELKOI,BALAVHADRAPUR,BALAVADRAPUR,42
Keonjhar,TELKOI,BALAVHADRAPUR,BARIPAL,6
Keonjhar,TELKOI,BALAVHADRAPUR,KABAT MUNDA,5
Keonjhar,TELKOI,BALAVHADRAPUR,KABAT MUNDA SAHI,2
Keonjhar,TELKOI,BALAVHADRAPUR,KABATMUNDA,1
Keonjhar,TELKOI,BALAVHADRAPUR,KABATMUNDA(NUAGAON),1
Keonjhar,TELKOI,BALAVHADRAPUR,NAUGAON,1
Keonjhar,TELKOI,BALAVHADRAPUR,NUAGAON,77
Keonjhar,TELKOI,BALAVHADRAPUR,NUAGAON ( BENEMUNDA),1
Keonjhar,TELKOI,BALAVHADRAPUR,NUAGAON (BENEMUNDA),1
Keonjhar,TELKOI,BALAVHADRAPUR,NUAGAON (KABAT MUNDA),1
Keonjhar,TELKOI,BALAVHADRAPUR,NUAGAON KABAT MUNDA,2
Keonjhar,TELKOI,BALAVHADRAPUR,NUAGAON( KABAT MUNDA),1
Keonjhar,TELKOI,BALAVHADRAPUR,NUAGAON(BALANGI SAHI),1
Keonjhar,TELKOI,BALAVHADRAPUR,NUAGAON(BENEMUNDA),2
Keonjhar,TELKOI,BALAVHADRAPUR,NUAGAON(KAHAT MUNDA),1
Keonjhar,TELKOI,BALAVHADRAPUR,NUGAON,1
Keonjhar,TELKOI,BALAVHADRAPUR,PILANGI SAHI,2
Keonjhar,TELKOI,BHIMAKAND,DIMIRIMUNDA,29
Keonjhar,TELKOI,BHIMAKAND,GODHIHUDI,27
Keonjhar,TELKOI,BHIMAKAND,GOLAGADI,39
Keonjhar,TELKOI,BHIMAKAND,GOLAGADIA,2
Keonjhar,TELKOI,BHIMAKANDA,GOLA GADIA,34
Keonjhar,TELKOI,BHIMKAND,BHIMKAND,20
Keonjhar,TELKOI,BHIMKAND,DIMIRIMUNDA,22
Keonjhar,TELKOI,BHIMKAND,GODHIHAODI,11
Keonjhar,TELKOI,BHIMKAND,GOLAGADIA,15
Keonjhar,TELKOI,BHIMKAND,GOLGADIA,10
Keonjhar,TELKOI,BHIMKAND,KOILISUTA,38
Keonjhar,TELKOI,BHIMKANDA,DIMIRI MUNDA,19
Keonjhar,TELKOI,BHIMKANDA,DIMIRIMUNDA,55
Keonjhar,TELKOI,BHIMKANDA,GODHIHUDI,3
Keonjhar,TELKOI,BHIMKAND`,BHIMKAND,30
Keonjhar,TELKOI,BIMALA,BALABHADRAPUR,74
Keonjhar,TELKOI,BIMALA,BALANGISAHI,30
Keonjhar,TELKOI,BIMALA,BIMALA,127
Keonjhar,TELKOI,BIMALA,JHARBEDA,96
Keonjhar,TELKOI,BIMALA,KUDBILA,6
Keonjhar,TELKOI,BIMALA,KULANGA,90
Keonjhar,TELKOI,BIMALA,NAMAKANI,48
Keonjhar,TELKOI,BIMALA,NAMKANI,68
Keonjhar,TELKOI,BIMALA,SALEIKENA,9
Keonjhar,TELKOI,BIMALA,TANGIRI,57
Keonjhar,TELKOI,BINJABAHAL,BINJABAHAL,101
Keonjhar,TELKOI,BINJHABAHAL,BINJHABAHAL,95
Keonjhar,TELKOI,CHHAMUDA,SIRIABAHAL,118
Keonjhar,TELKOI,CHHAMUNDA,CHHAMUNDA,196
Keonjhar,TELKOI,CHHAMUNDA,GOLABANDHA,78
Keonjhar,TELKOI,CHHAMUNDA,SIRIABAHAL,128
Keonjhar,TELKOI,CHHMUNDA,CHHAMUNDA,41
Keonjhar,TELKOI,DABALAPAL,BAUNSAPAL,19
Keonjhar,TELKOI,DEULADIHA,DULLABHPUR,37
Keonjhar,TELKOI,DEULADIHA,JENADAR,35
Keonjhar,TELKOI,DEULADIHA,NUAGARH,55
Keonjhar,TELKOI,DEULADIHA,UDAYAGIRI,47
Keonjhar,TELKOI,DEULDIHA,DEULDIHA,28
Keonjhar,TELKOI,DEULDIHA,JENADAR,10
Keonjhar,TELKOI,DEULDIHA,KADAPADA,15
Keonjhar,TELKOI,DEULDIHA,KADUAPADA,47
Keonjhar,TELKOI,DEULDIHA,KODAPADA,4
Keonjhar,TELKOI,DEULDIHA,NUAGARH,28
Keonjhar,TELKOI,DEULDIHA,SANTEIBHANJ,46
Keonjhar,TELKOI,DEULDIHA,SANTEIBHANJA,8
Keonjhar,TELKOI,DEULDIHA,UDAYGIRI,14
Keonjhar,TELKOI,DOBALAPAL,BANSPAL,15
Keonjhar,TELKOI,DOBALAPAL,BAUNSAPAL,1
Keonjhar,TELKOI,DOBALAPAL,LOKANANTHPUR,60
Keonjhar,TELKOI,DOBLAPAL,BANSPAL,24
Keonjhar,TELKOI,DOBLAPAL,CHANDRASEKHARPUR,7
Keonjhar,TELKOI,DOBLAPAL,LOKANTHAPUR,12
Keonjhar,TELKOI,DUBULAPAL,DUBULAPAL,63
Keonjhar,TELKOI,GELDA,GELDA,1
Keonjhar,TELKOI,GELDA,MUNDASAHI,1
Keonjhar,TELKOI,HALPODI,HALPODI,3
Keonjhar,TELKOI,JAGAMOHANPUR,JAGAMOHANPUR,75
Keonjhar,TELKOI,JAGAMOHANPUR,SARUALI,60
Keonjhar,TELKOI,JAGAMOHANPUR,SINKULABAHAL,7
Keonjhar,TELKOI,JAGAMOHANPUR,TUNGURBAHAL,23
Keonjhar,TELKOI,JAGAMOHANPUR,TUNGURUBAHAL,37
Keonjhar,TELKOI,JAGMOHANPUR,KAKUDIAMBA,17
Keonjhar,TELKOI,JAGMOHANPUR,SINKULABAHAL,120
Keonjhar,TELKOI,JAGMOHANPUR,TANGURUBAHAL,1
Keonjhar,TELKOI,JAGMOHANPUR,TUNGURUBAHAL,41
Keonjhar,TELKOI,JOGAMOHANPUR,SINKULABHALA,1
Keonjhar,TELKOI,JOGAMOHANPUR,TUNGARUBAHAL,78
Keonjhar,TELKOI,KALIAHATA,BADIAMUNDA,5
Keonjhar,TELKOI,KALIAHATA,BALI,112
Keonjhar,TELKOI,KALIAHATA,GALADA,78
Keonjhar,TELKOI,KALIAHATA,GALDA,2
Keonjhar,TELKOI,KALIAHATA,GELADA,30
Keonjhar,TELKOI,KALIAHATA,GELDA,15
Keonjhar,TELKOI,KALIAHATA,KALAPAT,4
Keonjhar,TELKOI,KALIAHATA,KALIAHATA,88
Keonjhar,TELKOI,KALIAHATA,KATENI,21
Keonjhar,TELKOI,KALIAHATA,KERANG,37
Keonjhar,TELKOI,KALIAHATA,KERANGA,4
Keonjhar,TELKOI,KALIAHATA,KHANDA BANDH,29
Keonjhar,TELKOI,KALIAHATA,KHANDBANDH,24
Keonjhar,TELKOI,KALIAHATA,L.N.PUR,87
Keonjhar,TELKOI,KALIAHATA,LAXMINARANPUR,6
Keonjhar,TELKOI,KALIAHATA,LAXMINARAYANPUR,43
Keonjhar,TELKOI,KALIAHATA,MUNDA SAHI,8
Keonjhar,TELKOI,KALIAHATA,MUNDASAHI,3
Keonjhar,TELKOI,KALIAHATA,PATAKELIPUR,5
Keonjhar,TELKOI,KALIAHATA,PATAKELIPURA,65
Keonjhar,TELKOI,KALIAHATA,PATKELIPUR,20
Keonjhar,TELKOI,KALIAHATA,RAKUTI,6
Keonjhar,TELKOI,KALIAHATA,RAMACHANDRAPUR,8
Keonjhar,TELKOI,KALIAHATA,RAMCHANDRAPUR,4
Keonjhar,TELKOI,KALIAHATA,REKUTI,11
Keonjhar,TELKOI,KALIAHATA,SARADA,5
Keonjhar,TELKOI,KALIAHATA,SARATA,39
Keonjhar,TELKOI,KALIAHATA,SARODA,46
Keonjhar,TELKOI,KALIAHATA,SARUPAT,82
Keonjhar,TELKOI,KALIAHATA,TEMPLEI,62
Keonjhar,TELKOI,KALIAHATA,TIGIRIA,44
Keonjhar,TELKOI,KALIAHOTA,BALI,26
Keonjhar,TELKOI,KALIAHOTA,KALIAHOTA,13
Keonjhar,TELKOI,KALIAHOTA,KATENI,42
Keonjhar,TELKOI,KALIAHOTA,KHANDABANDHA,17
Keonjhar,TELKOI,KALIAHOTA,SARUPAT,4
Keonjhar,TELKOI,KALIAHOTA,TIGIRIA,5
Keonjhar,TELKOI,KANDHEILATA,KANDHEILATA,9
Keonjhar,TELKOI,KANTEIPASI(BADASAHI),AJAYPUR,1
Keonjhar,TELKOI,KANTEIPOSI,AJAYPUR,6
Keonjhar,TELKOI,KARADANGI,CHAKRADHAR,13
Keonjhar,TELKOI,KARADANGI,GOTHABEDA,1
Keonjhar,TELKOI,KARADANGI,KARADANGI,157
Keonjhar,TELKOI,KARADANGI,RAGADA,9
Keonjhar,TELKOI,KARADANGI,SAPALANJI,6
Keonjhar,TELKOI,KARADANGI,SAREI,1
Keonjhar,TELKOI,KARAMANGI,ALUNI,17
Keonjhar,TELKOI,KARAMANGI,ALUNI BIJATALA,33
Keonjhar,TELKOI,KARAMANGI,ALUNI KARADABALI,10
Keonjhar,TELKOI,KARAMANGI,BANDA,49
Keonjhar,TELKOI,KARAMANGI,BHAGAMUNDA,1
Keonjhar,TELKOI,KARAMANGI,KANTALSUAN,55
Keonjhar,TELKOI,KARAMANGI,KARAMANGI,54
Keonjhar,TELKOI,KARAMANGI,KRUSHNAPUR,223
Keonjhar,TELKOI,KARAMANGI,KRUSHUNAPUR,12
Keonjhar,TELKOI,KARAMANGI,PADIAPOSHI,75
Keonjhar,TELKOI,KARAMANGI,PADIAPOSI,8
Keonjhar,TELKOI,KARAMANGI,SINDURIA,23
Keonjhar,TELKOI,KARAMANGI,TANGIRI,4
Keonjhar,TELKOI,KARDANGI,BHOLABEDA,9
Keonjhar,TELKOI,KARDANGI,RAGADA,4
Keonjhar,TELKOI,KARDANGI,SAREI,9
Keonjhar,TELKOI,KARMANGI,KANTALSUAN,42
Keonjhar,TELKOI,KARMANGI,KARAMANGI,39
Keonjhar,TELKOI,KARMANGI,SINDURIA,16
Keonjhar,TELKOI,KHUNTAPADA,BENA,100
Keonjhar,TELKOI,KHUNTAPADA,DULLABHPUR,18
Keonjhar,TELKOI,KHUNTAPADA,GUNDURIJODA,188
Keonjhar,TELKOI,KHUNTAPADA,GUNDURIJODI,5
Keonjhar,TELKOI,KHUNTAPADA,KULADERA,167
Keonjhar,TELKOI,KHUNTAPADA,NUAGARH,26
Keonjhar,TELKOI,ORIA BIRIDA,JATA,22
Keonjhar,TELKOI,ORIA BIRIDA,KATARA PALI,25
Keonjhar,TELKOI,ORIYA,DHANURJAYAPUR,11
Keonjhar,TELKOI,ORIYA,DHANURJAYPUR,9
Keonjhar,TELKOI,ORIYA,ORIYA,4
Keonjhar,TELKOI,ORIYA BINDA,PURUNAPANI,42
Keonjhar,TELKOI,ORIYA BINIDA,KALIAPUR,26
Keonjhar,TELKOI,ORIYA BIRIDA,JATA,6
Keonjhar,TELKOI,ORIYA BIRIDA,ORIYA,81
Keonjhar,TELKOI,ORIYA BIRIDA,PITANALI,47
Keonjhar,TELKOI,ORIYA BIRIDA,PURUNAPANI,36
Keonjhar,TELKOI,ORIYA BIRINDA,ORIYA,7
Keonjhar,TELKOI,ORIYA-BIRIDA,SAPALANJI,46
Keonjhar,TELKOI,ORIYABINDA,KALIAPANI,27
Keonjhar,TELKOI,ORIYABIRIDA,ORIYA,3
Keonjhar,TELKOI,ORIYABIRIDA,ORIYABIRIDA,9
Keonjhar,TELKOI,ORIYABIRIDA,SAPALANJI,30
Keonjhar,TELKOI,ORIYABIRINDA,ORIYA,45
Keonjhar,TELKOI,ORIYABIRNDA,ORIYA,47
Keonjhar,TELKOI,PADANG,AKHIGOLA,11
Keonjhar,TELKOI,PADANG,PADANG,67
Keonjhar,TELKOI,PADANG NIPINDA,PADANG NIPINDA,63
Keonjhar,TELKOI,PADANGA,ODHANA,10
Keonjhar,TELKOI,PADANGA,PADANGA,44
Keonjhar,TELKOI,PADANGA,PODANGA,1
Keonjhar,TELKOI,PADANGA,RANKI,5
Keonjhar,TELKOI,PADANGA,SANKALEI,9
Keonjhar,TELKOI,PANDANG,SANKALEI,19
Keonjhar,TELKOI,PANDANG,TENTEINALI,28
Keonjhar,TELKOI,PATAKOILIPUR,GODIKANSA,10
Keonjhar,TELKOI,PATAKOILIPUR,TEMPELEI,1
Keonjhar,TELKOI,PIRUJODA,KARANGAPAL,110
Keonjhar,TELKOI,PODANG,AHIGOLA,1
Keonjhar,TELKOI,PODANG,RAISUAN,1
Keonjhar,TELKOI,PODANG,SANKOI,2
Keonjhar,TELKOI,PODANG,TENTEINALI,34
Keonjhar,TELKOI,PODANG,TENTULINALI,1
Keonjhar,TELKOI,PODANGA,AHIGOLA,6
Keonjhar,TELKOI,PODANGA,BUDHAMBA,32
Keonjhar,TELKOI,PODANGA,KATRAPALI,1
Keonjhar,TELKOI,PODANGA,ODHANA,3
Keonjhar,TELKOI,PODANGA,PODANGA,9
Keonjhar,TELKOI,PODANGA,RANKI,17
Keonjhar,TELKOI,PODANGA,SAMKOI,7
Keonjhar,TELKOI,PODANGA,SANKALEI,11
Keonjhar,TELKOI,PODANGA,SANKOI,4
Keonjhar,TELKOI,PODNGA,NIPINDA,17
Keonjhar,TELKOI,PODNGA,RANKI,10
Keonjhar,TELKOI,PODNGA,TENTEINALI,28
Keonjhar,TELKOI,PURJODA,BALIJODI,10
Keonjhar,TELKOI,PURJODA,BRAHMANKANGA,25
Keonjhar,TELKOI,PURJODA,GODIKANSA,11
Keonjhar,TELKOI,PURJODA,KARANGAPAL,16
Keonjhar,TELKOI,PURJODA,PURJODA,55
Keonjhar,TELKOI,PURUJODA,BALIJODI,83
Keonjhar,TELKOI,PURUJODA,BENAMUNDA,276
Keonjhar,TELKOI,PURUJODA,BRAHMANIKANSA,33
Keonjhar,TELKOI,PURUJODA,GODIKANSA,60
Keonjhar,TELKOI,PURUJODA,KARANGAPAL,1
Keonjhar,TELKOI,PURUJODA,PURUJODA,64
Keonjhar,TELKOI,PURUJODA,TEMPELEI,1
Keonjhar,TELKOI,RAISUAN,BIRABARPUR,32
Keonjhar,TELKOI,RAISUAN,MARDA,156
Keonjhar,TELKOI,RAISUAN,RAISUAN,162
Keonjhar,TELKOI,RAISUAN,RANIBEDA,221
Keonjhar,TELKOI,RAISUAN,SAMAKUDA,50
Keonjhar,TELKOI,RAISUAN,SANNUAGAON,12
Keonjhar,TELKOI,RAMCHANDRAPUR,RAMCHANDRAPUR,7
Keonjhar,TELKOI,RANIBEDA,RANIBEDA,2
Keonjhar,TELKOI,REKUTI,REKUTI,35
Keonjhar,TELKOI,S.N PURGODA,BETAKHALI,40
Keonjhar,TELKOI,S.N PURGODA,KAMALANGI,49
Keonjhar,TELKOI,S.N PURGODA,S.N PURGODA,77
Keonjhar,TELKOI,S.N. PURUGODA,SAMAKUD,10
Keonjhar,TELKOI,S.N.PURGUDA,BHALIADAL,49
Keonjhar,TELKOI,S.N.PURGUDA,BIRIDA,33
Keonjhar,TELKOI,SAEIKENA,RUGUDIHI,29
Keonjhar,TELKOI,SALEIKANA,DAMDARGOUNI,139
Keonjhar,TELKOI,SALEIKANA,JANSANPUR,13
Keonjhar,TELKOI,SALEIKANA,SALEIKANA,32
Keonjhar,TELKOI,SALEIKENA,DAMODAR GOUHI,15
Keonjhar,TELKOI,SALEIKENA,DAMODARGOUNI,68
Keonjhar,TELKOI,SALEIKENA,JANSANPUR,153
Keonjhar,TELKOI,SALEIKENA,KALAPOKHARI,56
Keonjhar,TELKOI,SALEIKENA,RUGUDIHI,66
Keonjhar,TELKOI,SALEIKENA,SALEIKENA,88
Keonjhar,TELKOI,SANKALEI,SANKALEI,2
Keonjhar,TELKOI,SARUPAT,KALIAHOTA,8
Keonjhar,TELKOI,SELEIKENA,DIMIRIA,61
Keonjhar,TELKOI,SIBA NARAYANPUR,SIBA NARAYANPUR,14
Keonjhar,TELKOI,SIBA NARAYANPUR,SUNAKUMUNDA,18
Keonjhar,TELKOI,SIBANARAYANPUR GODA,BANGURUPAL,20
Keonjhar,TELKOI,SIBANAYANPUR,SIBANAYANPUR,44
Keonjhar,TELKOI,SIBARAYANPURGODA,BHALIADAL,17
Keonjhar,TELKOI,SIBNARAYANPURGODA,BETAKHALI,36
Keonjhar,TELKOI,SINDURIA,SINDURIA,30
Keonjhar,TELKOI,SIRIGIDA,GOPINATHAPUR,4
Keonjhar,TELKOI,SIRIGIDA,GOPINATHPUR,7
Keonjhar,TELKOI,SIRIGIDA,KALIMA,55
Keonjhar,TELKOI,SIRIGIDA,KUNDHEI HOTA,24
Keonjhar,TELKOI,SIRIGIDA,PURUSATAMPUR,6
Keonjhar,TELKOI,SIRIGIDA,PURUSOTTAMPUR,28
Keonjhar,TELKOI,SIRIGIDA,PURUSTOMPUR,16
Keonjhar,TELKOI,SIRIGIDA,SIRIGIDA,73
Keonjhar,TELKOI,SNPURGODA,BIRIDA,41
Keonjhar,TELKOI,SNPURGODA,RUGUDIKASADA,4
Keonjhar,TELKOI,SNPURGODA,TAMANGA,70
Keonjhar,TELKOI,SRIGIDA,KUNDHEIHATTA,12
Keonjhar,TELKOI,TALAPADA,BUDAKHAMAN,39
Keonjhar,TELKOI,TALAPADA,GODINARDA,66
Keonjhar,TELKOI,TALAPADA,GURUM,56
Keonjhar,TELKOI,TALAPADA,PANGA,8
Keonjhar,TELKOI,TALAPADA,RANGAMATIA,34
Keonjhar,TELKOI,TALAPADA,SIMILIPAL,12
Keonjhar,TELKOI,TALAPADA,TALAPADA,23
Keonjhar,TELKOI,TALAPADA,TALAPDA,16
Keonjhar,TELKOI,TALPADA,GURUM,1
Keonjhar,TELKOI,TALPADA,RANGAMATIA,2
Keonjhar,TELKOI,TELKOI,DANDUA,4
Keonjhar,TELKOI,TELKOI,KULANGA,6
Keonjhar,TELKOI,TELKOI,RAMACHANDRAPUR,8
Keonjhar,TELKOI,TELKOI,RAMCHANDRAPUR,1
Khurda,BANPUR,DAMIABARABARA,BAGUDA,55
Khurda,BANPUR,DAMIABARABARA,BALIKANIA,23
Khurda,BANPUR,DAMIABARABARA,BANKIAPALLI,11
Khurda,BANPUR,DAMIABARABARA,BHATAPADA,55
Khurda,BANPUR,DAMIABARABARA,BHUJIA BARABARA,17
Khurda,BANPUR,DAMIABARABARA,DAMIA,49
Khurda,BANPUR,DAMIABARABARA,GURUPADA,30
Khurda,BANPUR,DAMIABARABARA,KANDULASAHI,5
Khurda,BANPUR,DAMIABARABARA,KATUALA,50
Khurda,BANPUR,DAMIABARABARA,KOSARADA,9
Khurda,BANPUR,DAMIABARABARA,KUSHAPALLI,22
Khurda,BANPUR,DAMIABARABARA,LODHABHUIN,4
Khurda,BANPUR,DAMIABARABARA,MANDAR,32
Khurda,BANPUR,DAMIABARABARA,NANDURU,10
Khurda,BANPUR,DAMIABARABARA,PODAKHAI,9
Khurda,BANPUR,DAMIABARABARA,RAMPUR,36
Khurda,BANPUR,MAHULIA,MAHULIA,27
Khurda,BANPUR,NAME OF THE GRAM PANCHAYAT,MANDAR,1
Khurda,BANPUR,NILADRI PRASAD,HARADAMA,10
Khurda,BANPUR,NILADRIPRASAD,BARAKILI MASANI SAHI,25
Khurda,BANPUR,NILADRIPRASAD,CHANDRAMA,5
Khurda,BANPUR,NILADRIPRASAD,KALAPATA,7
Khurda,BANPUR,NILADRIPRASAD,KARANJAPALLI,2
Khurda,BANPUR,NILADRIPRASAD,NUAGAON,31
Khurda,BANPUR,NILADRIPRASAD,PANASADIHA,2
Khurda,BANPUR,SIBIDA,SIBIDA,13
Khurda,BHUBANESWAR,ANDHARUA,ANDHARUA,54
Khurda,BHUBANESWAR,CHANDAKA,FIRIKINALI,38
Khurda,BHUBANESWAR,CHANDAKA,PITAGADIA,29
Khurda,BHUBANESWAR,CHANDAKA,SHYAMSUNDARPUR,35
Khurda,BHUBANESWAR,DARUTHENGA,BHALUNKA,76
Khurda,BHUBANESWAR,DARUTHENGA,CHUDANGA,57
Khurda,BHUBANESWAR,KANTABADA,BHAGABATIPUR,41
Khurda,BHUBANESWAR,MENDHASAL,BARAPITA,35
Khurda,BHUBANESWAR,MENDHASAL,GHANGAPATNA,17
Khurda,JATNI,BINDHYAGIRI,BINDHYAGIRI,63
Khurda,NAME OF THE BLOCK,NAME OF THE GRAM PANCHAYAT,NAME OF THE VILLAGE,36
Koraput,BANDHUGAON,BANDHUGAM,DASINI,11
Koraput,BANDHUGAON,BANDHUGAM,ELANGABALSA,10
Koraput,BANDHUGAON,BANDHUGAM,GATIPUT,37
Koraput,BANDHUGAON,BANDHUGAM,JHUMUKA,17
Koraput,BANDHUGAON,BANDHUGAM,KATRAGUDA,11
Koraput,BANDHUGAON,BANDHUGAM,KUNJERI,26
Koraput,BANDHUGAON,BANDHUGAM,MARDIJHOLA,16
Koraput,BANDHUGAON,BANDHUGAM,MEKADA,46
Koraput,BANDHUGAON,BANDHUGAM,MUNDIBALSA,11
Koraput,BANDHUGAON,BANDHUGAM,RAGHUMADA,11
Koraput,BANDHUGAON,BANDHUGAN,BAUNSAPUT,34
Koraput,BANDHUGAON,BANDHUGAN,GOLIPUT,28
Koraput,BANDHUGAON,BANDHUGAN,TALADABIRI,12
Koraput,BANDHUGAON,GARIDI,AMBLIPUT,29
Koraput,BANDHUGAON,GARIDI,B. GURUSHI,8
Koraput,BANDHUGAON,GARIDI,B.TURUGUDI,18
Koraput,BANDHUGAON,GARIDI,GAGABADI,31
Koraput,BANDHUGAON,GARIDI,GAJABADI,10
Koraput,BANDHUGAON,GARIDI,GOJABADI,26
Koraput,BANDHUGAON,GARIDI,JARAPA,44
Koraput,BANDHUGAON,GARIDI,K.GURUSI,61
Koraput,BANDHUGAON,GARIDI,LUNDRUKONA,70
Koraput,BANDHUGAON,GARIDI,M.TURUGUDI,35
Koraput,BANDHUGAON,GARIDI,PUTUGAAM,9
Koraput,BANDHUGAON,GARIDI,RUTAPAI,34
Koraput,BANDHUGAON,GARIDI,SODABADI,84
Koraput,BANDHUGAON,JAGUGUDA,ANTAMODA,8
Koraput,BANDHUGAON,JAGUGUDA,JAGUGUDA,30
Koraput,BANDHUGAON,JAGUGUDA,JENDAPARTING,46
Koraput,BANDHUGAON,JAGUGUDA,KAMBESU,14
Koraput,BANDHUGAON,JAGUGUDA,KUNTESH,16
Koraput,BANDHUGAON,JAGUGUDA,LACHHAKAPADU,10
Koraput,BANDHUGAON,JAGUGUDA,MUNDESU,9
Koraput,BANDHUGAON,JAGUGUDA,NAKITI,7
Koraput,BANDHUGAON,JAGUGUDA,PARTINGI,78
Koraput,BANDHUGAON,JAGUGUDA,RANGAMGUDA,17
Koraput,BANDHUGAON,JAGUGUDA,SERAPADU,21
Koraput,BANDHUGAON,KABIRIBADI,DIMITIGUDA,12
Koraput,BANDHUGAON,KABIRIBADI,K.TIKARAPADA,22
Koraput,BANDHUGAON,KABIRIBADI,LOPETA,41
Koraput,BANDHUGAON,KABIRIBADI,PANASAPADAR,14
Koraput,BANDHUGAON,KAMUGANDA,BADAMATHUR,61
Koraput,BANDHUGAON,KAMUGANDA,KAMUGANDA,24
Koraput,BANDHUGAON,KAPLADA,CHEKAVALSA,10
Koraput,BANDHUGAON,KUMBAGONDA,PEDAKAMBRA,23
Koraput,BANDHUGAON,KUMBHARIPUT,KUSUMPUT,32
Koraput,BANDHUGAON,KUMBHARIPUT,TALAJAMUGUDA,16
Koraput,BANDHUGAON,KUMBHARIPUT/ NEELABADI,CHEKAPADU,41
Koraput,BANDHUGAON,KUMBHARIPUT/ NEELABADI,DONDABADI,19
Koraput,BANDHUGAON,KUMBHARIPUT/ NEELABADI,GULIMIGUDA - A,15
Koraput,BANDHUGAON,KUMBHARIPUT/ NEELABADI,GULIMIGUDA-A,2
Koraput,BANDHUGAON,KUMBHARIPUT/ NEELABADI,JAYAGUDA,17
Koraput,BANDHUGAON,KUTRABEDA,BILAMALA,32
Koraput,BANDHUGAON,KUTRABEDA,BORIPUT,25
Koraput,BANDHUGAON,KUTRABEDA,GULIMIGUDA-B,78
Koraput,BANDHUGAON,KUTRABEDA,MONCHAPADAR,27
Koraput,BOIPARIGUDA,ANALABHATA,MAJHIGUDA,2
Koraput,BOIPARIGUDA,BALIGAON,BADA ATALA,5
Koraput,BOIPARIGUDA,BALIGAON,CHEREKA,12
Koraput,BOIPARIGUDA,BALIGAON,KURKUTIGUDA,3
Koraput,BOIPARIGUDA,BALIGAON,RATUGUDA,1
Koraput,BOIPARIGUDA,BODAPUT,BODAPUT,5
Koraput,BOIPARIGUDA,BODAPUT,CHIKIMA(RAULIGUDA),11
Koraput,BOIPARIGUDA,BODAPUT,KUSHPAR,6
Koraput,BOIPARIGUDA,BODAPUT,MADI,23
Koraput,BOIPARIGUDA,BODAPUT,MADI(KALIAGUDA),2
Koraput,BOIPARIGUDA,BODAPUT,PAMI,52
Koraput,BOIPARIGUDA,BODAPUT,TALAPAMI,14
Koraput,BOIPARIGUDA,BOIPARIGUDA,BASINIGUDA,6
Koraput,BOIPARIGUDA,BOIPARIGUDA,BHEJAPABALI,2
Koraput,BOIPARIGUDA,BOIPARIGUDA,G.BHALUGUDA,21
Koraput,BOIPARIGUDA,BOIPARIGUDA,GUMMA,23
Koraput,BOIPARIGUDA,BOIPARIGUDA,GUNTHAGUDA,9
Koraput,BOIPARIGUDA,BOIPARIGUDA,LIMBAGUDA,220
Koraput,BOIPARIGUDA,BOIPARIGUDA,NILAGUDA,8
Koraput,BOIPARIGUDA,BOIPARIGUDA,THOKAL,2
Koraput,BOIPARIGUDA,CHANDRAPADA,BALIGUDA,4
Koraput,BOIPARIGUDA,CHANDRAPADA,BANUAGUDA,38
Koraput,BOIPARIGUDA,CHANDRAPADA,BHEJAGUDA,7
Koraput,BOIPARIGUDA,CHANDRAPADA,BODAGUDA,1
Koraput,BOIPARIGUDA,CHANDRAPADA,DUMURIGUDA,12
Koraput,BOIPARIGUDA,CHANDRAPADA,PALIGUDA,7
Koraput,BOIPARIGUDA,CHIPAKUR,ANLAJODI,28
Koraput,BOIPARIGUDA,CHIPAKUR,CHILIKUNDA,14
Koraput,BOIPARIGUDA,CHIPAKUR,JADAAMBA,17
Koraput,BOIPARIGUDA,CHIPAKUR,JODIDAR,24
Koraput,BOIPARIGUDA,CHIPAKUR,JODIGUDA (PHULABEDA),6
Koraput,BOIPARIGUDA,CHIPAKUR,KADAMBA,11
Koraput,BOIPARIGUDA,CHIPAKUR,KANDHA JADAAMBA,10
Koraput,BOIPARIGUDA,CHIPAKUR,KAUKUND,32
Koraput,BOIPARIGUDA,CHIPAKUR,KHIRISALA,21
Koraput,BOIPARIGUDA,CHIPAKUR,KUDALJODI,39
Koraput,BOIPARIGUDA,CHIPAKUR,NISHNA PAKHNA,1
Koraput,BOIPARIGUDA,CHIPAKUR,PADEIKADAR,31
Koraput,BOIPARIGUDA,CHIPAKUR,SANGAM GUDA,10
Koraput,BOIPARIGUDA,DANDABADI,ANDRI JODI,20
Koraput,BOIPARIGUDA,DANDABADI,BAGHBEDA,16
Koraput,BOIPARIGUDA,DANDABADI,BATIGUDA,15
Koraput,BOIPARIGUDA,DANDABADI,BGHBEDA,5
Koraput,BOIPARIGUDA,DANDABADI,BINGRAJ JODI,28
Koraput,BOIPARIGUDA,DANDABADI,CHATAAMBA,19
Koraput,BOIPARIGUDA,DANDABADI,DAMANJODI,27
Koraput,BOIPARIGUDA,DANDABADI,DISARIGUDA,4
Koraput,BOIPARIGUDA,DANDABADI,DUMURI PADAR,46
Koraput,BOIPARIGUDA,DANDABADI,JAMUGUDA,7
Koraput,BOIPARIGUDA,DANDABADI,JANGALJODI,43
Koraput,BOIPARIGUDA,DANDABADI,KADAKIPANI (PHATAKAMUNDA),4
Koraput,BOIPARIGUDA,DANDABADI,KADALI PADAR,47
Koraput,BOIPARIGUDA,DANDABADI,KADAMBA,16
Koraput,BOIPARIGUDA,DANDABADI,KADKIPANI,1
Koraput,BOIPARIGUDA,DANDABADI,KALIA ATAL,1
Koraput,BOIPARIGUDA,DANDABADI,KALIA ATALA,13
Koraput,BOIPARIGUDA,DANDABADI,KALIAJHOLI,3
Koraput,BOIPARIGUDA,DANDABADI,KANDAKIGUDA,1
Koraput,BOIPARIGUDA,DANDABADI,KULABEDA,41
Koraput,BOIPARIGUDA,DANDABADI,LIMAPADAR,9
Koraput,BOIPARIGUDA,DANDABADI,PANASPUT,11
Koraput,BOIPARIGUDA,DANDABADI,PANGANAPANI,16
Koraput,BOIPARIGUDA,DANDABADI,PHATAKAMUNDA (SADAKPUT),6
Koraput,BOIPARIGUDA,DANDABADI,PHATAKIKUMI,31
Koraput,BOIPARIGUDA,DANDABADI,PURUPABEDA,5
Koraput,BOIPARIGUDA,DANDABADI,SALAPA PADAR,6
Koraput,BOIPARIGUDA,DANDABADI,TOTAPANI,8
Koraput,BOIPARIGUDA,DASAMANTAPUR,DORAPUT,4
Koraput,BOIPARIGUDA,DASAMANTAPUR,GADAPUT,7
Koraput,BOIPARIGUDA,DASAMANTAPUR,KAKALPADA,53
Koraput,BOIPARIGUDA,DASAMANTAPUR,LIMAPUT(PANGIPUT),1
Koraput,BOIPARIGUDA,DASAMANTAPUR,PABLIGUDA,1
Koraput,BOIPARIGUDA,DORAGUDA,BADAANDARI (GOIPADAR),22
Koraput,BOIPARIGUDA,DORAGUDA,BANAGUDA,104
Koraput,BOIPARIGUDA,DORAGUDA,BARENGA PADAR,32
Koraput,BOIPARIGUDA,DORAGUDA,BERGAON,7
Koraput,BOIPARIGUDA,DORAGUDA,DEBATADANGAR,25
Koraput,BOIPARIGUDA,DORAGUDA,DUMURIGUDA,9
Koraput,BOIPARIGUDA,DORAGUDA,GADAGUDA,3
Koraput,BOIPARIGUDA,DORAGUDA,GATANGUDA(BANAGUDA),22
Koraput,BOIPARIGUDA,DORAGUDA,GHUMARBEDA,28
Koraput,BOIPARIGUDA,DORAGUDA,GUNDALIAGUDA,1
Koraput,BOIPARIGUDA,DORAGUDA,MINARBALI,2
Koraput,BOIPARIGUDA,DORAGUDA,MNARBALI,2
Koraput,BOIPARIGUDA,DORAGUDA,MUSHA PADAR,7
Koraput,BOIPARIGUDA,DORAGUDA,RANGINI GUDA,76
Koraput,BOIPARIGUDA,DORAGUDA,RUPUGUDA,6
Koraput,BOIPARIGUDA,DORAGUDA,SANA ANDARI (GOIPADAR),28
Koraput,BOIPARIGUDA,DORAGUDA,SUNDAR JODI,25
Koraput,BOIPARIGUDA,DORAGUDA,UDULGUDA,28
Koraput,BOIPARIGUDA,G.MAJHIGUDA,KARILAGUDA,2
Koraput,BOIPARIGUDA,G.MAJHIGUDA,KEMABEDA (BHATIGUDA),3
Koraput,BOIPARIGUDA,GUPTESWAR,BALIKUNDA,36
Koraput,BOIPARIGUDA,GUPTESWAR,BHALUJHOLA,12
Koraput,BOIPARIGUDA,GUPTESWAR,JAMJODI,21
Koraput,BOIPARIGUDA,GUPTESWAR,RUPABEDA,7
Koraput,BOIPARIGUDA,GUPTESWAR,SORISHA PADAR,20
Koraput,BOIPARIGUDA,GUPTESWAR,TALLURU,34
Koraput,BOIPARIGUDA,HALADIKUND,BALIKUNDA,1
Koraput,BOIPARIGUDA,HALADIKUND,CHADHEIPANI,28
Koraput,BOIPARIGUDA,HALADIKUND,CHILIPADAR,32
Koraput,BOIPARIGUDA,HALADIKUND,GADAGHAT,57
Koraput,BOIPARIGUDA,HALADIKUND,GAJULPADAR,13
Koraput,BOIPARIGUDA,HALADIKUND,GHIURIAGUDA,8
Koraput,BOIPARIGUDA,HALADIKUND,GOILKUNDA,1
Koraput,BOIPARIGUDA,HALADIKUND,HATIKHAL,14
Koraput,BOIPARIGUDA,HALADIKUND,KATANIKUNDA,41
Koraput,BOIPARIGUDA,HALADIKUND,KHECHELA,37
Koraput,BOIPARIGUDA,HALADIKUND,MALIPADAR,23
Koraput,BOIPARIGUDA,HALADIKUND,MURJACHUAN,35
Koraput,BOIPARIGUDA,HALADIKUND,PUKI BAGRA,25
Koraput,BOIPARIGUDA,HALADIKUND,RUPABEDA,6
Koraput,BOIPARIGUDA,HALADIKUND,SIRIBEDA,49
Koraput,BOIPARIGUDA,HALADIKUND,TALUR,148
Koraput,BOIPARIGUDA,KATHAPADA,DHWANIBASILA,33
Koraput,BOIPARIGUDA,KATHAPADA,DUMURIGUDA,20
Koraput,BOIPARIGUDA,KATHAPADA,KATHAPADA,1
Koraput,BOIPARIGUDA,KATHAPADA,KATHAPADA (PANDIGUDA),21
Koraput,BOIPARIGUDA,KATHAPADA,KENDUPUT,13
Koraput,BOIPARIGUDA,KATHAPADA,MANTRIAMBA,23
Koraput,BOIPARIGUDA,KATHAPADA,MANTRIAMBA(KHARIBED A),42
Koraput,BOIPARIGUDA,KATHAPADA,MUNDIGUDA,16
Koraput,BOIPARIGUDA,KATHAPADA,MUSHA PADAR,23
Koraput,BOIPARIGUDA,KATHAPADA,NUAGUDA,10
Koraput,BOIPARIGUDA,KATHAPADA,PADEIGUDA,9
Koraput,BOIPARIGUDA,KATHAPADA,PANDIGUDA,8
Koraput,BOIPARIGUDA,KATHAPADA,RAJAMUNDA,26
Koraput,BOIPARIGUDA,KATHAPADA,SARUJOBA,8
Koraput,BOIPARIGUDA,KATHAPADA,SILMAL,34
Koraput,BOIPARIGUDA,KENDUGUDA,KADAMGUDA,19
Koraput,BOIPARIGUDA,KENDUGUDA,KENDUPADA,4
Koraput,BOIPARIGUDA,KENDUGUDA,KHARAGUDA,20
Koraput,BOIPARIGUDA,KENDUGUDA,M.BHALUGUDA,12
Koraput,BOIPARIGUDA,KENDUGUDA,NANDANMAL,5
Koraput,BOIPARIGUDA,KOLLAR,BALIA PADAR,15
Koraput,BOIPARIGUDA,KOLLAR,BHALUBEDA,29
Koraput,BOIPARIGUDA,KOLLAR,BHALUGUDA,17
Koraput,BOIPARIGUDA,KOLLAR,CHAMPIA GUDA,16
Koraput,BOIPARIGUDA,KOLLAR,HATIPAKHNA,47
Koraput,BOIPARIGUDA,KOLLAR,JABIA GUDA,11
Koraput,BOIPARIGUDA,KOLLAR,JATIAGUDA,11
Koraput,BOIPARIGUDA,KOLLAR,JHALIAGUDA,5
Koraput,BOIPARIGUDA,KOLLAR,KARLIAGUDA,21
Koraput,BOIPARIGUDA,KOLLAR,KASAMGUDA,6
Koraput,BOIPARIGUDA,KOLLAR,KEBADA ATALA,8
Koraput,BOIPARIGUDA,KOLLAR,KEBEDA ATAL,14
Koraput,BOIPARIGUDA,KOLLAR,KUPULIGUDA,12
Koraput,BOIPARIGUDA,KOLLAR,MUDULIGUDA,30
Koraput,BOIPARIGUDA,KOLLAR,MUDULIGUDA (BADA ATAL),6
Koraput,BOIPARIGUDA,KOLLAR,NANGAL PAKHNA,4
Koraput,BOIPARIGUDA,KOLLAR,NISHANGUDA,27
Koraput,BOIPARIGUDA,KOLLAR,PARAJA ATALA,15
Koraput,BOIPARIGUDA,KOLLAR,PATIAPADAR,23
Koraput,BOIPARIGUDA,KOLLAR,PUKI BAGHRA,4
Koraput,BOIPARIGUDA,KOLLAR,PURNAPANI (PATIA PADAR),6
Koraput,BOIPARIGUDA,KOLLAR,RATAKHANDI GUDA,6
Koraput,BOIPARIGUDA,KOLLAR,RENGALGUDA,19
Koraput,BOIPARIGUDA,KOLLAR,TAPAJODI,10
Koraput,BOIPARIGUDA,MAJHIGUDA,ANLABHATTA,11
Koraput,BOIPARIGUDA,MAJHIGUDA,BHALIA PADAR,6
Koraput,BOIPARIGUDA,MAJHIGUDA,BHATIGUDA,4
Koraput,BOIPARIGUDA,MAJHIGUDA,BHATIPADA,16
Koraput,BOIPARIGUDA,MAJHIGUDA,BIJAPADAR,3
Koraput,BOIPARIGUDA,MAJHIGUDA,BOMEL,34
Koraput,BOIPARIGUDA,MAJHIGUDA,GHADADABA,17
Koraput,BOIPARIGUDA,MAJHIGUDA,KATRAGUDA,5
Koraput,BOIPARIGUDA,MAJHIGUDA,KHEMABEDA,10
Koraput,BOIPARIGUDA,MAJHIGUDA,KHEMABEDA (BHATIGUDA),31
Koraput,BOIPARIGUDA,MAJHIGUDA,KHEMABEDA (KATRAGUDA),85
Koraput,BOIPARIGUDA,MAJHIGUDA,KOSHA PAKHNA (KHEMABEDA),6
Koraput,BOIPARIGUDA,MAJHIGUDA,LAXMIGUDA,1
Koraput,BOIPARIGUDA,MAJHIGUDA,MAJHIGUDA,3
Koraput,BOIPARIGUDA,MAJHIGUDA,MANKIDI,36
Koraput,BOIPARIGUDA,MAJHIGUDA,NAGIAGUDA (KHEMABEDA),7
Koraput,BOIPARIGUDA,MAJHIGUDA,RANGINIGUDA,5
Koraput,BOIPARIGUDA,MAJHIGUDA,RANGINIGUDA (KHEMABEDA),13
Koraput,BOIPARIGUDA,MAJHIGUDA,SARGIGUDA (KHEMABEDA),12
Koraput,BOIPARIGUDA,MAJHIGUDA,TATAPADA,89
Koraput,BOIPARIGUDA,MAJHIGUDA,THOKAL,33
Koraput,BOIPARIGUDA,MASIGAON,KUMARGUDA,33
Koraput,BOIPARIGUDA,MOHULI,GUNJI,57
Koraput,BOIPARIGUDA,MOHULI,KHANDIGUDA,22
Koraput,BOIPARIGUDA,MOHULI,KUMBHIGUDA,8
Koraput,BOIPARIGUDA,MOHULI,LENJA,18
Koraput,BOIPARIGUDA,MOHULI,MESHUGUDA,7
Koraput,BOIPARIGUDA,MOHULI,MOHULI,2
Koraput,BOIPARIGUDA,MOHULI,PARALA,42
Koraput,BOIPARIGUDA,MOHULI,TALA GUNJI,8
Koraput,BOIPARIGUDA,MOHULI,UMURIAGUDA,5
Koraput,BOIPARIGUDA,MOHULI,UPPER GUNJI,6
Koraput,BOIPARIGUDA,RAMGIRI,AMBAGANDHALI,29
Koraput,BOIPARIGUDA,RAMGIRI,ATALGUDA,9
Koraput,BOIPARIGUDA,RAMGIRI,BADAGUDA,9
Koraput,BOIPARIGUDA,RAMGIRI,BADAPADA,22
Koraput,BOIPARIGUDA,RAMGIRI,BADINIPABILI,27
Koraput,BOIPARIGUDA,RAMGIRI,BAGHDULA,21
Koraput,BOIPARIGUDA,RAMGIRI,BAGHJHOLA,3
Koraput,BOIPARIGUDA,RAMGIRI,CHADIAGUDA,1
Koraput,BOIPARIGUDA,RAMGIRI,CHAMILIKUNDA,26
Koraput,BOIPARIGUDA,RAMGIRI,CHILIPAJODI,11
Koraput,BOIPARIGUDA,RAMGIRI,DANDAKHAL,38
Koraput,BOIPARIGUDA,RAMGIRI,DHOBA ATALA,34
Koraput,BOIPARIGUDA,RAMGIRI,GADABAGUDA,1
Koraput,BOIPARIGUDA,RAMGIRI,GADHABA GUDA,27
Koraput,BOIPARIGUDA,RAMGIRI,GAYAL KUNDA,27
Koraput,BOIPARIGUDA,RAMGIRI,GELAGUDA,23
Koraput,BOIPARIGUDA,RAMGIRI,GIRILI MALIGUDA,9
Koraput,BOIPARIGUDA,RAMGIRI,HATIBARI,16
Koraput,BOIPARIGUDA,RAMGIRI,HATIPAKHNA,25
Koraput,BOIPARIGUDA,RAMGIRI,KALIAJHOLI,2
Koraput,BOIPARIGUDA,RAMGIRI,KAUDIAGUDA,31
Koraput,BOIPARIGUDA,RAMGIRI,KERAATALA,36
Koraput,BOIPARIGUDA,RAMGIRI,KHAIRA PADAR,8
Koraput,BOIPARIGUDA,RAMGIRI,KHAJURI PADAR,8
Koraput,BOIPARIGUDA,RAMGIRI,KOLATHGHAT,12
Koraput,BOIPARIGUDA,RAMGIRI,KUAGANDHALI,6
Koraput,BOIPARIGUDA,RAMGIRI,KUMBHIKHARI,6
Koraput,BOIPARIGUDA,RAMGIRI,MACHAGUDA,5
Koraput,BOIPARIGUDA,RAMGIRI,MALIGUDA,7
Koraput,BOIPARIGUDA,RAMGIRI,MANDIAJHARAN,66
Koraput,BOIPARIGUDA,RAMGIRI,MATIKHAL GUDA,6
Koraput,BOIPARIGUDA,RAMGIRI,NUAGUDA,43
Koraput,BOIPARIGUDA,RAMGIRI,PUJARIPUT,31
Koraput,BOIPARIGUDA,SIRIBEDA,KOLLAR,1
Koraput,BOIPARIGUDA,TANGINIGUDA,KATANIPABILI,21
Koraput,BOIPARIGUDA,TENTULIGUMMA,MATIGUDA,40
Koraput,BOIPARIGUDA,TENTULIGUMMA,TENTULIGUMMA,81
Koraput,BOIPARIGUDA,TENTULIGUMMA,TENTULIGUMMA (BHEJINIGUDA),20
Koraput,BORIGUMA,AAUNLI,AAUNLI,1
Koraput,BORIGUMA,AAUNLI,GIRLIGUDA,1
Koraput,BORIGUMA,AAUNLI,LITIMAJHIA,11
Koraput,BORIGUMA,ANCHALA,ANCHALA,1
Koraput,BORIGUMA,B.SHINGHPUR,B.SINGHPUR,1
Koraput,BORIGUMA,B.SHINGHPUR,KHUNTIAMALA,3
Koraput,BORIGUMA,B.SHINGHPUR,PARLIAGUDA,2
Koraput,BORIGUMA,B.SHINGHPUR,PODAPADAR,22
Koraput,BORIGUMA,BENAGAON,CHANDALGUDA,15
Koraput,BORIGUMA,BENAGAON,SANTOSHPUR,4
Koraput,BORIGUMA,BENASUR,TURKAGUDA,7
Koraput,BORIGUMA,BIJAPUR,AMBTAGUDA,2
Koraput,BORIGUMA,BIJAPUR,BANDIGUDA,2
Koraput,BORIGUMA,BIJAPUR,DENGAGUDA,6
Koraput,BORIGUMA,BIJAPUR,OLD JANIGUDA,4
Koraput,BORIGUMA,BODIGAON,BANDIGUDA,1
Koraput,BORIGUMA,BODIGAON,BHITARABADI,21
Koraput,BORIGUMA,BODIGAON,BODIGAON,27
Koraput,BORIGUMA,BODIGAON,HATHIPAKHNAGUDA,6
Koraput,BORIGUMA,BODIGAON,MANDIABANDHA,3
Koraput,BORIGUMA,BODIGAON,PHATAMUNDAGUDA,15
Koraput,BORIGUMA,BORIGUMMA,BORIGUMMA,3
Koraput,BORIGUMA,BORIGUMMA,JHILIMILI,2
Koraput,BORIGUMA,CHAMPAPADAR,CHAMPAPADAR,1
Koraput,BORIGUMA,CHAMPAPADAR,GHODADABA,19
Koraput,BORIGUMA,CHAMPAPADAR,KATHARAGADA,1
Koraput,BORIGUMA,CHAMPAPADAR,MASIPADAR,49
Koraput,BORIGUMA,CHAMPIA,MALADA,1
Koraput,BORIGUMA,DENGAPADAR,BADAPARIA,14
Koraput,BORIGUMA,DENGAPADAR,DENGAPADAR,1
Koraput,BORIGUMA,DENGAPADAR,SAMARATHAGUDA,1
Koraput,BORIGUMA,DENGAPADAR,SANKARADA,1
Koraput,BORIGUMA,GUJUNIGUDA,GUJINIGUDA,7
Koraput,BORIGUMA,GUJUNIGUDA,SANKARADA,1
Koraput,BORIGUMA,GUMUDA,BHUMIAGUDA,7
Koraput,BORIGUMA,GUMUDA,SANKARADA,1
Koraput,BORIGUMA,HARDALI,DUMARAJODI,2
Koraput,BORIGUMA,HARDALI,HARDALI,69
Koraput,BORIGUMA,HARIDAGUDA,BHALUMAHAL,6
Koraput,BORIGUMA,HARIDAGUDA,DHOBAPADAR,23
Koraput,BORIGUMA,HARIDAGUDA,HARADAGUDA,21
Koraput,BORIGUMA,HARIDAGUDA,HARIDAGUDA,1
Koraput,BORIGUMA,HARIDAGUDA,JHOLAGUDA,2
Koraput,BORIGUMA,HARIDAGUDA,KARATASHA,1
Koraput,BORIGUMA,HARIDAGUDA,LATHIKATAR,8
Koraput,BORIGUMA,HARIDAGUDA,MALIGUDA,64
Koraput,BORIGUMA,HARIDAGUDA,PATARANGANI,16
Koraput,BORIGUMA,HARIDAGUDA,PATIASIL,39
Koraput,BORIGUMA,HARIDAGUDA,RASIPADAR,4
Koraput,BORIGUMA,HARIDAGUDA,RUNIPADAR,2
Koraput,BORIGUMA,HARIDAGUDA,SANKARADA,1
Koraput,BORIGUMA,HARIDAGUDA,SIUNAPADAR,10
Koraput,BORIGUMA,JAYANTIGIRI,MALDA,9
Koraput,BORIGUMA,JUJHARI,KANEIJUBA,1
Koraput,BORIGUMA,KAMARA,KAMRA,13
Koraput,BORIGUMA,KAMARA,KHATULUGUDA,1
Koraput,BORIGUMA,KASHAGAON,RAUNLIGUDA,1
Koraput,BORIGUMA,KASHAGUDA,RAUNLIGUDA,1
Koraput,BORIGUMA,KATHARAGADA,KATHARAGADA,7
Koraput,BORIGUMA,KATHARAGADA,MANKIDIATALA,8
Koraput,BORIGUMA,KATHARAGADA,PAKHNAGUDA,10
Koraput,BORIGUMA,KATHARAGADA,RAJAPUT,4
Koraput,BORIGUMA,KONAGAON,KONAGAON,2
Koraput,BORIGUMA,KUMULI,KHANGARAGUDA,12
Koraput,BORIGUMA,KUMULI,PARAJAPATRAPUT,8
Koraput,BORIGUMA,MALDA,BADA MOULI,3
Koraput,BORIGUMA,MALDA,CHAMPIA,10
Koraput,BORIGUMA,MALDA,MALDA,3
Koraput,BORIGUMA,MALDA,MAULI,28
Koraput,BORIGUMA,MALDA,NANDARALA,9
Koraput,BORIGUMA,MALDA,TARAGAON,13
Koraput,BORIGUMA,MASIPADAR,MASIPADAR,2
Koraput,BORIGUMA,MUNJA,BADAINDANPUR,39
Koraput,BORIGUMA,MUNJA,KUTRAGUDA,16
Koraput,BORIGUMA,MUNJA,SANAINDHANPUR,3
Koraput,BORIGUMA,NARIGAM,KIRAMGUDA,4
Koraput,BORIGUMA,NARIGAM,NARIGAON,4
Koraput,BORIGUMA,NARIGAM,RAMPATRA PUT,1
Koraput,BORIGUMA,PUJARIPUT,CHATTARLA,13
Koraput,BORIGUMA,RANASPUR,CHANDALGUDA,2
Koraput,BORIGUMA,RANASPUR,DUMURIPADAR,14
Koraput,BORIGUMA,RANASPUR,JADAPUT,1
Koraput,BORIGUMA,RANASPUR,JAMJHOLA,1
Koraput,BORIGUMA,RANASPUR,JHAMPARAPADAR,10
Koraput,BORIGUMA,RANASPUR,MUDULIGUDA,7
Koraput,BORIGUMA,RANASPUR,RAMGUDA,3
Koraput,BORIGUMA,RANASPUR,RANASPUR,18
Koraput,BORIGUMA,RANASPUR,RANIGADA,8
Koraput,BORIGUMA,RANASPUR,SANGUDORA,6
Koraput,BORIGUMA,RANASPUR,SARGI PADAR,1
Koraput,BORIGUMA,RANASPUR,TANGINIKOT,11
Koraput,BORIGUMA,RANASPUR,TINGIRIPUT,7
Koraput,BORIGUMA,SANAPARIA,BAJENIKONADI,6
Koraput,BORIGUMA,SANAPARIA,BUKUBANDHA,1
Koraput,BORIGUMA,SANAPARIA,CHATARLA,3
Koraput,BORIGUMA,SARAGIGUDA,BADA DUBULI,2
Koraput,BORIGUMA,SARAGIGUDA,BADADUBULI,2
Koraput,BORIGUMA,SOSAHANDI,DUDUSAPALA,23
Koraput,BORIGUMA,SOSAHANDI,GADIGAON,12
Koraput,DASAMANTPUR,CHANABADA,GIRLIPUT,25
Koraput,DASAMANTPUR,CHANABADA,JODIPAI,74
Koraput,DASAMANTPUR,CHANABADA,K. BEDAPADAR,90
Koraput,DASAMANTPUR,CHANABADA,S. DANDABAD,89
Koraput,DASAMANTPUR,CHIKAMBA,BONASIL,27
Koraput,DASAMANTPUR,CHIKAMBA,CHIKAMBA,9
Koraput,DASAMANTPUR,CHIKAMBA,TALAGADALA,15
Koraput,DASAMANTPUR,CHIKAMBA,TUNKHAL,20
Koraput,DASAMANTPUR,CHIKAMBO,BANASIL,44
Koraput,DASAMANTPUR,CHIKAMBO,DAKAMARA,72
Koraput,DASAMANTPUR,CHIKAMBO,GUNAR,49
Koraput,DASAMANTPUR,CHIKAMBO,PIRIMACHI,45
Koraput,DASAMANTPUR,CHIKAMBO,TALAGADALA,86
Koraput,DASAMANTPUR,CHIKAMBO,UPPERGADALA,93
Koraput,DASAMANTPUR,DASAMANTAPUR,DURKAGAUDA,15
Koraput,DASAMANTPUR,DUARASUNI,BODAPINDAPADAR,18
Koraput,DASAMANTPUR,DUAROSUNI,KUKUDAKOTA,10
Koraput,DASAMANTPUR,DUARSUNI,AMBAGUDA,39
Koraput,DASAMANTPUR,DUARSUNI,HIRUGUDA,16
Koraput,DASAMANTPUR,DUMBAGUDA,BHANDISIL,35
Koraput,DASAMANTPUR,DUMBAGUDA,BHITARABAGRI,42
Koraput,DASAMANTPUR,DUMBAGUDA,BODABAGRI,84
Koraput,DASAMANTPUR,DUMBAGUDA,HATIMUNDA,12
Koraput,DASAMANTPUR,DUMBAGUDA,KALIAMBA,31
Koraput,DASAMANTPUR,GIRLIGUMA,GIRLI,116
Koraput,DASAMANTPUR,GIRLIGUMA,KIRAMBO,29
Koraput,DASAMANTPUR,GIRLIGUMA,UPPER RATABANDHA,78
Koraput,DASAMANTPUR,GIRLIGUMMA,TIKARPADA,61
Koraput,DASAMANTPUR,GIRLLIGUMMA,BAGHALMATI,43
Koraput,DASAMANTPUR,GIRLLIGUMMA,BANAPADAR,37
Koraput,DASAMANTPUR,GIRLLIGUMMA,GADRI,21
Koraput,DASAMANTPUR,GIRLLIGUMMA,JAMUR,19
Koraput,DASAMANTPUR,GIRLLIGUMMA,KALATI,30
Koraput,DASAMANTPUR,LULLA,KUDALATAL,61
Koraput,DASAMANTPUR,LULLA,TABJAGUDA,52
Koraput,DASAMANTPUR,MUJANGA,BAKADAGUDA,39
Koraput,DASAMANTPUR,MUJANGA,BAUNSAGUDA,6
Koraput,DASAMANTPUR,MUJANGA,KONKADAPUT,82
Koraput,DASAMANTPUR,MURKAR,KUNTESH ( TOTAGUDA ),30
Koraput,DASAMANTPUR,MURKAR,KUSUMPUT,20
Koraput,DASAMANTPUR,MURKAR,MUNDAJHOLA,66
Koraput,DASAMANTPUR,MURKAR,MURKAR,68
Koraput,DASAMANTPUR,MURKAR,MURKARA,46
Koraput,DASAMANTPUR,MURKAR,NARASINGAGUDA,27
Koraput,DASAMANTPUR,MURKAR,NARAYANGUDA,24
Koraput,DASAMANTPUR,MURKAR,OUTDORA,56
Koraput,DASAMANTPUR,MURKAR,PANASGUDA,18
Koraput,DASAMANTPUR,MURKAR,POJHAR,74
Koraput,DASAMANTPUR,MURKAR,SEMILIGUDA,17
Koraput,DASAMANTPUR,MURKAR,TAMKIAGUDA,22
Koraput,DASAMANTPUR,MURKAR,TIKARPADA,47
Koraput,DASAMANTPUR,PADAGADA,NARANGA,25
Koraput,DASAMANTPUR,PAIKOPHULABEDA,HATIMUNDA,27
Koraput,DASAMANTPUR,PAIKOPHULABEDA,KOCHAGUDA,19
Koraput,DASAMANTPUR,PINDAPADAR,BARAGACHA,46
Koraput,DASAMANTPUR,PINDAPADAR,NAKHIMAL,88
Koraput,DASAMANTPUR,PINDAPADAR,P. BIRIGHAT,84
Koraput,DASAMANTPUR,PINDAPADARA,CHINDRIJHODI,33
Koraput,DASAMANTPUR,PINDAPADARA,KUDIKIPADARA,17
Koraput,DASAMANTPUR,PODAGADA,NARANGA,21
Koraput,DASAMANTPUR,PODAGADA,PURIMUNDA,14
Koraput,DASAMANTPUR,PORAJABEDAPADAR,CHIMIRAGUDA,28
Koraput,DASAMANTPUR,POROJABEDAPADAR,TOTAGUDA,49
Koraput,DASAMANTPUR,PRAJABEDAPADAR,RAHIAMBO,8
Koraput,JEYPORE,ANTA,ANANTA,7
Koraput,JEYPORE,ANTA,PRASANPUT,11
Koraput,JEYPORE,ANTA,SUNARIGUDA,3
Koraput,JEYPORE,BADAJIUNA,BADAJIUNA,4
Koraput,JEYPORE,BADAJIUNA,BADAJUNA,1
Koraput,JEYPORE,BADAJIUNA,DAHARANAHANDI,1
Koraput,JEYPORE,BADAJIUNA,SALAPA,7
Koraput,JEYPORE,BADINIPUT,B.MALIGUDA,24
Koraput,JEYPORE,BADINIPUT,GADALABADI,18
Koraput,JEYPORE,BADINIPUT,MAHULABHATTA,24
Koraput,JEYPORE,BARINIPUT,BDIGUDA,16
Koraput,JEYPORE,BARINIPUT,BODIGUDA,2
Koraput,JEYPORE,BARINIPUT,GADALABADI,8
Koraput,JEYPORE,BARINIPUT,GADIGUDA,6
Koraput,JEYPORE,BARINIPUT,LACHAMIPADAR(BALIJODI ),14
Koraput,JEYPORE,BARINIPUT,LATHIGUDA,23
Koraput,JEYPORE,BIJAPUR,AMBTAGUDA,2
Koraput,JEYPORE,BORIGUMMA,BORIGUMMA,3
Koraput,JEYPORE,DONGARCHINCHI,KONJEI(MALIGUDA),2
Koraput,JEYPORE,GADAPADAR,GADAPADAR,11
Koraput,JEYPORE,GUNJIGUDA,KANHUGUDA,2
Koraput,JEYPORE,HADIA,BHATRA,4
Koraput,JEYPORE,HADIA,PADUGUDA,4
Koraput,JEYPORE,HADIA,PUTURA,10
Koraput,JEYPORE,HADIA,SINDHIGAM,2
Koraput,JEYPORE,HADIA,SIRAGUDA,1
Koraput,JEYPORE,JAMUNDA,BADAPADA,1
Koraput,JEYPORE,JAMUNDA,CHIKIMA,6
Koraput,JEYPORE,JAMUNDA,JAREIKORA,7
Koraput,JEYPORE,JAMUNDA,KANKADAGUDA,6
Koraput,JEYPORE,JAYANTIGIRI,HADAPA,3
Koraput,JEYPORE,JAYANTIGIRI,PERAHANDI,7
Koraput,JEYPORE,KEBIDI,B.J PUR,2
Koraput,JEYPORE,KEBIDI,B.J.PUR,2
Koraput,JEYPORE,KONGA,PUJARIGUDA,11
Koraput,JEYPORE,RANDAPALI,DANGARKORACHI,1
Koraput,JEYPORE,RANDAPALI,KANDAPUT,2
Koraput,JEYPORE,RANDAPALI,PAKHNADULA(BORIPUT),2
Koraput,JEYPORE,RANDAPALI,RAMGADA(KENDUGUDA),3
Koraput,JEYPORE,RANDAPALI,RANDAPALI,1
Koraput,JEYPORE,RANDAPALI,SANKAUDI,12
Koraput,JEYPORE,RANDAPALLI,RAMGAD,37
Koraput,JEYPORE,TANKUA,BADALIGUDA,6
Koraput,JEYPORE,TANKUA,BEDAGUDA,9
Koraput,JEYPORE,TANKUA,DOLI AMBAGUDA,1
Koraput,JEYPORE,TANKUA,DUMURIPADAR,1
Koraput,JEYPORE,TANKUA,HARISCHANDRAGUDA,1
Koraput,JEYPORE,TANKUA,MAHALYAPUT,5
Koraput,JEYPORE,TANKUA,NUAGUDA,10
Koraput,JEYPORE,TANKUA,PADAPADAR,13
Koraput,JEYPORE,TANKUA,PADAPADAR(BEDAGUDA),3
Koraput,JEYPORE,TANKUA,PANASPUT BAGRA,49
Koraput,JEYPORE,TANKUA,PANASPUT BAGRA(BEDAGUDA),1
Koraput,JEYPORE,TANKUA,PANASPUT BAGRA(PODAPADAR),4
Koraput,JEYPORE,TANKUA,PANASPUT BAGRA(POPDAPADAR)),1
Koraput,JEYPORE,TANKUA,PANASPUT BAGRA(T.SANGANAGUDA) ),3
Koraput,JEYPORE,TANKUA,PANASPUT BANRA(CHAMIAGUDA),3
Koraput,JEYPORE,TANKUA,PANASPUTBAGRA,5
Koraput,JEYPORE,UMURI,HATIBARIGUDA,18
Koraput,KORAPUT,BADA KERANGA,NUA KERANGA,39
Koraput,KORAPUT,BADA KERENGA,PURUNA PUKI,29
Koraput,KORAPUT,BADASUKU,KALCHURU,10
Koraput,KORAPUT,DUMURIPADAR,DENGAGUDA,12
Koraput,KORAPUT,DUMURIPADAR,DENGANAGUDA,4
Koraput,KORAPUT,DUMURIPADAR,DUMURIPADAR,3
Koraput,KORAPUT,DUMURIPADAR,GUNJIGUDA,44
Koraput,KORAPUT,DUMURIPADAR,HATIMUNDA,20
Koraput,KORAPUT,DUMURIPADAR,JHANJANAGUDA,21
Koraput,KORAPUT,DUMURIPADAR,JHANJHANAGUDA,3
Koraput,KORAPUT,DUMURIPADAR,KALABARI,17
Koraput,KORAPUT,DUMURIPADAR,KHAGADORA,68
Koraput,KORAPUT,DUMURIPADAR,PENDAJAM,25
Koraput,KORAPUT,DUMURIPADAR,TENTULIGUDA,40
Koraput,KORAPUT,KENDAR,BAGRA,26
Koraput,KORAPUT,KENDAR,BALIPETAGUDA,13
Koraput,KORAPUT,KENDAR,BANDAKATRA,8
Koraput,KORAPUT,KENDAR,BONDAKOTRA,6
Koraput,KORAPUT,KENDAR,DAKRA,61
Koraput,KORAPUT,KENDAR,DAYANIDHIGUDA,27
Koraput,KORAPUT,KENDAR,GIRLIPUT,1
Koraput,KORAPUT,KENDAR,KENDAR,9
Koraput,KORAPUT,KENDAR,KHARIGUDA,51
Koraput,KORAPUT,KENDAR,UPPER MANGRA,12
Koraput,KORAPUT,LANKAPUT,GULELPUT,21
Koraput,KORAPUT,LANKAPUT,SEMALA,3
Koraput,KORAPUT,LILIGUDA,BHEJAPUT,125
Koraput,KORAPUT,LITIGUDA,AMBAGUDA,10
Koraput,KORAPUT,LITIGUDA,ARIPUTRAGHATI,24
Koraput,KORAPUT,LITIGUDA,BHALUGUDA,53
Koraput,KORAPUT,LITIGUDA,JHODIGUDA,60
Koraput,KORAPUT,LITIGUDA,K. PUTRAGHATI,40
Koraput,KORAPUT,LITIGUDA,KARIDIGUDA,36
Koraput,KORAPUT,LITIGUDA,LACHHAMANI,78
Koraput,KORAPUT,LITIGUDA,LITIGUDA,32
Koraput,KORAPUT,MAHADEIPUT,AKDELI,6
Koraput,KORAPUT,MAHADEIPUT,LALGUDA,83
Koraput,KORAPUT,MAHADEIPUT,LITIGUDA,8
Koraput,KORAPUT,MAHADEIPUT,PANASPUT,9
Koraput,KORAPUT,MAHADEIPUT,PUTTAPANDI,11
Koraput,KORAPUT,MASTIPUT,BAGRAGUDA,12
Koraput,KORAPUT,MASTIPUT,DANGARI,31
Koraput,KORAPUT,MASTIPUT,JANIGUDA,31
Koraput,KORAPUT,MASTIPUT,TOTAAMBAGUDA,41
Koraput,KORAPUT,MATHALPUT,HATIMUNDA,12
Koraput,KORAPUT,MATHALPUT,JHOLAGUDA,15
Koraput,KORAPUT,MATHALPUT,KURMULI,9
Koraput,KORAPUT,PADMAPUR,PANASPUT,19
Koraput,KORAPUT,SUKU,PARAJAMUNDAR,39
Koraput,KORAPUT,SUKU,PITEI,6
Koraput,KORAPUT,SUKU,TIADIPUT,6
Koraput,KOTPAD,BABEYA,CHILIGUDA,5
Koraput,KOTPAD,BABEYA,EKAMBA,12
Koraput,KOTPAD,BABEYA,EKOMBA,6
Koraput,KOTPAD,BABEYA,MOHANTIPUT,7
Koraput,KOTPAD,BABEYA,PHUPUGAM,5
Koraput,KOTPAD,BANSULI,BHANSULI,5
Koraput,KOTPAD,BANSULI,DEOURLI,5
Koraput,KOTPAD,BANSULI,DUMAJODI,13
Koraput,KOTPAD,CHANDILI,PIRINJI,33
Koraput,KOTPAD,CHATARLA,CHATTARLA,68
Koraput,KOTPAD,CHATARLA,CHATTARLA (J.GUDA),1
Koraput,KOTPAD,CHATARLA,CHATTARLA (NUAGUDA),23
Koraput,KOTPAD,CHATARLA,CHATTARLA (R.GUDA),2
Koraput,KOTPAD,CHATARLA,CHATTARLA (SIRAGUDA),2
Koraput,KOTPAD,CHATARLA,DUMAJODI,51
Koraput,KOTPAD,CHITRA,CHITRA,102
Koraput,KOTPAD,CHITRA,KALIAGUDA,2
Koraput,KOTPAD,CHITRA,MAKAPUT,33
Koraput,KOTPAD,DHAMNAHANDI,BHURUSI,4
Koraput,KOTPAD,DHAMNAHANDI,BHUSRUSI,2
Koraput,KOTPAD,DHAMNAHANDI,KUHUDIGAM,29
Koraput,KOTPAD,DHAMNAHANDI,POCHIA,8
Koraput,KOTPAD,GHUMAR,GHUMAR,67
Koraput,KOTPAD,GHUMAR,HARDALI,16
Koraput,KOTPAD,GHUMAR,NEHERUPALLI,11
Koraput,KOTPAD,GIRLA,DHANPUR,4
Koraput,KOTPAD,GIRLA,GIRLA,15
Koraput,KOTPAD,GUALI,BANIA,8
Koraput,KOTPAD,GUMUDA,BASULI,13
Koraput,KOTPAD,KUSUMI,BIJARAPALI,3
Koraput,KOTPAD,KUSUMI,KONDAGUDA,16
Koraput,KOTPAD,KUSUMI,MUNDIPADAR,5
Koraput,KOTPAD,MURTAHANDI,AMBAGAM,19
Koraput,KOTPAD,MURTAHANDI,BANDHA GUDA,1
Koraput,KOTPAD,MURTAHANDI,BANDHAGUDA,6
Koraput,KOTPAD,MURTAHANDI,MALCHAMAL,13
Koraput,KOTPAD,MURTAHANDI,SAHANIMUNDA,45
Koraput,KOTPAD,NUAGAM,KUMAHANDI,1
Koraput,KOTPAD,NUAGAM,SANDHAGAM,9
Koraput,KOTPAD,S.B. NUAGAM,KHADAGPUR,8
Koraput,KOTPAD,SADRANGA,BARANDI,23
Koraput,KOTPAD,SADRANGA,BELGAM,15
Koraput,KOTPAD,SADRANGA,BELGAON,40
Koraput,KOTPAD,SADRANGA,JAMGUDA,11
Koraput,KOTPAD,SADRANGA,MAJHIGUDA (SADARANGA),40
Koraput,KOTPAD,SADRANGA,SIRISI,41
Koraput,KOTPAD,SANPARIA,AMTA,9
Koraput,KOTPAD,SANPARIA,BUKUBANDHA,5
Koraput,KOTPAD,SARGIGUDA,ANDIRAMUNDA,33
Koraput,KOTPAD,SARGIGUDA,BIRAHANDI,28
Koraput,KOTPAD,SARGIGUDA,MIRIGUDA,10
Koraput,KOTPAD,SARGIGUDA,PATHANGUDA,7
Koraput,KOTPAD,SARGIGUDA,SARGIGUDA,4
Koraput,KUNDRA,ASANA,ASANA,2
Koraput,KUNDRA,ASANA,BANGALGUDA,7
Koraput,KUNDRA,ASANA,BHATAPANI,7
Koraput,KUNDRA,ASANA,BISIBETA,6
Koraput,KUNDRA,ASANA,BRAHMANIPADAR,2
Koraput,KUNDRA,ASANA,DUDHABEDA,1
Koraput,KUNDRA,ASANA,DUDUMAPADAR,7
Koraput,KUNDRA,ASANA,GALIPUDA,1
Koraput,KUNDRA,ASANA,GANDHIGUDA,6
Koraput,KUNDRA,ASANA,GHIURIAGUDA,2
Koraput,KUNDRA,ASANA,KADALMUNDA,4
Koraput,KUNDRA,ASANA,KANDHAJODI,3
Koraput,KUNDRA,ASANA,KAU JHARAN,9
Koraput,KUNDRA,ASANA,PHULBATA,2
Koraput,KUNDRA,ASANA,SIRAGUDA,7
Koraput,KUNDRA,ASANA,UDULGUDA,44
Koraput,KUNDRA,BAGDERI,BAGDERI,73
Koraput,KUNDRA,BAGDERI,BALIBEDA,3
Koraput,KUNDRA,BAGDERI,BUDAGUDA,3
Koraput,KUNDRA,BAGDERI,DANGARAPALLI,29
Koraput,KUNDRA,BAGDERI,DISARIGUDA,1
Koraput,KUNDRA,BAGDERI,GHADANGAGUDA,4
Koraput,KUNDRA,BAGDERI,KANAGUDA,14
Koraput,KUNDRA,BAGDERI,KANTHAPADAR,17
Koraput,KUNDRA,BAGDERI,KAPUGUDA,1
Koraput,KUNDRA,BAGDERI,KENDUGUDA,1
Koraput,KUNDRA,BAGDERI,KRUPAKOT,1
Koraput,KUNDRA,BAGDERI,KRUPAKOTE,10
Koraput,KUNDRA,BAGDERI,REXAKONADI,34
Koraput,KUNDRA,BAGDERI,SARALAGUDA,1
Koraput,KUNDRA,BANUAGUDA,GORUSALGUDA,1
Koraput,KUNDRA,BHUSANGGUDA,NAIKARE,3
Koraput,KUNDRA,BHUSANGGUDA,SARGIGUDA,1
Koraput,KUNDRA,DANGARPAUNSI,BEDAPAUNSI,16
Koraput,KUNDRA,DANGARPAUNSI,BHEJAHANDI,1
Koraput,KUNDRA,DANGARPAUNSI,DANGARPAUNSI,4
Koraput,KUNDRA,DANGARPAUNSI,PHUPUGAON,2
Koraput,KUNDRA,DIGAPUR,DIGAPUR,35
Koraput,KUNDRA,DIGAPUR,PRADHANIPUT,5
Koraput,KUNDRA,GHUMAR,GHUMAR,19
Koraput,KUNDRA,KERIMITI,DUDUMAGUDA,6
Koraput,KUNDRA,KERIMITI,GAMAKAPADAR,11
Koraput,KUNDRA,KERIMITI,JABAPADAR,7
Koraput,KUNDRA,KERIMITI,JIRAGUDA,1
Koraput,KUNDRA,KERIMITI,KADALIMUNDA,8
Koraput,KUNDRA,KERIMITI,KANDHAJODI,5
Koraput,KUNDRA,KERIMITI,PADAR SAHI,3
Koraput,KUNDRA,KERIMITI,TUMBAPADAR,13
Koraput,KUNDRA,KUNDRA,BANAGUDA,6
Koraput,KUNDRA,KUNDRA,HERUGUDA,14
Koraput,KUNDRA,KUNDRA,HERUGUDA (KAUDIAGUDA),1
Koraput,KUNDRA,KUNDRA,JIRAGUDA,6
Koraput,KUNDRA,KUNDRA,KAUDIAGUDA,1
Koraput,KUNDRA,KUNDRA,KUNDRA,21
Koraput,KUNDRA,KUNDRA,MANKIDIGUDA,2
Koraput,KUNDRA,KUNDRA,PADAMPUR,2
Koraput,KUNDRA,KUNDRA,PAKHNAGUDA,9
Koraput,KUNDRA,KUNDRA,SAGARGUDA,23
Koraput,KUNDRA,KUNDRA,SAGRAGUDA,1
Koraput,KUNDRA,LIMA,BANDHIAGUDA,1
Koraput,KUNDRA,LIMA,KUSUMGUDA,5
Koraput,KUNDRA,LIMA,PUKIAGUDA,1
Koraput,KUNDRA,MASSIGAON,BARAGAON,5
Koraput,KUNDRA,MASSIGAON,GULURIGUDA,2
Koraput,KUNDRA,MASSIGAON,JHADANGA,40
Koraput,KUNDRA,RANIGUDA,KUMARGUDA,1
Koraput,KUNDRA,RANIGUDA,RANIGUDA,20
Koraput,KUNDRA,RANIGUDA,SARGIGUDA,21
Koraput,LAMTAPUT,BADIGADA,DAKARIPADA,16
Koraput,LAMTAPUT,BADIGADA,DENGASEMILI,32
Koraput,LAMTAPUT,BADIGADA,JAYANTAGIRI,25
Koraput,LAMTAPUT,BADIGADA,KUJAMBA,36
Koraput,LAMTAPUT,BADIGADA,RIDAL,48
Koraput,LAMTAPUT,CHIKENAPUT,GONEL,40
Koraput,LAMTAPUT,CHIKENPUT,DUMURIGUDA,11
Koraput,LAMTAPUT,CHIKENPUT,MANTRIPUT,61
Koraput,LAMTAPUT,CHIKENPUT,MUNDAPUT,46
Koraput,LAMTAPUT,CHIKENPUT,SIKREL,28
Koraput,LAMTAPUT,CHIKENPUT,SURUMEL,13
Koraput,LAMTAPUT,DABUGUDA,CHANDUA,42
Koraput,LAMTAPUT,DABUGUDA,CHARAGUDA,1
Koraput,LAMTAPUT,DABUGUDA,CHATRA,15
Koraput,LAMTAPUT,DABUGUDA,CHUPA,13
Koraput,LAMTAPUT,DABUGUDA,MARDINGPADA,5
Koraput,LAMTAPUT,GODIHANGAR,RAIPADA,93
Koraput,LAMTAPUT,GODIHANJAR,BANDHAPODA,11
Koraput,LAMTAPUT,GUNEIPADA,AMBAPARA,27
Koraput,LAMTAPUT,GUNEIPADA,BAYAPUT,25
Koraput,LAMTAPUT,GUNEIPADA,KHAJURIPUT,40
Koraput,LAMTAPUT,GUNEIPADA,TIKA SEMILI,9
Koraput,LAMTAPUT,GUNEIPODA,LITIPUT,32
Koraput,LAMTAPUT,JALANJAR,ALLANGPADA,6
Koraput,LAMTAPUT,KUMARGANDHANA,HINGAIPUT,20
Koraput,LAMTAPUT,KUMARGANDHANA,KODAMGUDA,27
Koraput,LAMTAPUT,KUMARGANDHANA,MALIKHUDUBI,5
Koraput,LAMTAPUT,KUMARGANDHANA,MUNDAGAD,19
Koraput,LAMTAPUT,MUKHIPUT/JALAHANJAR,ALONGAPADA,11
Koraput,LAMTAPUT,TUSBA,BODAPADA,1
Koraput,LAMTAPUT,TUSBA,KANCHANA,53
Koraput,LAMTAPUT,TUSUBA,AUDIPADA / ALLANGAPADA,3
Koraput,LAMTAPUT,TUSUBA,AUDIPODA,94
Koraput,LAMTAPUT,TUSUBA,BADAPADA,48
Koraput,LAMTAPUT,TUSUBA,MISSINGPUT,9
Koraput,LAXMIPUR,BHITARAGADA,BHITARGADA,1
Koraput,LAXMIPUR,BHITARAGADA,BISARABANDHA,17
Koraput,LAXMIPUR,BHITARAGADA,GANEIPADAR,25
Koraput,LAXMIPUR,BURJA,BANDHIKAR,15
Koraput,LAXMIPUR,BURJA,BANDIKAR,43
Koraput,LAXMIPUR,BURJA,CHILISANKA,29
Koraput,LAXMIPUR,BURJA,LAXMIPUR ( BADASANKHA ),19
Koraput,LAXMIPUR,KUSUMGUDA,KUCHAPAR,23
Koraput,LAXMIPUR,KUSUMGUDA,KURUMULI,38
Koraput,LAXMIPUR,KUSUMGUDA,KUSUMGUDA,27
Koraput,LAXMIPUR,KUTINGA,MINAPAI,72
Koraput,LAXMIPUR,LAXMIPUR,DOLIAMBA,15
Koraput,LAXMIPUR,LAXMIPUR,GHODA TIKIRI,27
Koraput,LAXMIPUR,LAXMIPUR,GHPOADNAA STPIUKTIRI,1
Koraput,LAXMIPUR,LAXMIPUR,KEGEJA,40
Koraput,LAXMIPUR,LAXMIPUR,LAXMIPUR,78
Koraput,LAXMIPUR,LAXMIPUR,NARSIKAIPADAR,46
Koraput,LAXMIPUR,LAXMIPUR,NISAR,24
Koraput,LAXMIPUR,LAXMIPUR,RANJITAGUDA,12
Koraput,LAXMIPUR,LAXMIPUR,RANJITGUDA /,1
Koraput,LAXMIPUR,LAXMIPUR,RPANAJNIATGSUPDUAT /,35
Koraput,LAXMIPUR,ODIAPENTHA,TALAKAIPADAR,75
Koraput,LAXMIPUR,PANCHADA,BAGAIPADAR,73
Koraput,LAXMIPUR,PANCHADA,DENGASILAGUDA,16
Koraput,LAXMIPUR,PANCHADA,JHODIKHENDA,42
Koraput,LAXMIPUR,PANCHADA,JODIKHENDA,56
Koraput,LAXMIPUR,PANCHADA,NUAGUDA,2
Koraput,LAXMIPUR,PIPALPADAR,KEBIDI,96
Koraput,LAXMIPUR,TOYAPUT,CHIKUGUDA,34
Koraput,LAXMIPUR,TOYAPUT,DIASIL,69
Koraput,LAXMIPUR,TOYAPUT,DUMURIPADAR,9
Koraput,LAXMIPUR,TOYAPUT,KONAPADI,6
Koraput,LAXMIPUR,TOYAPUT,PODA SANKUDI,91
Koraput,LAXMIPUR,TOYAPUT,PODASANKUDI,8
Koraput,LAXMIPUR,TOYAPUT,RAISIL,87
Koraput,LAXMIPUR,TOYAPUT,SORISAPADAR,95
Koraput,LAXMIPUR,TOYAPUT,TAYAPUT,19
Koraput,LAXMIPUR,TOYAPUT,USKABHATTA,87
Koraput,LAXMIPUR,TUNPAR,KALIAJHOLA,29
Koraput,LAXMIPUR,TUNPAR,MAHULKANA,8
Koraput,LAXMIPUR,TUNPAR,TIRIGUDA,39
Koraput,LAXMIPUR,UPPER KUTINGA,BALINGI,97
Koraput,LAXMIPUR,UPPER KUTINGA,DHAMANAGONDA,34
Koraput,LAXMIPUR,UPPER KUTINGA,KARLI,78
Koraput,LAXMIPUR,UPPER KUTINGA,PANDAKAPADAR,14
Koraput,LAXMIPUR,UPPER KUTINGA,SAPAMBA,11
Koraput,LAXMIPUR,UPPER KUTINGA,TALA KUTTINGA,90
Koraput,LAXMIPUR,UPPER KUTINGA,UPPER KUTINGA,52
Koraput,NAME OF THE BLOCK,NAME OF THE G.P,NAME OF THE VILLAGE,531
Koraput,NANDAPUR,ATANDA,REDING,11
Koraput,NANDAPUR,ATANDA,SEMILI,41
Koraput,NANDAPUR,BALDA,CHILLAM,19
Koraput,NANDAPUR,BALDA,KHADAPUT,5
Koraput,NANDAPUR,BALDA,KODAPUT,4
Koraput,NANDAPUR,BALDA,LULUBURU,19
Koraput,NANDAPUR,BALDA,PARAJABHIMDOL,31
Koraput,NANDAPUR,BARANGAPALI,BARANGAPALI,44
Koraput,NANDAPUR,BHEJA,KHILAPUT,4
Koraput,NANDAPUR,BHEJA,TAINTAR,46
Koraput,NANDAPUR,CHATUA,MUSAPAR,8
Koraput,NANDAPUR,CHATUA,NARIGAM,40
Koraput,NANDAPUR,KASANDI,BANDAKAPUT,23
Koraput,NANDAPUR,KASANDI,BILAPUT,14
Koraput,NANDAPUR,KASANDI,DEBUGUDA,23
Koraput,NANDAPUR,KHEMUNDUGUDA,BARIAPAKANA,28
Koraput,NANDAPUR,KHEMUNDUGUDA,KHEMUNDUGUDA,8
Koraput,NANDAPUR,KHEMUNDUGUDA,MALIKUMBHARIPUT,14
Koraput,NANDAPUR,KHEMUNDUGUDA,RUKUBA,5
Koraput,NANDAPUR,KHEMUNDUGUDA,SALAB,16
Koraput,NANDAPUR,KHURJI,CHARAMPI,5
Koraput,NANDAPUR,KHURJI,KIRAJHOLA,38
Koraput,NANDAPUR,KHURJI,NANDIGAON,3
Koraput,NANDAPUR,KOSANDI,RETAPUT,33
Koraput,NANDAPUR,KULABIR,DUMURIPUT,11
Koraput,NANDAPUR,KULABIR,TALAGUDA,39
Koraput,NANDAPUR,KULABIRI,BADAHANJAOR,36
Koraput,NANDAPUR,KULABIRI,BNAJALPUT,23
Koraput,NANDAPUR,KULABIRI,MALISUBLAR,55
Koraput,NANDAPUR,NANDAKA,BANDHUGUDA,7
Koraput,NANDAPUR,NANDAKA,CHINTALGUDA,19
Koraput,NANDAPUR,NANDAKA,DOMURIGUDA,21
Koraput,NANDAPUR,NANDAKA,JHANKARGUDA,14
Koraput,NANDAPUR,NANDAKA,NANDAKA,11
Koraput,NANDAPUR,NANDAKA,PANASPUT,11
Koraput,NANDAPUR,NANDAKA,PHONUA,22
Koraput,NANDAPUR,NANDAPUR,BHITARGUDA ( NDP),4
Koraput,NANDAPUR,NANDAPUR,CHITALPUT,1
Koraput,NANDAPUR,NANDAPUR,KAUDIKHAL,5
Koraput,NANDAPUR,NANDAPUR,NANDAPUR,6
Koraput,NANDAPUR,NANDAPUR,SARIAPUT,3
Koraput,NANDAPUR,NANDOKA,HALAI,22
Koraput,NANDAPUR,NANDOKA,KADIKIPADAR,14
Koraput,NANDAPUR,NANDOKA,PANASPUT,44
Koraput,NANDAPUR,NANDOKA,PARAJA BURUDA,22
Koraput,NANDAPUR,NANDOKA,UMAIGANDHI,11
Koraput,NANDAPUR,NONDOKA,BIJAGUDA,9
Koraput,NANDAPUR,PADUA,AMBAPODA,13
Koraput,NANDAPUR,PADUA,GUMIGUDA,8
Koraput,NANDAPUR,PADUA,PADUA,21
Koraput,NANDAPUR,PADWA,AMBAPADA,21
Koraput,NANDAPUR,PADWA,BALIGHAT,17
Koraput,NANDAPUR,PADWA,GUNJIAGUDA,9
Koraput,NANDAPUR,PADWA,KIRAMBO,10
Koraput,NANDAPUR,PADWA,KUKUDAPAKHI,39
Koraput,NANDAPUR,PADWA,SADARAMBO,26
Koraput,NANDAPUR,PADWA,SIRISGUDA,28
Koraput,NANDAPUR,PANTHALUNG,CHAMPAJHADI,19
Koraput,NANDAPUR,PANTHULUNGA,RATULPUT,29
Koraput,NANDAPUR,RAISING,DEBASANDHAGUDA,7
Koraput,NANDAPUR,RAISING,KATRABA,22
Koraput,NANDAPUR,RAISING,KHATALAPUT,7
Koraput,NANDAPUR,RAISING,MANGRAL,30
Koraput,NANDAPUR,RAISING,MULDA,36
Koraput,NARAYANAPATNA,BALIPETA,BEJUGUDA,18
Koraput,NARAYANAPATNA,BALIPETA,BICHALCHUVA,19
Koraput,NARAYANAPATNA,BALIPETA,DANDAPETA,7
Koraput,NARAYANAPATNA,BALIPETA,GOTIGUDA,1
Koraput,NARAYANAPATNA,BALIPETA,JOGIPALURU,12
Koraput,NARAYANAPATNA,BALIPETA,KAMIPADAR,25
Koraput,NARAYANAPATNA,BALIPETA,MASANIMUNDA,4
Koraput,NARAYANAPATNA,BALIPETA,PANABADI,39
Koraput,NARAYANAPATNA,BALIPETA,PHULPADAR,13
Koraput,NARAYANAPATNA,BALIPETA,PILKUR,2
Koraput,NARAYANAPATNA,BALIPETA,RAJIMPADAR,6
Koraput,NARAYANAPATNA,BALIPETA,SOMOJA,13
Koraput,NARAYANAPATNA,BIJAGHATI,BHALUPADAR,8
Koraput,NARAYANAPATNA,BIJAGHATI,BIJAGHATI - B,49
Koraput,NARAYANAPATNA,BIJAGHATI,JHODIPADAR,91
Koraput,NARAYANAPATNA,BIJAGHATI,KALAMGUDA,34
Koraput,NARAYANAPATNA,BIJAGHATI,MUNDAGADATI,68
Koraput,NARAYANAPATNA,BIJAGHATI,RAGAJHODI,6
Koraput,NARAYANAPATNA,BIJAGHATI,TALAGADATI,17
Koraput,NARAYANAPATNA,BIJAGHATI,TOBHAPADAR,42
Koraput,NARAYANAPATNA,BIJAGHATI,UPPER GADATI,36
Koraput,NARAYANAPATNA,BORGI,BASANTAJHOLA,14
Koraput,NARAYANAPATNA,BORGI,BORGI,36
Koraput,NARAYANAPATNA,BORGI,CHINTALGUDA,26
Koraput,NARAYANAPATNA,BORGI,DUGAMA,11
Koraput,NARAYANAPATNA,BORGI,KELUBADI,12
Koraput,NARAYANAPATNA,BORGI,MANGALPUR,34
Koraput,NARAYANAPATNA,BORGI,MONJORIGUDA,17
Koraput,NARAYANAPATNA,BORGI,PEDAITIKI,42
Koraput,NARAYANAPATNA,BORIGI,BORIGI,15
Koraput,NARAYANAPATNA,BORIGI,JAMADAWALASA,46
Koraput,NARAYANAPATNA,BORIGI,KELUBADI,26
Koraput,NARAYANAPATNA,BORIGI,KILIMISI,32
Koraput,NARAYANAPATNA,BORIGI,KONDA BORIGI,41
Koraput,NARAYANAPATNA,BORIGI,MONDAPAI,5
Koraput,NARAYANAPATNA,BORIGI,UPPER LACCHA,63
Koraput,NARAYANAPATNA,KUMBARI,CHINTAGUDA,14
Koraput,NARAYANAPATNA,KUMBARI,PACHINGI,46
Koraput,NARAYANAPATNA,KUMBHARI,BAGAM,14
Koraput,NARAYANAPATNA,KUMBHARI,KANCHANAPADU,54
Koraput,NARAYANAPATNA,KUMBHARI,MANDIAGUDA,29
Koraput,NARAYANAPATNA,KUMBHARI,NARIKHILUA,44
Koraput,NARAYANAPATNA,LANGALABEDA,PANDRIVALASA,4
Koraput,NARAYANAPATNA,LANGALBEDA,BADAKESLA,9
Koraput,NARAYANAPATNA,LANGALBEDA,BADAKESLA-B,7
Koraput,NARAYANAPATNA,LANGALBEDA,BERLA,31
Koraput,NARAYANAPATNA,LANGALBEDA,CHINAKIDIBHADRA,9
Koraput,NARAYANAPATNA,LANGALBEDA,DALAIPETA,7
Koraput,NARAYANAPATNA,LANGALBEDA,HUKUMPETA,14
Koraput,NARAYANAPATNA,LANGALBEDA,KANKANAPUT,10
Koraput,NARAYANAPATNA,LANGALBEDA,KANKANPUT,12
Koraput,NARAYANAPATNA,LANGALBEDA,KASPABALSA,11
Koraput,NARAYANAPATNA,LANGALBEDA,KUKUMPETA,1
Koraput,NARAYANAPATNA,LANGALBEDA,LANGALBEDA,3
Koraput,NARAYANAPATNA,LANGALBEDA,PEDAKHIMINDIBHADRA,18
Koraput,NARAYANAPATNA,LANGALBEDA,PHULBADI,11
Koraput,NARAYANAPATNA,LANGALBEDA,RAIBALSA,8
Koraput,NARAYANAPATNA,LANGALBEDA,RENGA,10
Koraput,NARAYANAPATNA,LANGALBEDA,SEKHRAM,10
Koraput,NARAYANAPATNA,LANGALBEDA,TALAKESHLA,31
Koraput,NARAYANAPATNA,LANGALBEDA,UPPER UDALBADI,8
Koraput,NARAYANAPATNA,NARAYANAPATNA,ALAKAPAI,39
Koraput,NARAYANAPATNA,NARAYANAPATNA,BIKRAMPUR-B,22
Koraput,NARAYANAPATNA,NARAYANAPATNA,JOGIPALURU,49
Koraput,NARAYANAPATNA,NARAYANAPATNA,KHARIKANA,12
Koraput,NARAYANAPATNA,NARAYANAPATNA,NARAYANAPATNA,17
Koraput,NARAYANAPATNA,NARAYANAPATNA,ODIYAPENTHA,9
Koraput,NARAYANAPATNA,NARAYANAPATNA,PALAPUT,7
Koraput,NARAYANAPATNA,NARAYANAPATNA,PANGAPALUR,13
Koraput,NARAYANAPATNA,NARAYANAPATNA,PILIBARI,4
Koraput,NARAYANAPATNA,NARAYANAPATNA,SATIKHAL-B,11
Koraput,NARAYANAPATNA,NARAYANPATNA,AMBAGUDA,13
Koraput,NARAYANAPATNA,NARAYANPATNA,DURGANDAGHATI,4
Koraput,NARAYANAPATNA,NARAYNAPATNA,INDIRA COLONY,11
Koraput,NARAYANAPATNA,PADAPADAR,MANKIDI,14
Koraput,NARAYANAPATNA,PODAPADAR,ARLIKOTA,17
Koraput,NARAYANAPATNA,PODAPADAR,BHALIAPUT,38
Koraput,NARAYANAPATNA,PODAPADAR,MANKIDI,52
Koraput,NARAYANAPATNA,PODAPADAR,SALAPGUDA,10
Koraput,NARAYANAPATNA,PODAPADAR,SUDESI,40
Koraput,NARAYANAPATNA,PODAPADAR,TINGINAPUT,35
Koraput,NARAYANAPATNA,PODAPADAR,UPPER RENGA,24
Koraput,NARAYANAPATNA,PODAPDAR,LOUMALA,39
Koraput,NARAYANAPATNA,PODAPDAR,NAKTIPADAR,28
Koraput,NARAYANAPATNA,PODAPDAR,SALAPGUDA - B,21
Koraput,NARAYANAPATNA,TALAGUMANDHI,CHIKALGUMANDHI,21
Koraput,NARAYANAPATNA,TALAGUMANDHI,TALAGUMANDHI,142
Koraput,NARAYANAPATNA,TALAGUMANDI,BADASIL,26
Koraput,NARAYANAPATNA,TALAGUMANDI,BALA,72
Koraput,NARAYANAPATNA,TALAGUMANDI,KARADIPADAR,69
Koraput,NARAYANAPATNA,TALAGUMANDI,UPPERGUMANDI,32
Koraput,NARAYANAPATNA,TENTULIPADAR,DANGAPAI,1
Koraput,NARAYANAPATNA,TENTULIPADAR,KANAKA,8
Koraput,NARAYANAPATNA,TENTULIPADAR,KARADAPAI,31
Koraput,NARAYANAPATNA,TENTULIPADAR,KUMUDASIL,10
Koraput,NARAYANAPATNA,TENTULIPADAR,KUTUDI,2
Koraput,NARAYANAPATNA,TENTULIPADAR,LAXMIGUDA,2
Koraput,NARAYANAPATNA,TENTULIPADAR,MAHJIAMBA,35
Koraput,NARAYANAPATNA,TENTULIPADAR,MAHJIAMBA-B,45
Koraput,NARAYANAPATNA,TENTULIPADAR,RANGAPANI,75
Koraput,NARAYANAPATNA,TENTULIPADAR,TENTULIPADAR,13
Koraput,POTTANGI,AMBABALI,MARIGUDA,1
Koraput,POTTANGI,AMPABALI,AMPABALI,17
Koraput,POTTANGI,AMPABALI,APALAPADU,1
Koraput,POTTANGI,AMPABALI,BORUGUDA,15
Koraput,POTTANGI,AMPABALI,CHINTALGUDA,3
Koraput,POTTANGI,AMPABALI,ERUKUGUDA,9
Koraput,POTTANGI,AMPABALI,KURLI,6
Koraput,POTTANGI,AMPABALI,MARIGUDA,6
Koraput,POTTANGI,AMPABALI,MIRALIPADU,2
Koraput,POTTANGI,AMPAVALI,PALLAVALASA,23
Koraput,POTTANGI,AMPHABALI,BANDHAGUDA,7
Koraput,POTTANGI,AMPHABALI,CHALANPADU,6
Koraput,POTTANGI,AMPHABALI,CHEPTIAMBAGUDA,4
Koraput,POTTANGI,AMPHABALI,KAMARPADU,64
Koraput,POTTANGI,AMPHABALI,KYLARGANDHI,10
Koraput,POTTANGI,AMPHABALI,MATAMJHILIGUNTHA,14
Koraput,POTTANGI,AMPHABALI,MITRIPADU,17
Koraput,POTTANGI,AMPHABALI,MULAGUDA,24
Koraput,POTTANGI,AMPHABALI,NARANGIGUDA,6
Koraput,POTTANGI,AMPHABALI,PALLABALASA,1
Koraput,POTTANGI,AMPHABALI,RANGANIGUDA,1
Koraput,POTTANGI,CHANDAKA,ADARIGUDA,1
Koraput,POTTANGI,CHANDAKA,BANIGAGUDA,21
Koraput,POTTANGI,CHANDAKA,BARAJA,14
Koraput,POTTANGI,CHANDAKA,BAROJO,123
Koraput,POTTANGI,CHANDAKA,BENAMA GUDA,3
Koraput,POTTANGI,CHANDAKA,CHANDAKA,32
Koraput,POTTANGI,CHANDAKA,CHINTALAGUDA,29
Koraput,POTTANGI,CHANDAKA,CHINTALGUDA,21
Koraput,POTTANGI,CHANDAKA,CHINTALGUDA-B,8
Koraput,POTTANGI,CHANDAKA,DUSURIGUDA,44
Koraput,POTTANGI,CHANDAKA,GALIPADU,17
Koraput,POTTANGI,CHANDAKA,GALIPADU - C,9
Koraput,POTTANGI,CHANDAKA,GIRLIGUDA,26
Koraput,POTTANGI,CHANDAKA,GUGAGUDA,40
Koraput,POTTANGI,CHANDAKA,JHANKARGUDA,5
Koraput,POTTANGI,CHANDAKA,JHILLIGULU,17
Koraput,POTTANGI,CHANDAKA,KHAJURIGUDA,46
Koraput,POTTANGI,CHANDAKA,KHOJURIGUA,28
Koraput,POTTANGI,CHANDAKA,KODABALASA,32
Koraput,POTTANGI,CHANDAKA,MADILIGUDA,3
Koraput,POTTANGI,CHANDAKA,PAKHANAGUDA,8
Koraput,POTTANGI,CHANDAKA,PANGIGUDA,69
Koraput,POTTANGI,CHANDAKA,RAIPADU,2
Koraput,POTTANGI,CHANDAKA,SANA LAKARAI,1
Koraput,POTTANGI,CHANDAKA,SANAMAGUDA,1
Koraput,POTTANGI,CHANDAKA,SANGAMGUDA,8
Koraput,POTTANGI,CHANDAKA,T. KARABADA,2
Koraput,POTTANGI,CHANDAKA,U.KARADABA,22
Koraput,POTTANGI,CHANDAKA,UPPER KARADABA,30
Koraput,POTTANGI,DEO POTTANGI,NANDIGUDA,21
Koraput,POTTANGI,DEOPATTANGI,HOLODIGUDA,18
Koraput,POTTANGI,DEOPATTANGI,MATIAGUDA,18
Koraput,POTTANGI,DEOPATTANGI,SANGAMGUDA,42
Koraput,POTTANGI,DEOPOTTANGI,JIRJIRA,30
Koraput,POTTANGI,DEOPOTTANGI,LINGAMAGUDA,43
Koraput,POTTANGI,GANGARAJAPUR,CHIKALMARI,22
Koraput,POTTANGI,GANGARAJAPUR,GANGAMAGUDA,14
Koraput,POTTANGI,GANGARAJAPUR,SAKIREOU,46
Koraput,POTTANGI,GANGARAJPUR,GUNJIPADU,37
Koraput,POTTANGI,GANGARAJPUR,NILAMPADU,45
Koraput,POTTANGI,GANGARAJPUR,SAKILAMARI,34
Koraput,POTTANGI,GANGARAJPUR,SETRAI,66
Koraput,POTTANGI,GANGARAJPUR,SIKALAMARI,16
Koraput,POTTANGI,KOTIA,BARANAPADU,10
Koraput,POTTANGI,KOTIA,DHULIPADAR,86
Koraput,POTTANGI,KOTIA,DOLIAMBO,88
Koraput,POTTANGI,KOTIA,GANGEIPADAR,9
Koraput,POTTANGI,KOTIA,GANJEIPADAR,112
Koraput,POTTANGI,KOTIA,GONJEIPADAR,72
Koraput,POTTANGI,KOTIA,GUMELPADAR,16
Koraput,POTTANGI,KOTIA,HARAMANDINGI,98
Koraput,POTTANGI,KOTIA,JAMUGUDA,1
Koraput,POTTANGI,KOTIA,JANIGUDA,46
Koraput,POTTANGI,KOTIA,KANADORA,70
Koraput,POTTANGI,KOTIA,KARANJAGUDA,63
Koraput,POTTANGI,KOTIA,KODIAMBA,20
Koraput,POTTANGI,KOTIA,KOTIA,217
Koraput,POTTANGI,KOTIA,KURUDIPADAR,27
Koraput,POTTANGI,KOTIA,MADKAR,108
Koraput,POTTANGI,KOTIA,MAHIPANI,16
Koraput,POTTANGI,KOTIA,MATHALAMBA,70
Koraput,POTTANGI,KOTIA,PHAGUNASENERI,125
Koraput,POTTANGI,KOTIA,PHATU SINARI,80
Koraput,POTTANGI,KOTIA,PHULPADAR,18
Koraput,POTTANGI,KOTIA,RANASINGH,64
Koraput,POTTANGI,KOTIA,SALAPAGUDA,44
Koraput,POTTANGI,KOTIA,SALIMPADAR,55
Koraput,POTTANGI,KOTIA,SIDIBALASA,14
Koraput,POTTANGI,KOTIA,SIMAGEDA,35
Koraput,POTTANGI,KOTIA,TALA GANJEIPADAR,139
Koraput,POTTANGI,KOTIA,TALA PANIKI,56
Koraput,POTTANGI,KOTIA,TALA SEMBI,54
Koraput,POTTANGI,KOTIA,TALABARABANDHA,59
Koraput,POTTANGI,KOTIA,TALAKANTI,22
Koraput,POTTANGI,KOTIA,TAUPADAR,75
Koraput,POTTANGI,KOTIA,THURIA,88
Koraput,POTTANGI,KOTIA,UPPER PANIKI,24
Koraput,POTTANGI,KOTIA,UPPER SEMBI,78
Koraput,POTTANGI,MALIPUT,KIRAJHOLA,36
Koraput,POTTANGI,MALIPUT,MULKARBANDA,40
Koraput,POTTANGI,MALIPUT,SINDEI,163
Koraput,POTTANGI,MALIPUT,SIPAIPUT,28
Koraput,POTTANGI,NUAGAM,DIGAGABDAR,35
Koraput,POTTANGI,NUAGAM,DIGU GABADAR,10
Koraput,POTTANGI,NUAGAM,DIGUGABADAR,3
Koraput,POTTANGI,NUAGAM,GALIGABADORA,6
Koraput,POTTANGI,NUAGAM,KAKIPADU,13
Koraput,POTTANGI,NUAGAM,KARTALMAUDI,51
Koraput,POTTANGI,NUAGAM,MADAMAGANDHI,48
Koraput,POTTANGI,NUAGAM,MADAMGANDHI,8
Koraput,POTTANGI,NUAGAM,NUAGAM,26
Koraput,POTTANGI,NUAGANA,GALIGABADARA,48
Koraput,POTTANGI,NUAGAON,BADAPADU,50
Koraput,POTTANGI,PETRU,ADATIKA,27
Koraput,POTTANGI,PETRU,BADAGUDA,6
Koraput,POTTANGI,PETRU,BANDHAGUDA,13
Koraput,POTTANGI,PETRU,BARIGUDA,6
Koraput,POTTANGI,PETRU,DORASIDUPETA,1
Koraput,POTTANGI,PETRU,DUMURIGUDA,14
Koraput,POTTANGI,PETRU,IPAGUDA,9
Koraput,POTTANGI,PETRU,JHILIGULU,15
Koraput,POTTANGI,PETRU,JILAGUNTHA,52
Koraput,POTTANGI,PETRU,KAMBIRIPADU,12
Koraput,POTTANGI,PETRU,KANDHASIDUMETA,8
Koraput,POTTANGI,PETRU,KARANJAGUDA,11
Koraput,POTTANGI,PETRU,KARANJIGUDA,19
Koraput,POTTANGI,PETRU,KARKAGUDA,8
Koraput,POTTANGI,PETRU,MADILIGUDA,36
Koraput,POTTANGI,PETRU,MADIPADU,8
Koraput,POTTANGI,PETRU,METAKANDILI,65
Koraput,POTTANGI,PETRU,MUDRAMGUDA,4
Koraput,POTTANGI,PETRU,MULAPADALGUDA,29
Koraput,POTTANGI,PETRU,PADALGUDA,1
Koraput,POTTANGI,PETRU,PURIGUDA,12
Koraput,POTTANGI,PETRU,SALAPAGUDA,16
Koraput,POTTANGI,PETRU,SIRUKUDABA,3
Koraput,POTTANGI,PETURU,BHATIGUDA,28
Koraput,POTTANGI,PETURU,EPAGUDA,2
Koraput,POTTANGI,PETURU,JHILLIGUNTHA,37
Koraput,POTTANGI,PETURU,KARKAGUDA,13
Koraput,POTTANGI,PETURU,KONDHA SIDIMETU,7
Koraput,POTTANGI,PETURU,MARIGUDA,24
Koraput,POTTANGI,PETURU,MARIPADU,1
Koraput,POTTANGI,PETURU,METAKANDILI,5
Koraput,POTTANGI,PETURU,SALAPAGUDA,21
Koraput,POTTANGI,PETURU,TEDA,1
Koraput,POTTANGI,POTTANGI,BITUGUDA,52
Koraput,POTTANGI,POTTANGI,GANGARAJPUR,12
Koraput,POTTANGI,POTTANGI,GIRILIGUDA,9
Koraput,POTTANGI,POTTANGI,JHAKARGUDA,21
Koraput,POTTANGI,POTTANGI,KAREDI,38
Koraput,POTTANGI,POTTANGI,KATRAGUDA,1
Koraput,POTTANGI,POTTANGI,NUAGUDA,7
Koraput,POTTANGI,POTTANGI,PODALAGUDA,3
Koraput,POTTANGI,POTTANGI,PURUNAPADAPADAR,20
Koraput,POTTANGI,POTTANGI,SEURA,15
Koraput,POTTANGI,POTTANGI,SISAGUDA,98
Koraput,POTTANGI,POTTANGI,SITERAI,1
Koraput,POTTANGI,POTTANGI,SIURA,48
Koraput,POTTANGI,POTTANGI,TALAKATRAGUDA,5
Koraput,POTTANGI,POTTANGI,UPPERKATRAGUDA,9
Koraput,POTTANGI,PUKALI,BADAGUDA,7
Koraput,POTTANGI,PUKALI,BASU GUDA,25
Koraput,POTTANGI,PUKALI,BEDAGUDA,31
Koraput,POTTANGI,PUKALI,BODOPADU,13
Koraput,POTTANGI,PUKALI,BODUGUDA,8
Koraput,POTTANGI,PUKALI,CHAPADIGUDA,29
Koraput,POTTANGI,PUKALI,DEMSAGUDA,42
Koraput,POTTANGI,PUKALI,GHODAGHATI,18
Koraput,POTTANGI,PUKALI,GUNJELPADU,8
Koraput,POTTANGI,PUKALI,GUNTHA,56
Koraput,POTTANGI,PUKALI,JAMUGUDA,12
Koraput,POTTANGI,PUKALI,JHANKARGUDA,23
Koraput,POTTANGI,PUKALI,KARANGIGUDA,10
Koraput,POTTANGI,PUKALI,MAJAGUDA,8
Koraput,POTTANGI,PUKALI,MALIGUDA,39
Koraput,POTTANGI,PUKALI,METAGUDA,25
Koraput,POTTANGI,PUKALI,MULAGUDA,39
Koraput,POTTANGI,PUKALI,PATADUMURIGUDA,11
Koraput,POTTANGI,PUKALI,PATU,1
Koraput,POTTANGI,PUKALI,RAIGUDA,23
Koraput,POTTANGI,PUKALI,RAJ SANKAR,10
Koraput,POTTANGI,PUKALI,RANGANI GUDA,19
Koraput,POTTANGI,PUKALI,SANAPATU,6
Koraput,POTTANGI,PUKALI,SISAGUDA,37
Koraput,POTTANGI,PUKALI,TOTAVALSA,26
Koraput,POTTANGI,RALAGADA,BITRA,73
Koraput,POTTANGI,RALAGADA,KHAMBOPADU,11
Koraput,POTTANGI,RALAGADA,NIMALPADU,1
Koraput,POTTANGI,RALAGADA,PUTAPADU,20
Koraput,POTTANGI,RALAGADA,RAJUGUDA,7
Koraput,POTTANGI,RALAGADA,SIDIPADU,1
Koraput,POTTANGI,RALEGADA,ITABALSA,1
Koraput,POTTANGI,RALEGADA,MIRALAPADU,40
Koraput,POTTANGI,RALEGADA,TELARAI,16
Koraput,POTTANGI,RALEGEDA,BADAPADU,28
Koraput,POTTANGI,RALEGEDA,KURELPADU,11
Koraput,POTTANGI,RALEGEDA,TANGINI,6
Koraput,POTTANGI,RALLEGEDA,JODIMADILI,24
Koraput,POTTANGI,RALLEGEDA,TELERAI,11
Koraput,POTTANGI,RELEGADA,BAILIPADU,10
Koraput,POTTANGI,RELEGADA,PILIKABITRA,13
Koraput,POTTANGI,SAMABAI,P. BHALIAGUDA,35
Koraput,POTTANGI,SAMBAI,BHAILAGUDA,19
Koraput,POTTANGI,SAMBAI,BHALIAGUDA,34
Koraput,POTTANGI,SAMBAI,GOUDA AMBAGUDA,47
Koraput,POTTANGI,SAMBAI,MAKSAPONDEI,6
Koraput,POTTANGI,SAMBAI,MONDALGUDA,9
Koraput,POTTANGI,SAMBAI,MULAGUDA,20
Koraput,POTTANGI,SAMBAI,SAMBAI,6
Koraput,POTTANGI,SAMBAI,SEMILIGUDA,14
Koraput,POTTANGI,SAMBAI,SISAGUDA,1
Koraput,POTTANGI,SOMABI,BADAMGUDA,11
Koraput,POTTANGI,SOMBAI,BHALIAGUDA,17
Koraput,POTTANGI,SOMBAI,BODOGAM,17
Koraput,POTTANGI,SOMBAI,GANDHURIGUDA,7
Koraput,POTTANGI,SOMBAI,JAMUGUDA,32
Koraput,POTTANGI,SOMBAI,KALIBADI,8
Koraput,POTTANGI,SOMBAI,MANDAKOTALA,15
Koraput,POTTANGI,SOMBAI,MASANIGUDA,5
Koraput,POTTANGI,SOMBAI,PANASAGUDA,2
Koraput,POTTANGI,SOMBAI,PHULGUDA,37
Koraput,POTTANGI,SOMBAI,SOMBAI,10
Koraput,POTTANGI,SOMBAI,SUNABEDA,2
Koraput,POTTANGI,SOMBAI,TETERIGUDA,6
Koraput,POTTANGI,SOMBAI,TOVANAYAKGUDA,20
Koraput,POTTANGI,SORADA,JHANKARGUDA,17
Koraput,POTTANGI,SORADA,SALAMI PADU,5
Koraput,POTTANGI,SORADA,SISAGUDA,4
Koraput,POTTANGI,SUNKI,ANTIMAUDI,4
Koraput,POTTANGI,SUNKI,BANDHAGUDA,9
Koraput,POTTANGI,SUNKI,DEBATAGUDA,8
Koraput,POTTANGI,SUNKI,ERAGALPADU,6
Koraput,POTTANGI,SUNKI,GADIGUDIBALSA,1
Koraput,POTTANGI,SUNKI,GOTAMGUDI,4
Koraput,POTTANGI,SUNKI,GUNALBALSA,3
Koraput,POTTANGI,SUNKI,GURUJEEGUDA,52
Koraput,POTTANGI,SUNKI,IPABALASA,12
Koraput,POTTANGI,SUNKI,KATABALASA,2
Koraput,POTTANGI,SUNKI,KONDHOGUDA,9
Koraput,POTTANGI,SUNKI,KONDHOMAUDI,2
Koraput,POTTANGI,SUNKI,MADAKAR,8
Koraput,POTTANGI,SUNKI,MANGARAGUMI,2
Koraput,POTTANGI,SUNKI,METABALASA,5
Koraput,POTTANGI,SUNKI,NIMALPADU,3
Koraput,POTTANGI,SUNKI,OLA GAM,21
Koraput,POTTANGI,SUNKI,PATALAUDI,8
Koraput,POTTANGI,SUNKI,PONOSMANGUDA,11
Koraput,POTTANGI,SUNKI,PUTIVALSA,3
Koraput,POTTANGI,SUNKI,REBALGUDA,3
Koraput,POTTANGI,SUNKI,SANGAMGUDI,5
Koraput,POTTANGI,SUNKI,SANGUNAN BALSA,3
Koraput,POTTANGI,SUNKI,SIDIBALSA,2
Koraput,POTTANGI,SUNKI,TOTALPADU,2
Koraput,POTTANGI,TALAGOLURU,BANDHAGUDI,33
Koraput,POTTANGI,TALAGOLURU,BODOGOLUR,17
Koraput,POTTANGI,TALAGOLURU,DANADAGUDA,24
Koraput,POTTANGI,TALAGOLURU,DORAGUDA,20
Koraput,POTTANGI,TALAGOLURU,DUMURIGUDA,32
Koraput,POTTANGI,TALAGOLURU,KAMBARI,7
Koraput,POTTANGI,TALAGOLURU,KAREGUDA,11
Koraput,POTTANGI,TALAGOLURU,KARIBEDA,30
Koraput,POTTANGI,TALAGOLURU,KHAMIDI,2
Koraput,POTTANGI,TALAGOLURU,KOTABALASA,8
Koraput,POTTANGI,TALAGOLURU,KOTATEDA,8
Koraput,POTTANGI,TALAGOLURU,KOTTAVALASA,12
Koraput,POTTANGI,TALAGOLURU,MULAGUDI,2
Koraput,POTTANGI,TALAGOLURU,MUNUGULUBALSA,30
Koraput,POTTANGI,TALAGOLURU,PANABADI,5
Koraput,POTTANGI,TALOGALURU,BURGULPADU,20
Koraput,POTTANGI,TALOGALURU,MUNGALBALASA,14
Koraput,POTTANGI,TALOGALURU,PATUGUDA,7
Koraput,POTTANGI,TANGINI,BODALAMATAPADU,5
Koraput,POTTANGI,TANGINI,KARATALABA,22
Koraput,POTTANGI,TANGINI,RALEGADA,13
Koraput,POTTANGI,TOLAGOLURU,BADADANGARA,14
Koraput,POTTANGI,TOLAGOLURU,CHIKAPARU,84
Koraput,POTTANGI,TOLAGOLURU,KUTUBA,11
Koraput,POTTANGI,TOLAGOLURU,MARIBELI,27
Koraput,POTTANGI,TOLAGOLURU,TOLAGOLURU,42
Koraput,POTTANGI,U.BARABANDHA,BARABANDHA,54
Koraput,SEMILIGUDA,DELEIGUDA,MUGUNAGUDA,6
Koraput,SEMILIGUDA,DOLAIGUDA,KAKIRIGUDA,31
Koraput,SEMILIGUDA,DUDHARI,BAROKUTUNI,53
Koraput,SEMILIGUDA,DUDHARI,CHIKLAMARI,20
Koraput,SEMILIGUDA,DUDHARI,PHULOBANDHA,45
Koraput,SEMILIGUDA,DUDHARI,PUTSIL,101
Koraput,SEMILIGUDA,DUDHARI,SUNDIPUT,33
Koraput,SEMILIGUDA,DUDHARI,UPPER KANTI,86
Koraput,SEMILIGUDA,GUNTHAGUDA,PODAPADAR,9
Koraput,SEMILIGUDA,GUNTHAPUT,BARIGUDA,7
Koraput,SEMILIGUDA,GUNTHAPUT,HANDIPUT,1
Koraput,SEMILIGUDA,GUNTHAPUT,PHULODABA,3
Koraput,SEMILIGUDA,HATAGUDA,BHITARGUDA,22
Koraput,SEMILIGUDA,HATAGUDA,GADIKHAMRA,4
Koraput,SEMILIGUDA,HATGUDA,BADATEMA,9
Koraput,SEMILIGUDA,HATIBARI,KHIMBAR,8
Koraput,SEMILIGUDA,HATIMUNDA,HATIMUNDA,11
Koraput,SEMILIGUDA,KUDI,PARAJAKUDI,8
Koraput,SEMILIGUDA,KUNDLI,PORAJASIRIMANDA,21
Koraput,SEMILIGUDA,KUNDULI,KANDHAPUNGAR,19
Koraput,SEMILIGUDA,P.MUTHAI,KANDHASUNABEDA,49
Koraput,SEMILIGUDA,P.MUTHAI,PAMBI,33
Koraput,SEMILIGUDA,POKAJHALA,MISSINGAGUDA,9
Koraput,SEMILIGUDA,RAJPUT,CHALANPUT,24
Koraput,SEMILIGUDA,RAJPUT,MUKHUIBADEL,1
Koraput,SEMILIGUDA,RAJPUT,PAKHANAPUT,8
Koraput,SEMILIGUDA,RENGA,M.MARUA,4
Koraput,SEMILIGUDA,RENGA,PADAGUDA,7
Koraput,SEMILIGUDA,SADAM,BENIAGUDA,17
Koraput,SEMILIGUDA,SADAM,BENIYAGUDA,23
Koraput,SEMILIGUDA,SADAM,BHEJAGUDA,29
Koraput,SEMILIGUDA,SADAM,BILAGUDA,36
Koraput,SEMILIGUDA,SADAM,CHATUPADAR,14
Koraput,SEMILIGUDA,SADAM,CHATUPADARGUDA,12
Koraput,SEMILIGUDA,SADAM,JANGARADA,3
Koraput,SEMILIGUDA,SADAM,METAGUDA,17
Koraput,SEMILIGUDA,SADAM,MUTAMBAGUDA,10
Koraput,SEMILIGUDA,SADAM,MUTAMGUDA,9
Koraput,SEMILIGUDA,SADAM,NUAGUDA,31
Koraput,SEMILIGUDA,SADAM,P. RENU,2
Koraput,SEMILIGUDA,SADAM,PANDRIAMABAGUDA,31
Koraput,SEMILIGUDA,SADAM,PANDRIAMBAGUDA,24
Koraput,SEMILIGUDA,SADAM,SADAM,45
Koraput,SEMILIGUDA,SADAM,YUBRAJPETA,19
Koraput,SEMILIGUDA,SADAM SADAM SADAM SADAM SADAM SADAM SADAM SADAM SADAM SADAM SADAM SADAM SADAM SADAM SADAM SADAM SADAM SADAM SADAM SADAM SADAM SADAM SADAM SADAM SADAM SADAM SADAM SADAM SADAM SADAM SADAM SADAM SADAM SADAM SADAM SADAM SADAM SADAM SADAM SADAM SADAM SADAM SADAM SADAM SADAM SADAM SADAM SADAM SADAM SADAM SADAM SADAM SADAM SADAM SADAM SADAM SADAM,BHEJAGUDA,57
Koraput,SEMILIGUDA,SARISAPADAR,DUMURIGUDA,40
Koraput,SEMILIGUDA,SORISAPADAR,BHITARAKOTA,14
Koraput,SEMILIGUDA,SORISAPADAR,KARLAPADAR,9
Koraput,SEMILIGUDA,SORISAPADAR,KASUGUDA,8
Koraput,SEMILIGUDA,SORISAPADAR,KHAJARAKOTA,11
Koraput,SEMILIGUDA,SORISAPADAR,KHEJARAKOTA,33
Koraput,SEMILIGUDA,SORISAPADAR,LENJIGUDA,68
Koraput,SEMILIGUDA,SUBAI,DUSURA,14
Koraput,SEMILIGUDA,SUBAI,K.GUNTHAPUT,16
Koraput,SEMILIGUDA,U KANTI,GOCHAMANJARI,9
Koraput,SEMILIGUDA,U.KANTI,CHINTALMANJARI,28
Koraput,SEMILIGUDA,U.KANTI,GICHHAMANJARI,35
Koraput,SEMILIGUDA,U.KANTI,HIRATUNIPADAR,14
Koraput,SEMILIGUDA,U.KANTI,NARANGIPADAR,117
Koraput,SEMILIGUDA,U.KANTI,NARINGIPADAR,60
Koraput,SEMILIGUDA,U.KANTI,TANKUBEDA,57
Koraput,SEMILIGUDA,U.KANTI,UPPER KANTI,59
Koraput,SEMILIGUDA,UPPER KANTI,BADAMANJARI,67
Koraput,SEMILIGUDA,UPPER KANTI,CHINDRI,60
Koraput,SEMILIGUDA,UPPER KANTI,GICHA MANJARI,6
Koraput,SEMILIGUDA,UPPER KANTI,PHULOPADAR,15
Koraput,SEMILIGUDA,UPPER KANTI,UPPER KANTI,26
Koraput,SEMILIGUDA,UPPPER KANTI,TANKUBEDA,44
Malkangiri,CHITRAKONDA,ANDIRAPALLI,ANDRAPALLI,25
Malkangiri,CHITRAKONDA,ANDIRAPALLI,ARAPADAR,69
Malkangiri,CHITRAKONDA,ANDIRAPALLI,ARLINGPODA,25
Malkangiri,CHITRAKONDA,ANDIRAPALLI,BACHALPADAR,34
Malkangiri,CHITRAKONDA,ANDIRAPALLI,BHAJAGUDA,1
Malkangiri,CHITRAKONDA,ANDIRAPALLI,DABUGUDA,25
Malkangiri,CHITRAKONDA,ANDIRAPALLI,DHAKADAPADAR,39
Malkangiri,CHITRAKONDA,ANDIRAPALLI,GHUSUMPADAR,44
Malkangiri,CHITRAKONDA,ANDIRAPALLI,JANTRI,36
Malkangiri,CHITRAKONDA,ANDIRAPALLI,KADALIBANDHA,11
Malkangiri,CHITRAKONDA,ANDIRAPALLI,KANDAMINJARI,5
Malkangiri,CHITRAKONDA,ANDIRAPALLI,KODIGANDHI,23
Malkangiri,CHITRAKONDA,ANDIRAPALLI,KODIGONDHI,28
Malkangiri,CHITRAKONDA,ANDIRAPALLI,KONDAMANJARI,14
Malkangiri,CHITRAKONDA,ANDIRAPALLI,MARIBEDA,21
Malkangiri,CHITRAKONDA,ANDIRAPALLI,NADAMANJARI,2
Malkangiri,CHITRAKONDA,ANDIRAPALLI,NANMANJARI,8
Malkangiri,CHITRAKONDA,ANDIRAPALLI,RAMAGUDA,12
Malkangiri,CHITRAKONDA,ANDIRAPALLI,SADARAM,12
Malkangiri,CHITRAKONDA,ANDIRAPALLI,SANYASIGUDA,39
Malkangiri,CHITRAKONDA,ANDIRAPALLI,TABERU,34
Malkangiri,CHITRAKONDA,ANDIRAPALLI,TIKARPADA,28
Malkangiri,CHITRAKONDA,ANDIRAPALLI,TOTAGUDA,19
Malkangiri,CHITRAKONDA,BADAPADA,BADAPADA,77
Malkangiri,CHITRAKONDA,BADAPADA,BADAPUT,20
Malkangiri,CHITRAKONDA,BADAPADA,BHIMARAM,66
Malkangiri,CHITRAKONDA,BADAPADA,BHIMARAMA,32
Malkangiri,CHITRAKONDA,BADAPADA,KADAGUMMA,33
Malkangiri,CHITRAKONDA,BADAPADA,KARLAMALA,12
Malkangiri,CHITRAKONDA,BADAPADA,KHAJURIGUMMA,8
Malkangiri,CHITRAKONDA,BADAPADA,KHARIMALA,33
Malkangiri,CHITRAKONDA,BADAPADA,MALIGUDA,4
Malkangiri,CHITRAKONDA,BADAPADA,MUTAMBO,35
Malkangiri,CHITRAKONDA,BADAPADA,SILIGUMMA,21
Malkangiri,CHITRAKONDA,BADAPADAR,ANJARIAGUDA,17
Malkangiri,CHITRAKONDA,BADAPADAR,BADAPADAR,25
Malkangiri,CHITRAKONDA,BADAPADAR,BAIGUDA,5
Malkangiri,CHITRAKONDA,BADAPADAR,BANGURUPADA,17
Malkangiri,CHITRAKONDA,BADAPADAR,GODIPUT,7
Malkangiri,CHITRAKONDA,BADAPADAR,ISWARGUDA,9
Malkangiri,CHITRAKONDA,BADAPADAR,KAMARAGUDA,36
Malkangiri,CHITRAKONDA,BADAPADAR,KAMARGUDA,32
Malkangiri,CHITRAKONDA,BADAPADAR,LAMBASINGH,22
Malkangiri,CHITRAKONDA,BADAPADAR,PABLIGUDA,2
Malkangiri,CHITRAKONDA,BADAPADAR,PADMAGIRI,35
Malkangiri,CHITRAKONDA,BADAPADAR,PALASIPADAR,34
Malkangiri,CHITRAKONDA,BADAPADAR,PHULAPADAR,14
Malkangiri,CHITRAKONDA,BADAPADAR,PHULAPUT,3
Malkangiri,CHITRAKONDA,BADAPADAR,RANGINIGUDA,7
Malkangiri,CHITRAKONDA,BADAPADAR,REKHAPALLI,41
Malkangiri,CHITRAKONDA,CHITRAKONDA,CHAMPAJHOLA,6
Malkangiri,CHITRAKONDA,CHITRAKONDA,CHITRAKONDA,1
Malkangiri,CHITRAKONDA,CHITRAKONDA,MEGHAJIN,2
Malkangiri,CHITRAKONDA,CHITRAKONDA,RAJULKONDA,29
Malkangiri,CHITRAKONDA,CHITRAKONDA,RSC-16,9
Malkangiri,CHITRAKONDA,DORAGUDA,BHURSUNDIGUDA,16
Malkangiri,CHITRAKONDA,DORAGUDA,KAMRAGUDA,1
Malkangiri,CHITRAKONDA,DORAGUDA,RSC-3,5
Malkangiri,CHITRAKONDA,GUNTHAWADA,AMBAPADAR,25
Malkangiri,CHITRAKONDA,GUNTHAWADA,BADAKONDA,6
Malkangiri,CHITRAKONDA,GUNTHAWADA,GALEGUDA,1
Malkangiri,CHITRAKONDA,GUNTHAWADA,GOLAGUDA,2
Malkangiri,CHITRAKONDA,GUNTHAWADA,GOLOGUDA,11
Malkangiri,CHITRAKONDA,GUNTHAWADA,GOUDAGUDA,3
Malkangiri,CHITRAKONDA,GUNTHAWADA,GUNTHAWADA,23
Malkangiri,CHITRAKONDA,GUNTHAWADA,HANSAGUDA,4
Malkangiri,CHITRAKONDA,GUNTHAWADA,HANTALGUDA,7
Malkangiri,CHITRAKONDA,GUNTHAWADA,HARIPUR,5
Malkangiri,CHITRAKONDA,GUNTHAWADA,HONTALGUDA,1
Malkangiri,CHITRAKONDA,GUNTHAWADA,KAMARGUDA,1
Malkangiri,CHITRAKONDA,GUNTHAWADA,KANDHAGUDA,3
Malkangiri,CHITRAKONDA,GUNTHAWADA,MAJHIGUDA,16
Malkangiri,CHITRAKONDA,GUNTHAWADA,MUDULIGUDA,10
Malkangiri,CHITRAKONDA,GUNTHAWADA,SISAGUDA,10
Malkangiri,CHITRAKONDA,GUNTHAWADA,SUKRIGUDA,12
Malkangiri,CHITRAKONDA,GUNTHAWADA,TALAPADAR,11
Malkangiri,CHITRAKONDA,JODAMBA,BANDHAGUDA,13
Malkangiri,CHITRAKONDA,JODAMBA,BIHANGUDI,19
Malkangiri,CHITRAKONDA,JODAMBA,DARLABEDA,27
Malkangiri,CHITRAKONDA,JODAMBA,ELAMPANKA,9
Malkangiri,CHITRAKONDA,JODAMBA,GAJALMAMUDI,82
Malkangiri,CHITRAKONDA,JODAMBA,GAJULGUMMI,18
Malkangiri,CHITRAKONDA,JODAMBA,GOPINATHGUDA,1
Malkangiri,CHITRAKONDA,JODAMBA,HANJARIAGUDA,35
Malkangiri,CHITRAKONDA,JODAMBA,JAGANNATHGUDA,1
Malkangiri,CHITRAKONDA,JODAMBA,JAJPALAM,28
Malkangiri,CHITRAKONDA,JODAMBA,JAMPARUL,17
Malkangiri,CHITRAKONDA,JODAMBA,JANTURAI,37
Malkangiri,CHITRAKONDA,JODAMBA,JHADIGUDA,22
Malkangiri,CHITRAKONDA,JODAMBA,JODAMBO,15
Malkangiri,CHITRAKONDA,JODAMBA,KATUGUDA,15
Malkangiri,CHITRAKONDA,JODAMBA,KENDUGUDA,11
Malkangiri,CHITRAKONDA,JODAMBA,KHAJURIGUDA,34
Malkangiri,CHITRAKONDA,JODAMBA,KODAPUT,5
Malkangiri,CHITRAKONDA,JODAMBA,KUNTURUPADAR,22
Malkangiri,CHITRAKONDA,JODAMBA,LADI GUDA,8
Malkangiri,CHITRAKONDA,JODAMBA,MAJHIGUDA,6
Malkangiri,CHITRAKONDA,JODAMBA,MANJAGUDA,13
Malkangiri,CHITRAKONDA,JODAMBA,MATI KHALA,18
Malkangiri,CHITRAKONDA,JODAMBA,NILARAM,3
Malkangiri,CHITRAKONDA,JODAMBA,NUAGUDA,4
Malkangiri,CHITRAKONDA,JODAMBA,PALASAPADAR,12
Malkangiri,CHITRAKONDA,JODAMBA,PANASGANDHI,11
Malkangiri,CHITRAKONDA,JODAMBA,PODAKHAL,9
Malkangiri,CHITRAKONDA,JODAMBA,RANGINIGUDA,19
Malkangiri,CHITRAKONDA,JODAMBA,SANATALPADAR,5
Malkangiri,CHITRAKONDA,JODAMBA,SIMILIPODAR,16
Malkangiri,CHITRAKONDA,JODAMBA,SINDHI BADI,15
Malkangiri,CHITRAKONDA,JODAMBA,TANTAPALLI,45
Malkangiri,CHITRAKONDA,JODAMBA,TARABEDA,46
Malkangiri,CHITRAKONDA,JODAMBA,TIKARPADA,17
Malkangiri,CHITRAKONDA,JODAMBA,TOTAGUDA,18
Malkangiri,CHITRAKONDA,JODAMBA,TUMULMAMUDI,10
Malkangiri,CHITRAKONDA,KAPATUTI,BADENGA,18
Malkangiri,CHITRAKONDA,KAPATUTI,KAPATUTI,36
Malkangiri,CHITRAKONDA,KAPATUTI,MADHIGUDA,2
Malkangiri,CHITRAKONDA,KAPATUTI,MAJAGUDA,2
Malkangiri,CHITRAKONDA,KAPATUTI,MAJHAGUDA,1
Malkangiri,CHITRAKONDA,KAPATUTI,MAJHIGUDA,1
Malkangiri,CHITRAKONDA,KAPATUTI,MASTIPUT,32
Malkangiri,CHITRAKONDA,KAPATUTI,ORGEL,5
Malkangiri,CHITRAKONDA,KAPATUTI,PETAL,3
Malkangiri,CHITRAKONDA,KAPATUTI,RANGINIGUDA,13
Malkangiri,CHITRAKONDA,KURMANUR,ALURKOTA,3
Malkangiri,CHITRAKONDA,KURMANUR,CHINTAGUNAL,1
Malkangiri,CHITRAKONDA,KURMANUR,DANTUNGUDA,5
Malkangiri,CHITRAKONDA,KURMANUR,GHATIGUDA,22
Malkangiri,CHITRAKONDA,KURMANUR,GILAMAMUDI,9
Malkangiri,CHITRAKONDA,KURMANUR,JODAMBO,2
Malkangiri,CHITRAKONDA,KURMANUR,KENDUGUDA,11
Malkangiri,CHITRAKONDA,KURMANUR,KURMANUR,4
Malkangiri,CHITRAKONDA,KURMANUR,MADHUMAL,10
Malkangiri,CHITRAKONDA,KURMANUR,MUDULIGUDA,12
Malkangiri,CHITRAKONDA,KURMANUR,NANDAPUR,9
Malkangiri,CHITRAKONDA,KURMANUR,NIMANPALLI,3
Malkangiri,CHITRAKONDA,KURMANUR,RASABEDA,5
Malkangiri,CHITRAKONDA,KURMANUR,SABUNGUDA,10
Malkangiri,CHITRAKONDA,KURMANUR,SARIGETA,2
Malkangiri,CHITRAKONDA,NUAGUDA,BADAPUT,11
Malkangiri,CHITRAKONDA,NUAGUDA,ERAGOPU,12
Malkangiri,CHITRAKONDA,NUAGUDA,KATAGUDA,13
Malkangiri,CHITRAKONDA,NUAGUDA,KHALAPADAR,16
Malkangiri,CHITRAKONDA,NUAGUDA,PALIGUDA,17
Malkangiri,CHITRAKONDA,NUAGUDA,PANTARBAKA,20
Malkangiri,CHITRAKONDA,NUAGUDA,PURUNAPANI,21
Malkangiri,CHITRAKONDA,NUAGUDA,R.S.C-10,20
Malkangiri,CHITRAKONDA,NUAGUDA,R.S.C-19,15
Malkangiri,CHITRAKONDA,NUAGUDA,RAMGUDA,28
Malkangiri,CHITRAKONDA,NUAGUDA,RATHGUDA,10
Malkangiri,CHITRAKONDA,PANASPUT,BEJING,19
Malkangiri,CHITRAKONDA,PANASPUT,BEZING,30
Malkangiri,CHITRAKONDA,PANASPUT,DANGARPADAR,5
Malkangiri,CHITRAKONDA,PANASPUT,DANGARPODAR,11
Malkangiri,CHITRAKONDA,PANASPUT,GHANABEDA,16
Malkangiri,CHITRAKONDA,PANASPUT,GOILIKHARI,32
Malkangiri,CHITRAKONDA,PANASPUT,JAMUGUDA,22
Malkangiri,CHITRAKONDA,PANASPUT,KUMUDA GUDA,12
Malkangiri,CHITRAKONDA,PANASPUT,KUSUMPUT,11
Malkangiri,CHITRAKONDA,PANASPUT,MALAPUT,23
Malkangiri,CHITRAKONDA,PANASPUT,MUKUDUPALLI,22
Malkangiri,CHITRAKONDA,PANASPUT,MUNDIGUMMA,4
Malkangiri,CHITRAKONDA,PANASPUT,PANASPUT,18
Malkangiri,CHITRAKONDA,PANASPUT,SINGOI,37
Malkangiri,CHITRAKONDA,PANASPUT,TABLAGUDA,11
Malkangiri,CHITRAKONDA,PANASPUT,TUTUGUMI,6
Malkangiri,CHITRAKONDA,PAPARMETLA,ARNABETA,35
Malkangiri,CHITRAKONDA,PAPARMETLA,ARNABHATA,5
Malkangiri,CHITRAKONDA,PAPARMETLA,BIDARPAKHNA,57
Malkangiri,CHITRAKONDA,PAPARMETLA,DUDHUPALLI,7
Malkangiri,CHITRAKONDA,PAPARMETLA,GANDHIGUDA,30
Malkangiri,CHITRAKONDA,PAPARMETLA,JAMAJODI,5
Malkangiri,CHITRAKONDA,PAPARMETLA,JANTAPAI,91
Malkangiri,CHITRAKONDA,PAPARMETLA,JATAPAI,27
Malkangiri,CHITRAKONDA,PAPARMETLA,KADALIBANDHA,8
Malkangiri,CHITRAKONDA,PAPARMETLA,KOTPALLY,24
Malkangiri,CHITRAKONDA,PAPARMETLA,KUNIGUDA,7
Malkangiri,CHITRAKONDA,PAPARMETLA,LAUGUDA,15
Malkangiri,CHITRAKONDA,PAPARMETLA,LOCHAPANI,3
Malkangiri,CHITRAKONDA,PAPARMETLA,NUADOLIAMBO,6
Malkangiri,CHITRAKONDA,PAPARMETLA,NUAGUDA,49
Malkangiri,CHITRAKONDA,PAPARMETLA,PARLUBANDHA,2
Malkangiri,CHITRAKONDA,PAPARMETLA,PURLUBANDHA,4
Malkangiri,CHITRAKONDA,PAPARMETLA,TENTAGUDA,46
Malkangiri,CHITRAKONDA,PAPARMETLA,TENTULIGUDA,7
Malkangiri,CHITRAKONDA,POPULUR,KAMALAPUR,13
Malkangiri,CHITRAKONDA,POPULUR,MURALIGUDA,10
Malkangiri,CHITRAKONDA,POPULUR,PETAL,12
Malkangiri,CHITRAKONDA,POPULUR,POPULUR,3
Malkangiri,CHITRAKONDA,POPULUR,SADARI,6
Malkangiri,CHITRAKONDA,RALEGADA,BANAJHOLI,23
Malkangiri,CHITRAKONDA,RALEGADA,BANGURUSUDHA,9
Malkangiri,CHITRAKONDA,RALEGADA,BATERU,8
Malkangiri,CHITRAKONDA,RALEGADA,DAGUDUPALLI,28
Malkangiri,CHITRAKONDA,RALEGADA,GEJEDA,2
Malkangiri,CHITRAKONDA,RALEGADA,GEJEDE,1
Malkangiri,CHITRAKONDA,RALEGADA,ISKAPALLI,10
Malkangiri,CHITRAKONDA,RALEGADA,KANDASUAPALLI,18
Malkangiri,CHITRAKONDA,RALEGADA,NERUDUPALLI,8
Malkangiri,CHITRAKONDA,RALEGADA,NUATEKPADAR,51
Malkangiri,CHITRAKONDA,RALEGADA,OLD TEKPADAR,13
Malkangiri,CHITRAKONDA,RALEGADA,PITAMARI,1
Malkangiri,CHITRAKONDA,RALEGADA,RALEGEDA,20
Malkangiri,CHITRAKONDA,RALEGADA,SARKUBANDHA,53
Malkangiri,CHITRAKONDA,RALEGADA,SUAPALLI,8
Malkangiri,CHITRAKONDA,RALEGADA,TATIPAR,18
Malkangiri,CHITRAKONDA,RALEGADA,TEKPADAR,6
Malkangiri,CHITRAKONDA,TUNNEL CAMP,BAGRIAGUDA,27
Malkangiri,CHITRAKONDA,TUNNEL CAMP,BALELGUDA,7
Malkangiri,CHITRAKONDA,TUNNEL CAMP,DOLIGUDA,21
Malkangiri,CHITRAKONDA,TUNNEL CAMP,KHILAGUDA,7
Malkangiri,CHITRAKONDA,TUNNEL CAMP,MALIGUDA,1
Malkangiri,CHITRAKONDA,TUNNEL CAMP,TUNNEL CAMP,24
Malkangiri,KALIMELA,BADALI,BADALI,201
Malkangiri,KALIMELA,BADALI,KUMBHIGUDA,39
Malkangiri,KALIMELA,BADALI,POGURUKONDA,45
Malkangiri,KALIMELA,BADALI,PULIMETLA,84
Malkangiri,KALIMELA,BADILI,BADILI,31
Malkangiri,KALIMELA,BADILI,BADILIGUDA,7
Malkangiri,KALIMELA,BADILI,PAGURKONDA,8
Malkangiri,KALIMELA,BHEJANGIWADA,ARNAMALA,47
Malkangiri,KALIMELA,BHEJANGIWADA,B. WADA,13
Malkangiri,KALIMELA,BHEJANGIWADA,BADALIGUDA,35
Malkangiri,KALIMELA,BHEJANGIWADA,BAPANPALLI,60
Malkangiri,KALIMELA,BHEJANGIWADA,HARIDAGUDA,1
Malkangiri,KALIMELA,BHEJANGIWADA,KURKUNDI,38
Malkangiri,KALIMELA,BHEJANGIWADA,RAMOGUDA,15
Malkangiri,KALIMELA,BHUBANPALLI,BHUBANPALLI,70
Malkangiri,KALIMELA,BHUBANPALLI,GOUDAGUDA,47
Malkangiri,KALIMELA,BHUBANPALLI,KUNANPALLI,60
Malkangiri,KALIMELA,BHUBANPALLI,PENDULIBAI,72
Malkangiri,KALIMELA,CHINTALWADA,BANAMALIPUR,34
Malkangiri,KALIMELA,CHINTALWADA,CHINTALWADA,19
Malkangiri,KALIMELA,CHINTALWADA,KHAJURIGUDA,3
Malkangiri,KALIMELA,CHINTALWADA,KOSHALKONDA,49
Malkangiri,KALIMELA,CHINTALWADA,MAJHIGUDA,38
Malkangiri,KALIMELA,CHINTALWADA,PARAJAGUDA,32
Malkangiri,KALIMELA,CHITRANGPALLI,CHITRANGPALLI,15
Malkangiri,KALIMELA,CHITRANGPALLI,DARAGUDA,14
Malkangiri,KALIMELA,CHITRANGPALLI,DURMAGUDA,8
Malkangiri,KALIMELA,CHITRANGPALLI,MUDAKHAL,12
Malkangiri,KALIMELA,CHITRANGPALLI,SUPALU,15
Malkangiri,KALIMELA,CHITRANGPALLI,TOMAGUDA,2
Malkangiri,KALIMELA,GOMPAKONDA,DORAGUDA,8
Malkangiri,KALIMELA,GOMPAKONDA,ERAGONDA,49
Malkangiri,KALIMELA,GOMPAKONDA,GAGIRIMETLA,25
Malkangiri,KALIMELA,GOMPAKONDA,GOMPAKONDA,51
Malkangiri,KALIMELA,GOMPAKONDA,KANHEIGUDA,20
Malkangiri,KALIMELA,GOMPAKONDA,POTAKHAL,30
Malkangiri,KALIMELA,GOMPAKONDA,TUMKIMADKA,21
Malkangiri,KALIMELA,GUMUKA,ERBANPALLY,66
Malkangiri,KALIMELA,KALIMELA,ADIBASI COL,4
Malkangiri,KALIMELA,KALIMELA,BUDUGUDA,10
Malkangiri,KALIMELA,KALIMELA,GOREGUDA,8
Malkangiri,KALIMELA,KALIMELA,KALIMELA,4
Malkangiri,KALIMELA,KALIMELA,PUSUGUDA,13
Malkangiri,KALIMELA,KALIMELA,TUMBAGUDA,10
Malkangiri,KALIMELA,KANGURKONDA,PATAKONDA,47
Malkangiri,KALIMELA,KOIMETLA,KABASIGUDA,27
Malkangiri,KALIMELA,KOIMETLA,KOIMETLA,37
Malkangiri,KALIMELA,KOIMETLA,MARANPALLI,47
Malkangiri,KALIMELA,LUGEL,ABMAGUDA,4
Malkangiri,KALIMELA,LUGEL,AMBAGUDA,64
Malkangiri,KALIMELA,LUGEL,AMNAGUDA,2
Malkangiri,KALIMELA,LUGEL,BANDHAGUDA,1
Malkangiri,KALIMELA,LUGEL,BHANDARIGUDA,17
Malkangiri,KALIMELA,LUGEL,FULKANKONDA,69
Malkangiri,KALIMELA,LUGEL,LAXMIPUR,23
Malkangiri,KALIMELA,LUGEL,LUGEL,4
Malkangiri,KALIMELA,LUGEL,PADMAPUR,72
Malkangiri,KALIMELA,LUGEL,RAMPALLI,1
Malkangiri,KALIMELA,MAHARAJPALLI,BILIGUDA,8
Malkangiri,KALIMELA,MAHARAJPALLI,BILLIGUDA,62
Malkangiri,KALIMELA,MAHARAJPALLI,KOIKONDA,29
Malkangiri,KALIMELA,MAHARAJPALLI,MADTALGUDA,6
Malkangiri,KALIMELA,MAHARAJPALLI,MAHARAJPALLI,39
Malkangiri,KALIMELA,MAHARAJPALLI,MATLAGUDA,17
Malkangiri,KALIMELA,MAHARAJPALLI,PUSUGUDA,3
Malkangiri,KALIMELA,MANDAPALLI,DUDIMETLA,77
Malkangiri,KALIMELA,MANDAPALLI,KACHALWADA,47
Malkangiri,KALIMELA,MANDAPALLI,LACHHMAGUDA,18
Malkangiri,KALIMELA,MANDAPALLI,MANDAPALLI,67
Malkangiri,KALIMELA,MANDAPALLI,MANDAPALLY,2
Malkangiri,KALIMELA,MANYAMKONDA,BANJIGUDA,10
Malkangiri,KALIMELA,MANYAMKONDA,BILLIGUDA,21
Malkangiri,KALIMELA,MANYAMKONDA,KADAMALI,26
Malkangiri,KALIMELA,MANYAMKONDA,KATABANJIGUDA,33
Malkangiri,KALIMELA,MANYAMKONDA,KUSUMPUT,58
Malkangiri,KALIMELA,MANYAMKONDA,RAJGIRI,43
Malkangiri,KALIMELA,MOTU,ALMA,37
Malkangiri,KALIMELA,MOTU,BINAYAKPUR,82
Malkangiri,KALIMELA,MOTU,KATAGUDA,21
Malkangiri,KALIMELA,MOTU,LACHHIPURAM,40
Malkangiri,KALIMELA,MOTU,LAXMANGUDA,12
Malkangiri,KALIMELA,MOTU,MURALIGUDA,102
Malkangiri,KALIMELA,NALAGUNTHI,EPAGUDA,16
Malkangiri,KALIMELA,NALAGUNTHI,IDIKONDA,106
Malkangiri,KALIMELA,NALAGUNTHI,JABANPALLI,72
Malkangiri,KALIMELA,NALAGUNTHI,RAJENGUDA,39
Malkangiri,KALIMELA,PUSUGUDA,BARANGIGUDA,1
Malkangiri,KALIMELA,PUSUGUDA,DARANGIGUDA,1
Malkangiri,KALIMELA,PUSUGUDA,GARISAPALLI,9
Malkangiri,KALIMELA,PUSUGUDA,JADHEGUDA,5
Malkangiri,KALIMELA,PUSUGUDA,KARKAGUDA,2
Malkangiri,KALIMELA,PUSUGUDA,KRUSHNAPALLI,60
Malkangiri,KALIMELA,PUSUGUDA,MPV-78,2
Malkangiri,KALIMELA,PUSUGUDA,MUKANPALLI,60
Malkangiri,KALIMELA,PUSUGUDA,PETA,37
Malkangiri,KALIMELA,PUSUGUDA,PUJARIGUDA,10
Malkangiri,KALIMELA,PUSUGUDA,PUSUGUDA,64
Malkangiri,KALIMELA,PUSUGUDA,RAMAVARAM,45
Malkangiri,KALIMELA,PUSUGUDA,SUNABEDA,18
Malkangiri,KALIMELA,PUSUGUDA,URUVELLI,79
Malkangiri,KALIMELA,TANDABAI,DUBELGUDA,36
Malkangiri,KALIMELA,TANDABAI,GINIPALLI,40
Malkangiri,KALIMELA,TANDABAI,JINELGUDA,33
Malkangiri,KALIMELA,TANDABAI,KANDAGUDA,32
Malkangiri,KALIMELA,TANDABAI,KATANPALLI,24
Malkangiri,KALIMELA,TANDABAI,KONDAGUDA,17
Malkangiri,KALIMELA,TANDABAI,KONDAPALLI,24
Malkangiri,KALIMELA,TANDABAI,KURMIGUDA,5
Malkangiri,KALIMELA,TANDABAI,LACHHIPETA,2
Malkangiri,KALIMELA,TANDABAI,LACHIPETA,45
Malkangiri,KALIMELA,TANDABAI,METAGUDA,8
Malkangiri,KALIMELA,TANDABAI,PATLAGUDA,1
Malkangiri,KALIMELA,TANDABAI,TANDABAI,98
Malkangiri,KALIMELA,TANDABAI,TOKELGUDA,17
Malkangiri,KALIMELA,TELARAI,BALIGUDA,1
Malkangiri,KALIMELA,TELARAI,KONDELGUDA,14
Malkangiri,KALIMELA,TELARAI,KUPULIGUDA,1
Malkangiri,KALIMELA,TELARAI,PEDAWADA,98
Malkangiri,KALIMELA,TIGAL,TAMANPALLI,11
Malkangiri,KALIMELA,TIGAL,TIGAL,67
Malkangiri,KALIMELA,VENKANTPALAM,MANGIPALLI,104
Malkangiri,KALIMELA,VENKANTPALAM,PANIMETLA,70
Malkangiri,KALIMELA,VENKANTPALAM,TELIGUDA,25
Malkangiri,KALIMELA,VENKANTPALAM,VENKATPALAM,30
Malkangiri,KHAIRPUT,ANDRAHAL,ANDRAHAL,184
Malkangiri,KHAIRPUT,ANDRAHAL,BADABEL,25
Malkangiri,KHAIRPUT,ANDRAHAL,BHALIAPADAR,5
Malkangiri,KHAIRPUT,ANDRAHAL,GOIGUDA,41
Malkangiri,KHAIRPUT,ANDRAHAL,KATANG GUDA,27
Malkangiri,KHAIRPUT,ANDRAHAL,KHALAGUDA,6
Malkangiri,KHAIRPUT,ANDRAHAL,SINDHIGUDA,58
Malkangiri,KHAIRPUT,BADADURAL,KENDUGUDA,18
Malkangiri,KHAIRPUT,BADADURAL,NUAGUDA,10
Malkangiri,KHAIRPUT,BADADURAL,SISAPUT,29
Malkangiri,KHAIRPUT,GOVINDPALLI,ANDHARI,12
Malkangiri,KHAIRPUT,GOVINDPALLI,BHALUGUDA,2
Malkangiri,KHAIRPUT,GOVINDPALLI,CHAMPAJHARAN,1
Malkangiri,KHAIRPUT,GOVINDPALLI,DABUGUDA,28
Malkangiri,KHAIRPUT,GOVINDPALLI,DAMOBEDA,16
Malkangiri,KHAIRPUT,GOVINDPALLI,DOKRIJODI,1
Malkangiri,KHAIRPUT,GOVINDPALLI,GOBINDPALLY,1
Malkangiri,KHAIRPUT,GOVINDPALLI,GOJIAGUDA,53
Malkangiri,KHAIRPUT,GOVINDPALLI,GOVINDAPALLI,1
Malkangiri,KHAIRPUT,GOVINDPALLI,GOVINDPALLI,79
Malkangiri,KHAIRPUT,GOVINDPALLI,GOVINDPALLY,1
Malkangiri,KHAIRPUT,GOVINDPALLI,KAMALAPADAR,24
Malkangiri,KHAIRPUT,GOVINDPALLI,KAMARGUDA,1
Malkangiri,KHAIRPUT,GOVINDPALLI,KANDUGUDA,5
Malkangiri,KHAIRPUT,GOVINDPALLI,KATRAKUND,9
Malkangiri,KHAIRPUT,GOVINDPALLI,KHEMAGURU,18
Malkangiri,KHAIRPUT,GOVINDPALLI,KUSUMPUT,1
Malkangiri,KHAIRPUT,GOVINDPALLI,LAKEIGUDA,1
Malkangiri,KHAIRPUT,GOVINDPALLI,LAXMIPUR,5
Malkangiri,KHAIRPUT,GOVINDPALLI,LOKEIGUDA,1
Malkangiri,KHAIRPUT,GOVINDPALLI,MAINSIKHAL,19
Malkangiri,KHAIRPUT,GOVINDPALLI,MALAGUDA,10
Malkangiri,KHAIRPUT,GOVINDPALLI,MALIGUDA,9
Malkangiri,KHAIRPUT,GOVINDPALLI,NUAGUDA,9
Malkangiri,KHAIRPUT,GOVINDPALLI,PAKANAGUDA,1
Malkangiri,KHAIRPUT,GOVINDPALLI,PAKNAGUDA,6
Malkangiri,KHAIRPUT,GOVINDPALLI,PUJARIGUDA,5
Malkangiri,KHAIRPUT,GOVINDPALLI,RUKUNI ATAL,8
Malkangiri,KHAIRPUT,GOVINDPALLI,SALAPHGUDA,6
Malkangiri,KHAIRPUT,GOVINDPALLI,SINDHIGUDA,2
Malkangiri,KHAIRPUT,GOVINDPALLI,SUGRIGUDA,11
Malkangiri,KHAIRPUT,K GUMMA,BALIGUDA,31
Malkangiri,KHAIRPUT,K GUMMA,BATANIGUDA,2
Malkangiri,KHAIRPUT,K GUMMA,BATNIGUDA,4
Malkangiri,KHAIRPUT,K GUMMA,BHIMAGUDA,3
Malkangiri,KHAIRPUT,K GUMMA,BINGUGUDA,18
Malkangiri,KHAIRPUT,K GUMMA,BUTIGUDA COL.,1
Malkangiri,KHAIRPUT,K GUMMA,CHITAPARI,52
Malkangiri,KHAIRPUT,K GUMMA,DHAUDAGUDA,14
Malkangiri,KHAIRPUT,K GUMMA,DHOUDAGUDA,2
Malkangiri,KHAIRPUT,K GUMMA,DORAGUDA,19
Malkangiri,KHAIRPUT,K GUMMA,DOUDAGUDA,3
Malkangiri,KHAIRPUT,K GUMMA,DURKAGUDA,8
Malkangiri,KHAIRPUT,K GUMMA,GOTIGUDA,55
Malkangiri,KHAIRPUT,K GUMMA,GUNDURIGUDA,50
Malkangiri,KHAIRPUT,K GUMMA,K.GUMMA,3
Malkangiri,KHAIRPUT,K GUMMA,KANDHA NALIGUDA,3
Malkangiri,KHAIRPUT,K GUMMA,KANDHAGUDA,5
Malkangiri,KHAIRPUT,K GUMMA,KANTASARU,20
Malkangiri,KHAIRPUT,K GUMMA,KUPULIGUDA,8
Malkangiri,KHAIRPUT,K GUMMA,LAKTIGUDA,17
Malkangiri,KHAIRPUT,K GUMMA,LANGALGUDA,2
Malkangiri,KHAIRPUT,K GUMMA,MANJURILENDI,20
Malkangiri,KHAIRPUT,K GUMMA,MATIKHAL,5
Malkangiri,KHAIRPUT,K GUMMA,NALIGUDA,53
Malkangiri,KHAIRPUT,K GUMMA,NALIGUDA COL,60
Malkangiri,KHAIRPUT,K GUMMA,NALIGUDA COL.,21
Malkangiri,KHAIRPUT,K GUMMA,NUAGUDA,1
Malkangiri,KHAIRPUT,K GUMMA,OLD GOTIGUDA,10
Malkangiri,KHAIRPUT,K GUMMA,PAKHNAGUDA,29
Malkangiri,KHAIRPUT,K GUMMA,PARAJAPADAR,19
Malkangiri,KHAIRPUT,K GUMMA,PODIAPALLI,20
Malkangiri,KHAIRPUT,K GUMMA,PURUNA GUMMA,10
Malkangiri,KHAIRPUT,K GUMMA,PURUNAGUMMA,32
Malkangiri,KHAIRPUT,K GUMMA,SAIPAR,23
Malkangiri,KHAIRPUT,K GUMMA,SARGIGUDA,1
Malkangiri,KHAIRPUT,K GUMMA,SIRIPETA,1
Malkangiri,KHAIRPUT,K GUMMA,TIKARPADA,56
Malkangiri,KHAIRPUT,K GUMMA,TUMURUKONDA,10
Malkangiri,KHAIRPUT,KADAMGUDA,BOROGUDA,13
Malkangiri,KHAIRPUT,KADAMGUDA,DABUGUDA,16
Malkangiri,KHAIRPUT,KADAMGUDA,DHEMSAPADAR,5
Malkangiri,KHAIRPUT,KADAMGUDA,DHEMSAPODAR,12
Malkangiri,KHAIRPUT,KADAMGUDA,KHURIGUDA,29
Malkangiri,KHAIRPUT,KADAMGUDA,PAKHANAGUDA,16
Malkangiri,KHAIRPUT,KHAIRPUT,BADAPA,26
Malkangiri,KHAIRPUT,KHAIRPUT,KANDHAGUDA,24
Malkangiri,KHAIRPUT,KHAIRPUT,PADEIGUDA,5
Malkangiri,KHAIRPUT,MADKAPADAR,BAHADURGUDA,1
Malkangiri,KHAIRPUT,MADKAPADAR,BOROGUDA,13
Malkangiri,KHAIRPUT,MADKAPADAR,DHAUDAKUT,4
Malkangiri,KHAIRPUT,MADKAPADAR,DISARIGUDA,19
Malkangiri,KHAIRPUT,MADKAPADAR,KANDHAGUDA,8
Malkangiri,KHAIRPUT,MADKAPADAR,KATRAKUND,16
Malkangiri,KHAIRPUT,MADKAPADAR,KHADUPODA,9
Malkangiri,KHAIRPUT,MADKAPADAR,KOTRAKUND,7
Malkangiri,KHAIRPUT,MADKAPADAR,PIPALPUT,7
Malkangiri,KHAIRPUT,MADKAPADAR,SARGIGUDA,23
Malkangiri,KHAIRPUT,MADKAPADAR,SEMILIGUDA,5
Malkangiri,KHAIRPUT,MADKAPADAR,SOMAKUNDA,14
Malkangiri,KHAIRPUT,MADKAPADAR,SUKRIPUT,47
Malkangiri,KHAIRPUT,MADKAPADAR,TANGINIGADANA,27
Malkangiri,KHAIRPUT,MADKAPADAR,TOTAGUDA,13
Malkangiri,KHAIRPUT,MUDULIPADA,ANGEL,47
Malkangiri,KHAIRPUT,MUDULIPADA,BADAPADA,66
Malkangiri,KHAIRPUT,MUDULIPADA,BANDHAGUDA,108
Malkangiri,KHAIRPUT,MUDULIPADA,BANDIGUDA,4
Malkangiri,KHAIRPUT,MUDULIPADA,BONDAPADA,51
Malkangiri,KHAIRPUT,MUDULIPADA,CHALALANPADA,9
Malkangiri,KHAIRPUT,MUDULIPADA,DANTIPADA,55
Malkangiri,KHAIRPUT,MUDULIPADA,DUMRIPADA,1
Malkangiri,KHAIRPUT,MUDULIPADA,DUMURIPADA,117
Malkangiri,KHAIRPUT,MUDULIPADA,GOKHARPADA,8
Malkangiri,KHAIRPUT,MUDULIPADA,HATAMGUDA,10
Malkangiri,KHAIRPUT,MUDULIPADA,KADAGUDA,17
Malkangiri,KHAIRPUT,MUDULIPADA,KICHAPADA,110
Malkangiri,KHAIRPUT,MUDULIPADA,PINDAJANGAR,12
Malkangiri,KHAIRPUT,MUDULIPADA,RAULIGUDA,29
Malkangiri,KHAIRPUT,MUDULIPADA,SINDHIGUDA,1
Malkangiri,KHAIRPUT,MUDULIPADA,TUSEIPODA,30
Malkangiri,KHAIRPUT,MUDULIPADA,UTAGUDA,1
Malkangiri,KHAIRPUT,PARKANMALA,ALANGGUDA,7
Malkangiri,KHAIRPUT,PARKANMALA,ANLAJODI,7
Malkangiri,KHAIRPUT,PARKANMALA,BAHALGUDA,10
Malkangiri,KHAIRPUT,PARKANMALA,BALIGUDA,1
Malkangiri,KHAIRPUT,PARKANMALA,DABOGUDA,13
Malkangiri,KHAIRPUT,PARKANMALA,DANGAKUNDA,9
Malkangiri,KHAIRPUT,PARKANMALA,DONGAKUNDA,58
Malkangiri,KHAIRPUT,PARKANMALA,GANAPATIGUDA,10
Malkangiri,KHAIRPUT,PARKANMALA,GOURIGUDA,10
Malkangiri,KHAIRPUT,PARKANMALA,KADAMBARIGUDA,19
Malkangiri,KHAIRPUT,PARKANMALA,KHAIRALI,1
Malkangiri,KHAIRPUT,PARKANMALA,KHAIRALIGUDA,10
Malkangiri,KHAIRPUT,PARKANMALA,KOPEGUDA,53
Malkangiri,KHAIRPUT,PARKANMALA,MANGARJODI,25
Malkangiri,KHAIRPUT,PARKANMALA,PANGIGUDA,9
Malkangiri,KHAIRPUT,PARKANMALA,PANIGHAT,14
Malkangiri,KHAIRPUT,PARKANMALA,PANIGHATA,23
Malkangiri,KHAIRPUT,PARKANMALA,PARKANMALA,27
Malkangiri,KHAIRPUT,PARKANMALA,PARKANMALA COL,8
Malkangiri,KHAIRPUT,PARKANMALA,PARKHANMALA,3
Malkangiri,KHAIRPUT,PARKANMALA,PUJARIGUDA,23
Malkangiri,KHAIRPUT,PARKANMALA,PULUGUDA,4
Malkangiri,KHAIRPUT,PARKANMALA,RAMPUR,26
Malkangiri,KHAIRPUT,PARKANMALA,RANGINIGUDA,44
Malkangiri,KHAIRPUT,PARKANMALA,SARGIGUDA,50
Malkangiri,KHAIRPUT,PARKANMALA,SINDHIGUDA,69
Malkangiri,KHAIRPUT,PARKANMALA,SIRIPETA,59
Malkangiri,KHAIRPUT,PARKANMALA,SIRIPETA COL,30
Malkangiri,KHAIRPUT,PARKANMALA,SIRIPETA COL.,2
Malkangiri,KHAIRPUT,PARKANMALA,TEAKGUDA,11
Malkangiri,KHAIRPUT,PARKANMALA,TEAKGUDA COL,5
Malkangiri,KHAIRPUT,PARKANMALA,TEKGUDA,21
Malkangiri,KHAIRPUT,PARKANMALA,TOTAGUDA,1
Malkangiri,KHAIRPUT,PARKANMALA,TUMURKONDA,1
Malkangiri,KHAIRPUT,PARKANMALA,TUMURUKONDA,28
Malkangiri,KHAIRPUT,PODAGHAT,AMALABHATA,43
Malkangiri,KHAIRPUT,PODAGHAT,BALIGUDA,28
Malkangiri,KHAIRPUT,PODAGHAT,BANGTIGUDA,61
Malkangiri,KHAIRPUT,PODAGHAT,GOBARKUNDA,38
Malkangiri,KHAIRPUT,PODAGHAT,JAMGUDA,24
Malkangiri,KHAIRPUT,PODAGHAT,KALAPALLI,46
Malkangiri,KHAIRPUT,PODAGHAT,MURKIGUDA,35
Malkangiri,KHAIRPUT,PODAGHAT,PAKHNAMUHAN,29
Malkangiri,KHAIRPUT,PODAGHAT,PODAGHAT,2
Malkangiri,KHAIRPUT,PODAGHAT,PODAGHAT COL,19
Malkangiri,KHAIRPUT,PODAGHAT,PUSHPALLI,14
Malkangiri,KHAIRPUT,PODAGHAT,PUSPALLI,20
Malkangiri,KHAIRPUT,PODAGHAT,SIKHPALLI,16
Malkangiri,KHAIRPUT,PODAGHAT,TANGINIGUDA,26
Malkangiri,KHAIRPUT,PODAGHAT,TUNGABAHAL,47
Malkangiri,KHAIRPUT,RASABEDA,BAGUGUDA,1
Malkangiri,KHAIRPUT,RASABEDA,BALIGUDA,11
Malkangiri,KHAIRPUT,RASABEDA,BANUGUDA,14
Malkangiri,KHAIRPUT,RASABEDA,BHAGUGUDA,1
Malkangiri,KHAIRPUT,RASABEDA,BOGUGUDA,2
Malkangiri,KHAIRPUT,RASABEDA,BUTIGUDA,17
Malkangiri,KHAIRPUT,RASABEDA,BUTIGUDA COL,6
Malkangiri,KHAIRPUT,RASABEDA,BUTIGUDA COL.,13
Malkangiri,KHAIRPUT,RASABEDA,CHADHEIGUDA,15
Malkangiri,KHAIRPUT,RASABEDA,CHALLANGUDA,1
Malkangiri,KHAIRPUT,RASABEDA,DHANGDAGUDA,8
Malkangiri,KHAIRPUT,RASABEDA,GADIPUT,26
Malkangiri,KHAIRPUT,RASABEDA,GADIPUT COL,1
Malkangiri,KHAIRPUT,RASABEDA,GUPAGUDA,4
Malkangiri,KHAIRPUT,RASABEDA,KATALAGUDA,18
Malkangiri,KHAIRPUT,RASABEDA,KATLAGUDA,1
Malkangiri,KHAIRPUT,RASABEDA,KUPULIGUDA,7
Malkangiri,KHAIRPUT,RASABEDA,MACHHAGUDA,54
Malkangiri,KHAIRPUT,RASABEDA,MANDIAGUDA,9
Malkangiri,KHAIRPUT,RASABEDA,MUDULIGUDA,75
Malkangiri,KHAIRPUT,RASABEDA,NADINIGUDA,2
Malkangiri,KHAIRPUT,RASABEDA,NANDINIGUDA,7
Malkangiri,KHAIRPUT,RASABEDA,NUAGUDA,23
Malkangiri,KHAIRPUT,RASABEDA,ORINGI,42
Malkangiri,KHAIRPUT,RASABEDA,PALKGUDA,33
Malkangiri,KHAIRPUT,RASABEDA,POTIGUDA,21
Malkangiri,KHAIRPUT,RASABEDA,POTOGUDA,1
Malkangiri,KHAIRPUT,RASABEDA,RAMACHANDRAPUR,4
Malkangiri,KHAIRPUT,RASABEDA,RAMCHANDRAPUR,25
Malkangiri,KHAIRPUT,RASABEDA,RASABEDA,36
Malkangiri,KHAIRPUT,RASABEDA,SINDHIGUDA,3
Malkangiri,KHAIRPUT,RASABEDA,SIRAGUDA,1
Malkangiri,KHAIRPUT,RASABEDA,SUPIAGUDA,5
Malkangiri,KHAIRPUT,RASABEDA,TUMAPADAR,5
Malkangiri,KORUKONDA,CHITAPARI III,ALEKHGUDA,9
Malkangiri,KORUKONDA,CHITAPARI III,CHITAPARI,1
Malkangiri,KORUKONDA,CHITAPARI III,OLD BALIMELA,40
Malkangiri,KORUKONDA,CHITAPARI III,OLD CHITAPARI,4
Malkangiri,KORUKONDA,CHITAPARI III,SADASHIVPUR,71
Malkangiri,KORUKONDA,CHITAPARI III,SADASIVPUR,57
Malkangiri,KORUKONDA,CHITAPARI III,TARLAKOTA C COL,1
Malkangiri,KORUKONDA,DUDAMETA,BALAKATI,61
Malkangiri,KORUKONDA,DUDAMETA,CHERUGUDA,10
Malkangiri,KORUKONDA,DUDAMETA,DUDAMETA,13
Malkangiri,KORUKONDA,DUDAMETA,DUTELGUDA,52
Malkangiri,KORUKONDA,DUDAMETA,KICHIVELLI,14
Malkangiri,KORUKONDA,DUDAMETA,KOYAGUDA,76
Malkangiri,KORUKONDA,DUDAMETA,NARAYANGUDA,1
Malkangiri,KORUKONDA,DUDAMETA,PALAMETA,4
Malkangiri,KORUKONDA,DUDAMETA,PALAMETLA,1
Malkangiri,KORUKONDA,DUDAMETA,PALMETA,32
Malkangiri,KORUKONDA,KAMWADA,BAKALIGUDA,1
Malkangiri,KORUKONDA,KAMWADA,CHERIGUDA,1
Malkangiri,KORUKONDA,KAMWADA,KAMWADA,84
Malkangiri,KORUKONDA,KAMWADA,KOYAGUDA,1
Malkangiri,KORUKONDA,KAMWADA,MARKELGUDA,59
Malkangiri,KORUKONDA,KAMWADA,MARKELGUDA COL,34
Malkangiri,KORUKONDA,KAMWADA,MUNDIGUDA,1
Malkangiri,KORUKONDA,KAMWADA,PHANDIGUDA,26
Malkangiri,KORUKONDA,KAMWADA,TANDIKONDA,34
Malkangiri,KORUKONDA,KAMWADA,TENTULIGUDA,14
Malkangiri,KORUKONDA,KORUKONDA,BANDHAGUDA,5
Malkangiri,KORUKONDA,KORUKONDA,DSURMAGUDA,1
Malkangiri,KORUKONDA,KORUKONDA,DURMAGUDA,24
Malkangiri,KORUKONDA,KORUKONDA,HARIPUR,3
Malkangiri,KORUKONDA,KORUKONDA,JAMAGUDA,32
Malkangiri,KORUKONDA,KORUKONDA,JAMUGUDA,7
Malkangiri,KORUKONDA,KORUKONDA,KENDUGUDA B,1
Malkangiri,KORUKONDA,KORUKONDA,KHILLOGUDA,1
Malkangiri,KORUKONDA,KORUKONDA,KOILIPARI,44
Malkangiri,KORUKONDA,KORUKONDA,KOILLIPARI,1
Malkangiri,KORUKONDA,KORUKONDA,KORUKONDA,41
Malkangiri,KORUKONDA,KORUKONDA,MAULIGUDA,4
Malkangiri,KORUKONDA,KORUKONDA,NAYAKGUDA,20
Malkangiri,KORUKONDA,KORUKONDA,NUAGUDA,9
Malkangiri,KORUKONDA,KORUKONDA,PARAJAGUDA,11
Malkangiri,KORUKONDA,KORUKONDA,PUSHPALLI,3
Malkangiri,KORUKONDA,KORUKONDA,SARADAGUDA,64
Malkangiri,KORUKONDA,KORUKONDA,SINDHIGUDA,17
Malkangiri,KORUKONDA,KORUKONDA,SULIAPODAR,36
Malkangiri,KORUKONDA,MARIWADA,KATELGUDA,3
Malkangiri,KORUKONDA,MARIWADA,KUTIGUDA,49
Malkangiri,KORUKONDA,MARIWADA,MARIWADA,20
Malkangiri,KORUKONDA,MARIWADA,NAMELGUDA,33
Malkangiri,KORUKONDA,MARIWADA,NILIGUDA,16
Malkangiri,KORUKONDA,MARIWADA,NUAGUDA,6
Malkangiri,KORUKONDA,NAKAMAMUDI,AMBILIBEDA,93
Malkangiri,KORUKONDA,NAKAMAMUDI,ANGURGUDA,24
Malkangiri,KORUKONDA,NAKAMAMUDI,BADANKIAGUDA,59
Malkangiri,KORUKONDA,NAKAMAMUDI,BAMARING,17
Malkangiri,KORUKONDA,NAKAMAMUDI,BAMRING,7
Malkangiri,KORUKONDA,NAKAMAMUDI,BARLABANDHA,21
Malkangiri,KORUKONDA,NAKAMAMUDI,BATAGUDA,23
Malkangiri,KORUKONDA,NAKAMAMUDI,BAYAPADA,18
Malkangiri,KORUKONDA,NAKAMAMUDI,BAYAPODA,22
Malkangiri,KORUKONDA,NAKAMAMUDI,BHUTAJHOLA,18
Malkangiri,KORUKONDA,NAKAMAMUDI,BORLABANDHA,3
Malkangiri,KORUKONDA,NAKAMAMUDI,DAMDARBEDA,23
Malkangiri,KORUKONDA,NAKAMAMUDI,DAMODARBEDA,90
Malkangiri,KORUKONDA,NAKAMAMUDI,DUDUMAGUDA,16
Malkangiri,KORUKONDA,NAKAMAMUDI,DUMURIPADAR,5
Malkangiri,KORUKONDA,NAKAMAMUDI,GAJALBANDHA,3
Malkangiri,KORUKONDA,NAKAMAMUDI,GANGAPADA,3
Malkangiri,KORUKONDA,NAKAMAMUDI,GANGAPODA,96
Malkangiri,KORUKONDA,NAKAMAMUDI,GARDENPADAR,3
Malkangiri,KORUKONDA,NAKAMAMUDI,GARDENPODAR,15
Malkangiri,KORUKONDA,NAKAMAMUDI,GODIGUDA,10
Malkangiri,KORUKONDA,NAKAMAMUDI,GOPIGUDA,8
Malkangiri,KORUKONDA,NAKAMAMUDI,KARKAGUDA,56
Malkangiri,KORUKONDA,NAKAMAMUDI,KENDUGUDA,47
Malkangiri,KORUKONDA,NAKAMAMUDI,KHAJURIGUDA,44
Malkangiri,KORUKONDA,NAKAMAMUDI,MUDULIGUDA,34
Malkangiri,KORUKONDA,NAKAMAMUDI,NAKAMAMUDI,45
Malkangiri,KORUKONDA,NAKAMAMUDI,NARINGIJHOLA,25
Malkangiri,KORUKONDA,NAKAMAMUDI,NILALPARI,32
Malkangiri,KORUKONDA,NAKAMAMUDI,NILAPARI,40
Malkangiri,KORUKONDA,NAKAMAMUDI,PIPALPODAR,32
Malkangiri,KORUKONDA,NAKAMAMUDI,PURUNAPANI,5
Malkangiri,KORUKONDA,NAKAMAMUDI,RAJABANDHA,54
Malkangiri,KORUKONDA,NAKAMAMUDI,SINDHIGUDA,10
Malkangiri,KORUKONDA,NAKAMAMUDI,SURIPADA,25
Malkangiri,KORUKONDA,NAKAMAMUDI,TENTULIPADAR,7
Malkangiri,KORUKONDA,NAKAMAMUDI,TENTULIPODAR,20
Malkangiri,KORUKONDA,NAKAMAMUDI,TIKARPADA,13
Malkangiri,KORUKONDA,NAKAMAMUDI,TIKARPODA,3
Malkangiri,KORUKONDA,NILAKAMBERU,CHIMTAPALLI B,14
Malkangiri,KORUKONDA,NILAKAMBERU,CHIMTAPALLI-B,2
Malkangiri,KORUKONDA,NILAKAMBERU,PARAMILAPODAR,1
Malkangiri,KORUKONDA,NILAKAMBERU,SARLUKONDA,147
Malkangiri,KORUKONDA,OLD CHIMITAPALLI,AMBAGUDA,12
Malkangiri,KORUKONDA,OLD CHIMITAPALLI,BANDIGUDA,58
Malkangiri,KORUKONDA,OLD CHIMITAPALLI,BANGLAGUDA,9
Malkangiri,KORUKONDA,OLD CHIMITAPALLI,CHIMATAPALLI,26
Malkangiri,KORUKONDA,OLD CHIMITAPALLI,CHIMTAPALLI,7
Malkangiri,KORUKONDA,OLD CHIMITAPALLI,CHIMTAPALLI A,31
Malkangiri,KORUKONDA,OLD CHIMITAPALLI,CHIMTAPALLI-D,2
Malkangiri,KORUKONDA,OLD CHIMITAPALLI,JANTRI,16
Malkangiri,KORUKONDA,OLD CHIMITAPALLI,KATAPALLI,9
Malkangiri,KORUKONDA,OLD CHIMITAPALLI,KATAPALLI COL,70
Malkangiri,KORUKONDA,OLD CHIMITAPALLI,MARIWADA,4
Malkangiri,KORUKONDA,OLD CHIMITAPALLI,NUAGUDA,26
Malkangiri,KORUKONDA,OLD CHIMITAPALLI,NUAGUDA A,10
Malkangiri,KORUKONDA,OLD CHIMITAPALLI,OLD CHIMTAPALLI,45
Malkangiri,KORUKONDA,OLD CHIMITAPALLI,OLD KATAPALLI,96
Malkangiri,KORUKONDA,OLD CHIMITAPALLI,SINDHIBATA,4
Malkangiri,KORUKONDA,OLD CHIMITAPALLI,SUBARNAPUR,7
Malkangiri,KORUKONDA,OLD CHIMITAPALLI,TENTULIGUDA,102
Malkangiri,KORUKONDA,POTREL,DABEGUDA,12
Malkangiri,KORUKONDA,POTREL,GANGALAGUDA,63
Malkangiri,KORUKONDA,POTREL,KODIGUDA,18
Malkangiri,KORUKONDA,POTREL,OLD ORKEL,12
Malkangiri,KORUKONDA,POTREL,POTREL,65
Malkangiri,KORUKONDA,POTREL,PRAMILAPADAR,13
Malkangiri,KORUKONDA,POTREL,PRAMILAPODAR,32
Malkangiri,KORUKONDA,POTREL,SIRAGUDA,64
Malkangiri,KORUKONDA,POTREL,TALAKATGUDA,14
Malkangiri,KORUKONDA,POTREL,TEKGUDA,17
Malkangiri,KORUKONDA,POTREL,USKAPALLI,104
Malkangiri,KORUKONDA,SOMANATHPUR,ALANGGUDA,4
Malkangiri,KORUKONDA,SOMANATHPUR,APNAMALA,8
Malkangiri,KORUKONDA,SOMANATHPUR,B. KANDEL,1
Malkangiri,KORUKONDA,SOMANATHPUR,BANASULABHATA,19
Malkangiri,KORUKONDA,SOMANATHPUR,BANSULABHATA,7
Malkangiri,KORUKONDA,SOMANATHPUR,DHAUDAGUDA,52
Malkangiri,KORUKONDA,SOMANATHPUR,DUDUMAGUDA,30
Malkangiri,KORUKONDA,SOMANATHPUR,EKATAGUDA,19
Malkangiri,KORUKONDA,SOMANATHPUR,HATIAMBO,39
Malkangiri,KORUKONDA,SOMANATHPUR,KADAMGUDA,22
Malkangiri,KORUKONDA,SOMANATHPUR,KHARIGUDA,15
Malkangiri,KORUKONDA,SOMANATHPUR,KONDELBANDHA,22
Malkangiri,KORUKONDA,SOMANATHPUR,KONDELGUDA,56
Malkangiri,KORUKONDA,SOMANATHPUR,MAHESWARPUR,1
Malkangiri,KORUKONDA,SOMANATHPUR,MALIGUDA,8
Malkangiri,KORUKONDA,SOMANATHPUR,NILAKANTHA,3
Malkangiri,KORUKONDA,SOMANATHPUR,PILAKUSUMI,20
Malkangiri,KORUKONDA,SOMANATHPUR,PODAKHAL,26
Malkangiri,KORUKONDA,SOMANATHPUR,RANGAMGUDA,33
Malkangiri,KORUKONDA,SOMANATHPUR,SARADAGUDA,21
Malkangiri,KORUKONDA,SOMANATHPUR,SIMAGANDHI,17
Malkangiri,KORUKONDA,SOMANATHPUR,SOMNATHPUR,3
Malkangiri,KORUKONDA,SOMANATHPUR,SOMNATHUR,7
Malkangiri,KORUKONDA,SOMANATHPUR,TENTULIGUDA,1
Malkangiri,KORUKONDA,SOMANATHPUR,TOTAGUDA,26
Malkangiri,KORUKONDA,TARLAKOTA,ADIGUDA,22
Malkangiri,KORUKONDA,TARLAKOTA,BALICHUAN,10
Malkangiri,KORUKONDA,TARLAKOTA,BANUR,68
Malkangiri,KORUKONDA,TARLAKOTA,BONDAGIDA,1
Malkangiri,KORUKONDA,TARLAKOTA,BONDAGUDA,9
Malkangiri,KORUKONDA,TARLAKOTA,DALAPATIGUDA,9
Malkangiri,KORUKONDA,TARLAKOTA,JOGIPUT,18
Malkangiri,KORUKONDA,TARLAKOTA,KALIAMUNDA,27
Malkangiri,KORUKONDA,TARLAKOTA,KANTAMADI,55
Malkangiri,KORUKONDA,TARLAKOTA,KENDUGUDA,2
Malkangiri,KORUKONDA,TARLAKOTA,KENDUGUDA B COL.,2
Malkangiri,KORUKONDA,TARLAKOTA,KHARIGUDA,16
Malkangiri,KORUKONDA,TARLAKOTA,KHILLOGUDA,13
Malkangiri,KORUKONDA,TARLAKOTA,MAHULPUT,1
Malkangiri,KORUKONDA,TARLAKOTA,MAHUPADAR,47
Malkangiri,KORUKONDA,TARLAKOTA,NILAKANTHA,3
Malkangiri,KORUKONDA,TARLAKOTA,NUAGUDA,46
Malkangiri,KORUKONDA,TARLAKOTA,PATNAGUDA,9
Malkangiri,KORUKONDA,TARLAKOTA,PUSHPALLI,21
Malkangiri,KORUKONDA,TARLAKOTA,RANGAIPUSPALLI,40
Malkangiri,KORUKONDA,TARLAKOTA,RANGEIPUSPALLI,1
Malkangiri,KORUKONDA,TARLAKOTA,RANGMATIGUDA,36
Malkangiri,KORUKONDA,TARLAKOTA,SAHEBGUDA,20
Malkangiri,KORUKONDA,TARLAKOTA,SARADAGUDA,21
Malkangiri,KORUKONDA,TARLAKOTA,SARGIGUDA,35
Malkangiri,KORUKONDA,TARLAKOTA,SIMILIGUDA,26
Malkangiri,KORUKONDA,TARLAKOTA,TARLAKOTA,4
Malkangiri,KORUKONDA,TARLAKOTA,TARLAKOTA B,12
Malkangiri,KORUKONDA,TARLAKOTA,TARLAKOTA B COL.,62
Malkangiri,KORUKONDA,TARLAKOTA,TARLAKOTA C,52
Malkangiri,KORUKONDA,TARLAKOTA,TARLAKOTA-B COL,23
Malkangiri,KORUKONDA,TARLAKOTA,TENTULIGUDA,1
Malkangiri,KORUKONDA,TUMUSAPALLI,CHIDUPALLI,158
Malkangiri,KORUKONDA,TUMUSAPALLI,JIUTIPALLI,57
Malkangiri,KORUKONDA,TUMUSAPALLI,KARASTAGUDA,1
Malkangiri,KORUKONDA,TUMUSAPALLI,KEDRUGUDA,90
Malkangiri,KORUKONDA,TUMUSAPALLI,KENDRUGUDA,21
Malkangiri,KORUKONDA,TUMUSAPALLI,KENDUGUDA,20
Malkangiri,KORUKONDA,TUMUSAPALLI,PIGAGATA,2
Malkangiri,KORUKONDA,TUMUSAPALLI,PITAGATA,38
Malkangiri,KORUKONDA,TUMUSAPALLI,PITAKATA,26
Malkangiri,KORUKONDA,TUMUSAPALLI,TUMSAPALLI,1
Malkangiri,KORUKONDA,TUMUSAPALLI,TUMUSAPALLI,97
Malkangiri,MALKANGIRI,BIRALAXMANPUR,AMAKUNDA,1
Malkangiri,MALKANGIRI,BIRALAXMANPUR,B.L.PUR,9
Malkangiri,MALKANGIRI,BIRALAXMANPUR,BALUKUPULIGUDA,16
Malkangiri,MALKANGIRI,BIRALAXMANPUR,BANSAGUDA,4
Malkangiri,MALKANGIRI,BIRALAXMANPUR,BUTIGUDA,35
Malkangiri,MALKANGIRI,BIRALAXMANPUR,ENKTAGUDA,2
Malkangiri,MALKANGIRI,BIRALAXMANPUR,GANJAIBAHAL,96
Malkangiri,MALKANGIRI,BIRALAXMANPUR,GANJEIBAHAL,6
Malkangiri,MALKANGIRI,BIRALAXMANPUR,GODIPUT,22
Malkangiri,MALKANGIRI,BIRALAXMANPUR,GONJEIBAHAL,9
Malkangiri,MALKANGIRI,BIRALAXMANPUR,GOPIGUDA,8
Malkangiri,MALKANGIRI,BIRALAXMANPUR,GUDUMPADAR,4
Malkangiri,MALKANGIRI,BIRALAXMANPUR,GUDUMPODAR,101
Malkangiri,MALKANGIRI,BIRALAXMANPUR,JHATIGUDA,6
Malkangiri,MALKANGIRI,BIRALAXMANPUR,KADAMGUDA,7
Malkangiri,MALKANGIRI,BIRALAXMANPUR,KENDUGUDA,46
Malkangiri,MALKANGIRI,BIRALAXMANPUR,KENDUKONDA,5
Malkangiri,MALKANGIRI,BIRALAXMANPUR,KHADIKAJODI,30
Malkangiri,MALKANGIRI,BIRALAXMANPUR,KUPULIGUDA,5
Malkangiri,MALKANGIRI,BIRALAXMANPUR,KURUMPALLIGUDA,24
Malkangiri,MALKANGIRI,BIRALAXMANPUR,MARKAPALLI,60
Malkangiri,MALKANGIRI,BIRALAXMANPUR,METAGUDA,5
Malkangiri,MALKANGIRI,BIRALAXMANPUR,NARASINGHPUR,8
Malkangiri,MALKANGIRI,BIRALAXMANPUR,RANGINIGUDA,118
Malkangiri,MALKANGIRI,CHALLANGUDA,ALURA,42
Malkangiri,MALKANGIRI,CHALLANGUDA,BANAGIRIGUDA,6
Malkangiri,MALKANGIRI,CHALLANGUDA,BANKIGUDA,73
Malkangiri,MALKANGIRI,CHALLANGUDA,BUDRAGUDA,12
Malkangiri,MALKANGIRI,CHALLANGUDA,CHALANPADA,13
Malkangiri,MALKANGIRI,CHALLANGUDA,CHALLANGUDA,21
Malkangiri,MALKANGIRI,CHALLANGUDA,DANGASKHAL,118
Malkangiri,MALKANGIRI,CHALLANGUDA,DODUGUDA,1
Malkangiri,MALKANGIRI,CHALLANGUDA,DUDUGUDA,51
Malkangiri,MALKANGIRI,CHALLANGUDA,KODELGUDA,34
Malkangiri,MALKANGIRI,CHALLANGUDA,MASAGUDA,4
Malkangiri,MALKANGIRI,CHALLANGUDA,NUAGUDA,49
Malkangiri,MALKANGIRI,CHALLANGUDA,PENDALGUDA,22
Malkangiri,MALKANGIRI,CHALLANGUDA,RENGABANDHA,30
Malkangiri,MALKANGIRI,CHALLANGUDA,REZERGUDA,35
Malkangiri,MALKANGIRI,CHALLANGUDA,SIADIMALA,52
Malkangiri,MALKANGIRI,CHALLANGUDA,SUKRAGUDA,12
Malkangiri,MALKANGIRI,CHALLANGUDA,SYAMNAGAR,26
Malkangiri,MALKANGIRI,CHALLANGUDA,TALAPDAR,107
Malkangiri,MALKANGIRI,CHALLANGUDA,TITIBERI,62
Malkangiri,MALKANGIRI,GANGALA,ATALGUDA,15
Malkangiri,MALKANGIRI,GANGALA,BAHALGUDA,2
Malkangiri,MALKANGIRI,GANGALA,BANDHAGUDA,14
Malkangiri,MALKANGIRI,GANGALA,BAPANPALLI,157
Malkangiri,MALKANGIRI,GANGALA,BASUGUDA,9
Malkangiri,MALKANGIRI,GANGALA,BAYANAIKGUDA,27
Malkangiri,MALKANGIRI,GANGALA,DANGARGUDA,13
Malkangiri,MALKANGIRI,GANGALA,DEGRA,28
Malkangiri,MALKANGIRI,GANGALA,DENGAGUDA,92
Malkangiri,MALKANGIRI,GANGALA,GANGALA,1
Malkangiri,MALKANGIRI,GANGALA,GONGOLA,24
Malkangiri,MALKANGIRI,GANGALA,MACHIAMBA,15
Malkangiri,MALKANGIRI,GANGALA,PUTUGAM,11
Malkangiri,MALKANGIRI,GANGALA,RAULIGUDA,24
Malkangiri,MALKANGIRI,GORAKHUNTA,GORAKHUNTA,99
Malkangiri,MALKANGIRI,GORAKHUNTA,KAMALIGUDA,35
Malkangiri,MALKANGIRI,GORAKHUNTA,KRUSUWADA,64
Malkangiri,MALKANGIRI,GOUDAGUDA,BUTIGUDA,3
Malkangiri,MALKANGIRI,GOUDAGUDA,CHITANANDA,1
Malkangiri,MALKANGIRI,GOUDAGUDA,CHITANANDA ST,1
Malkangiri,MALKANGIRI,GOUDAGUDA,DURMAGUDA,1
Malkangiri,MALKANGIRI,GOUDAGUDA,GAMPHAKONDA,1
Malkangiri,MALKANGIRI,GOUDAGUDA,GOREGUDA,5
Malkangiri,MALKANGIRI,GOUDAGUDA,GOUDAGUDA,5
Malkangiri,MALKANGIRI,GOUDAGUDA,HATPADA,2
Malkangiri,MALKANGIRI,GOUDAGUDA,JAIL LANE,2
Malkangiri,MALKANGIRI,GOUDAGUDA,KADABAHAL,11
Malkangiri,MALKANGIRI,GOUDAGUDA,KATELIGUDA,19
Malkangiri,MALKANGIRI,GOUDAGUDA,KENDUGUDA,1
Malkangiri,MALKANGIRI,GOUDAGUDA,KICHIPALLI,1
Malkangiri,MALKANGIRI,GOUDAGUDA,MAULIGUDI,1
Malkangiri,MALKANGIRI,GOUDAGUDA,MV-111,2
Malkangiri,MALKANGIRI,GOUDAGUDA,PANCHABATI,2
Malkangiri,MALKANGIRI,GOUDAGUDA,RAMAGUDA,2
Malkangiri,MALKANGIRI,GOUDAGUDA,SABHAPATIGUDA,6
Malkangiri,MALKANGIRI,GOUDAGUDA,TANDIKI,1
Malkangiri,MALKANGIRI,GOUDAGUDA,TANDIKIGUDA,33
Malkangiri,MALKANGIRI,GOUDAGUDA,TEAKGUDA,6
Malkangiri,MALKANGIRI,GOUDAGUDA,TEKGUDA,19
Malkangiri,MALKANGIRI,JHARAPALLI,JHARAPALLI,124
Malkangiri,MALKANGIRI,JHARAPALLI,JHILARIGUDA,11
Malkangiri,MALKANGIRI,JHARAPALLI,JHILERIGUDA,38
Malkangiri,MALKANGIRI,JHARAPALLI,KONAGUDA,51
Malkangiri,MALKANGIRI,JHARAPALLI,KUPULIGUDA,1
Malkangiri,MALKANGIRI,JHARAPALLI,PARKAMEDUR,1
Malkangiri,MALKANGIRI,JHARAPALLI,RAMPUR,58
Malkangiri,MALKANGIRI,JHARAPALLI,TELIMETA,1
Malkangiri,MALKANGIRI,MARKAPALLI,B L PUR,4
Malkangiri,MALKANGIRI,MARKAPALLI,BAHALGUDA,15
Malkangiri,MALKANGIRI,MARKAPALLI,BATLAGUDA,12
Malkangiri,MALKANGIRI,MARKAPALLI,DUGALI,2
Malkangiri,MALKANGIRI,MARKAPALLI,DUMALIGUDA,35
Malkangiri,MALKANGIRI,MARKAPALLI,EKTAGUDA,1
Malkangiri,MALKANGIRI,MARKAPALLI,KAMALAPODAR,23
Malkangiri,MALKANGIRI,MARKAPALLI,KAMARGUDA,5
Malkangiri,MALKANGIRI,MARKAPALLI,KAMRGUDA,1
Malkangiri,MALKANGIRI,MARKAPALLI,KAUDIGUDA,1
Malkangiri,MALKANGIRI,MARKAPALLI,KHEMUDUGUDA,2
Malkangiri,MALKANGIRI,MARKAPALLI,KOUDIGUDA,26
Malkangiri,MALKANGIRI,MARKAPALLI,KUPULIGUDA,1
Malkangiri,MALKANGIRI,MARKAPALLI,MALALIGUDA,23
Malkangiri,MALKANGIRI,MARKAPALLI,MALALILGUDA,1
Malkangiri,MALKANGIRI,MARKAPALLI,MARKAPALLI,8
Malkangiri,MALKANGIRI,MARKAPALLI,PODABHATA,33
Malkangiri,MALKANGIRI,MARKAPALLI,PODOBHATA,9
Malkangiri,MALKANGIRI,MARKAPALLI,PODOBHATTA,7
Malkangiri,MALKANGIRI,MARKAPALLI,RAULIGUDA,1
Malkangiri,MALKANGIRI,MARKAPALLI,TAKANBHATA,19
Malkangiri,MALKANGIRI,MARKAPALLI,TAKANVATTA,6
Malkangiri,MALKANGIRI,MARKAPALLI,THAPPAGUDA,28
Malkangiri,MALKANGIRI,MATAPAKA,AKARPALLI,53
Malkangiri,MALKANGIRI,MATAPAKA,DURUMAGUDA,19
Malkangiri,MALKANGIRI,MATAPAKA,KAMALAPADAR,83
Malkangiri,MALKANGIRI,MATAPAKA,KAMALAPODAR,5
Malkangiri,MALKANGIRI,MATAPAKA,KATAMATTERU,67
Malkangiri,MALKANGIRI,MATAPAKA,KOYAGIRI,47
Malkangiri,MALKANGIRI,MATAPAKA,MATAPAKA,103
Malkangiri,MALKANGIRI,MATAPAKA,NAMGONDA,99
Malkangiri,MALKANGIRI,MATAPAKA,ORKELGUDA,60
Malkangiri,MALKANGIRI,PADMAGIRI,BAILAPARI,94
Malkangiri,MALKANGIRI,PADMAGIRI,CHANDANGUDA,28
Malkangiri,MALKANGIRI,PADMAGIRI,DANGARGUDA,18
Malkangiri,MALKANGIRI,PADMAGIRI,JADUGUDA,57
Malkangiri,MALKANGIRI,PADMAGIRI,PADMAGIRI,91
Malkangiri,MALKANGIRI,PANDRIPANI,BHALUGUDA,42
Malkangiri,MALKANGIRI,PANDRIPANI,BIJAPADAR COL,1
Malkangiri,MALKANGIRI,PANDRIPANI,BIJAPODAR,78
Malkangiri,MALKANGIRI,PANDRIPANI,BUTIGUDA,1
Malkangiri,MALKANGIRI,PANDRIPANI,JHATIKAGUDA,26
Malkangiri,MALKANGIRI,PANDRIPANI,KENDUGUDA,2
Malkangiri,MALKANGIRI,PANDRIPANI,KUMBHARGUDA,12
Malkangiri,MALKANGIRI,PANDRIPANI,KURUDUGUDA,2
Malkangiri,MALKANGIRI,PANDRIPANI,NARASINGHGUDA,1
Malkangiri,MALKANGIRI,PANDRIPANI,PANDRIPANI,1
Malkangiri,MALKANGIRI,PANDRIPANI,PUJARIMUNDA,48
Malkangiri,MALKANGIRI,PANDRIPANI,SARGIGUDA,45
Malkangiri,MALKANGIRI,PEDAKONDA,BADIGUDA,13
Malkangiri,MALKANGIRI,PEDAKONDA,DURMAGUDA,12
Malkangiri,MALKANGIRI,PEDAKONDA,KENDUGUDA,78
Malkangiri,MALKANGIRI,PEDAKONDA,MATIGUDA,38
Malkangiri,MALKANGIRI,PEDAKONDA,MONGO,67
Malkangiri,MALKANGIRI,PEDAKONDA,PEDAKONDA,99
Malkangiri,MALKANGIRI,PEDAKONDA,TALAGUDA,47
Malkangiri,MALKANGIRI,PEDAWADA,BARAJA,83
Malkangiri,MALKANGIRI,PEDAWADA,DUGALI,3
Malkangiri,MALKANGIRI,PEDAWADA,LIMAGDA,1
Malkangiri,MALKANGIRI,PEDAWADA,LIMAGUDA,28
Malkangiri,MALKANGIRI,PEDAWADA,PEDAWADA,196
Malkangiri,MALKANGIRI,PEDAWADA,RANGINIGUDA,1
Malkangiri,MALKANGIRI,SERPALLI,ARANGIGUDA,3
Malkangiri,MALKANGIRI,SERPALLI,ARENGIGUDA,8
Malkangiri,MALKANGIRI,SERPALLI,ARINGIGUDA,7
Malkangiri,MALKANGIRI,SERPALLI,BAREGUDA,2
Malkangiri,MALKANGIRI,SERPALLI,BHALIAGUDA,46
Malkangiri,MALKANGIRI,SERPALLI,BURUDAGUDA,4
Malkangiri,MALKANGIRI,SERPALLI,GUDUNAD,52
Malkangiri,MALKANGIRI,SERPALLI,KUSUMBAHAL,96
Malkangiri,MALKANGIRI,SERPALLI,MEMBARGUDA,3
Malkangiri,MALKANGIRI,SERPALLI,MEMBERGUDA,7
Malkangiri,MALKANGIRI,SERPALLI,MICHUARIGUDA,21
Malkangiri,MALKANGIRI,SERPALLI,NAYAKAUGA,1
Malkangiri,MALKANGIRI,SERPALLI,NAYAKGUDA,14
Malkangiri,MALKANGIRI,SERPALLI,NUAGUDA,51
Malkangiri,MALKANGIRI,SERPALLI,PADARAPALLI,93
Malkangiri,MALKANGIRI,SERPALLI,RANGAMATIGUDA,26
Malkangiri,MALKANGIRI,SERPALLI,SARGIGUDA,54
Malkangiri,MALKANGIRI,SERPALLI,SERPALLI,56
Malkangiri,MALKANGIRI,SERPALLI,TANGINITANG,69
Malkangiri,MALKANGIRI,SIKHAPALLI,GORAKHUNTA,2
Malkangiri,MALKANGIRI,SIKHAPALLI,KODELMETLA,40
Malkangiri,MALKANGIRI,SIKHAPALLI,PAKHNAGUDA,75
Malkangiri,MALKANGIRI,SIKHAPALLI,PALKONDA,107
Malkangiri,MALKANGIRI,SIKHAPALLI,PULLOGUDA,19
Malkangiri,MALKANGIRI,SIKHAPALLI,SARADAGUDA,1
Malkangiri,MALKANGIRI,SIKHAPALLI,SIKHPALLI,108
Malkangiri,MALKANGIRI,SIKHAPALLI,URMAGUDA,41
Malkangiri,MALKANGIRI,SIKHPALLY,URMAGUDA,41
Malkangiri,MALKANGIRI,SINDHRIMAL,ANDIHAGUDA,2
Malkangiri,MALKANGIRI,SINDHRIMAL,BANDHAGUDA,95
Malkangiri,MALKANGIRI,SINDHRIMAL,BARKALIGUDA,12
Malkangiri,MALKANGIRI,SINDHRIMAL,BATRIATAL,78
Malkangiri,MALKANGIRI,SINDHRIMAL,BHIMARANGINI,110
Malkangiri,MALKANGIRI,SINDHRIMAL,CHAMPA NAGAR,1
Malkangiri,MALKANGIRI,SINDHRIMAL,CHAMPAKHARI,33
Malkangiri,MALKANGIRI,SINDHRIMAL,CHAMPANAGAR,27
Malkangiri,MALKANGIRI,SINDHRIMAL,DAMAGUDA,39
Malkangiri,MALKANGIRI,SINDHRIMAL,DANGARGUDA,6
Malkangiri,MALKANGIRI,SINDHRIMAL,DORAGUDA,20
Malkangiri,MALKANGIRI,SINDHRIMAL,EJARGUDA,29
Malkangiri,MALKANGIRI,SINDHRIMAL,ERAKUSUMI,39
Malkangiri,MALKANGIRI,SINDHRIMAL,GANDHIPALLI,23
Malkangiri,MALKANGIRI,SINDHRIMAL,KANDIKIGUDA,3
Malkangiri,MALKANGIRI,SINDHRIMAL,KARASTAGUDA,7
Malkangiri,MALKANGIRI,SINDHRIMAL,KONGODI,7
Malkangiri,MALKANGIRI,SINDHRIMAL,KUKUDAGUDA,51
Malkangiri,MALKANGIRI,SINDHRIMAL,MANUSHA,27
Malkangiri,MALKANGIRI,SINDHRIMAL,MANUSKONDA,1
Malkangiri,MALKANGIRI,SINDHRIMAL,MUNUSKONDA,17
Malkangiri,MALKANGIRI,SINDHRIMAL,NUA SIMAGUDI,41
Malkangiri,MALKANGIRI,SINDHRIMAL,NUA-SIMAGUDI,20
Malkangiri,MALKANGIRI,SINDHRIMAL,NUASIMAGUDI,3
Malkangiri,MALKANGIRI,SINDHRIMAL,PADMAPUR,83
Malkangiri,MALKANGIRI,SINDHRIMAL,SANYASIGUDA,11
Malkangiri,MALKANGIRI,SINDHRIMAL,SARGIGUDA,11
Malkangiri,MALKANGIRI,SINDHRIMAL,SARISAMAL,7
Malkangiri,MALKANGIRI,SINDHRIMAL,SARISAMALA,11
Malkangiri,MALKANGIRI,SINDHRIMAL,SARISMALA,24
Malkangiri,MALKANGIRI,SINDHRIMAL,SIMAGUDI,29
Malkangiri,MALKANGIRI,SINDHRIMAL,SINDHRIMAL,73
Malkangiri,MALKANGIRI,SINDHRIMAL,SINDHRIMALA,1
Malkangiri,MALKANGIRI,SINDHRIMAL,SORISHMALA,5
Malkangiri,MALKANGIRI,SINDHRIMAL,TALAGUDA,13
Malkangiri,MALKANGIRI,SINDHRIMAL,TENTULIGUDA,17
Malkangiri,MALKANGIRI,SINDHRIMAL,UPPARGUDA,5
Malkangiri,MALKANGIRI,TAMASA,BAILAPARI,21
Malkangiri,MALKANGIRI,TAMASA,DARIGUDA,14
Malkangiri,MALKANGIRI,TAMASA,DHARIGUDA,33
Malkangiri,MALKANGIRI,TAMASA,JAGANNATHPALLI,1
Malkangiri,MALKANGIRI,TAMASA,MUNUSA COL,1
Malkangiri,MALKANGIRI,TAMASA,NANDUGUDA,1
Malkangiri,MALKANGIRI,TAMASA,PEDAWADA,1
Malkangiri,MALKANGIRI,TAMASA,RAULIGUDA,6
Malkangiri,MALKANGIRI,TAMASA,TAMASA,101
Malkangiri,MALKANGIRI,TAMASA,TANDAPALLI,23
Malkangiri,MALKANGIRI,TAMASA,TUMSAPALLI,1
Malkangiri,MALKANGIRI,TANDAPALLI,IRMAGUDA,6
Malkangiri,MALKANGIRI,TANDAPALLI,NANDAGUDA,9
Malkangiri,MALKANGIRI,TANDAPALLI,PARAJAGUDA,10
Malkangiri,MALKANGIRI,TANDAPALLI,SINGARAJ KHUNTA,104
Malkangiri,MALKANGIRI,TANDAPALLI,TANDAPALLI,70
Malkangiri,MALKANGIRI,TANDIKI,AAITUGUDA,1
Malkangiri,MALKANGIRI,TANDIKI,BANDIKIGUDA,91
Malkangiri,MALKANGIRI,TANDIKI,BUDRA MADHI,1
Malkangiri,MALKANGIRI,TANDIKI,BURUDI,17
Malkangiri,MALKANGIRI,TANDIKI,DEBA KABASI,1
Malkangiri,MALKANGIRI,TANDIKI,GANGA KABASI,1
Malkangiri,MALKANGIRI,TANDIKI,GURAGHAT,26
Malkangiri,MALKANGIRI,TANDIKI,JAMGUDA,14
Malkangiri,MALKANGIRI,TANDIKI,JAMUGUDA,2
Malkangiri,MALKANGIRI,TANDIKI,LAKHANPUR,28
Malkangiri,MALKANGIRI,TANDIKI,MARA PODIAMI,1
Malkangiri,MALKANGIRI,TANDIKI,NANDA KABASI,1
Malkangiri,MALKANGIRI,TANDIKI,NARAYANGUDA,1
Malkangiri,MALKANGIRI,TANDIKI,PODIA KABASI,1
Malkangiri,MALKANGIRI,TANDIKI,PODIA SODI,1
Malkangiri,MALKANGIRI,TANDIKI,RAMA KABASI,1
Malkangiri,MALKANGIRI,TANDIKI,RAMA PODIAMI,1
Malkangiri,MALKANGIRI,TANDIKI,SUKRA KABASI,1
Malkangiri,MALKANGIRI,TANDIKI,TANDIKI,13
Malkangiri,MALKANGIRI,TANDIKI,TENTULIGUDA,41
Malkangiri,MALKANGIRI,TARLAKOTA,MAHULPUT,8
Malkangiri,MALKANGIRI,UDUPA,AKUR,93
Malkangiri,MALKANGIRI,UDUPA,ATALGUDA,7
Malkangiri,MALKANGIRI,UDUPA,KACHALI,84
Malkangiri,MALKANGIRI,UDUPA,LAXMANPUR,77
Malkangiri,MALKANGIRI,UDUPA,MADKAGUDA,4
Malkangiri,MALKANGIRI,UDUPA,MENDAGUDA,65
Malkangiri,MALKANGIRI,UDUPA,PATITANG,74
Malkangiri,MALKANGIRI,UDUPA,TANDAPALLI,64
Malkangiri,MALKANGIRI,UDUPA,TANGAPALLI,79
Malkangiri,MALKANGIRI,UDUPA,TANGAPALLY,6
Malkangiri,MALKANGIRI,UDUPA,UDUPA,110
Malkangiri,MATHILI,AMBAGUDA,AMBAGUDA,16
Malkangiri,MATHILI,AMBAGUDA,BARIABAHAL,89
Malkangiri,MATHILI,AMBAGUDA,BURUDIGUDA,36
Malkangiri,MATHILI,AMBAGUDA,KHADIMATI,37
Malkangiri,MATHILI,AMBAGUDA,KUTTAPLLY,1
Malkangiri,MATHILI,AMBAGUDA,MADKAMIGUDA,41
Malkangiri,MATHILI,AMBAGUDA,SINGALBACHA,48
Malkangiri,MATHILI,B PANGAM,B PANGAM,21
Malkangiri,MATHILI,B PANGAM,BALIGUDA,7
Malkangiri,MATHILI,B PANGAM,BANUAGUDA,2
Malkangiri,MATHILI,B PANGAM,KENDUGUDA,1
Malkangiri,MATHILI,B PANGAM,KUPULIGUDA,11
Malkangiri,MATHILI,BHANDARIPANGAM,AMAGUDA,1
Malkangiri,MATHILI,BHANDARIPANGAM,BAGHAJHOLLA,29
Malkangiri,MATHILI,BHANDARIPANGAM,BATEGUDA,1
Malkangiri,MATHILI,BHANDARIPANGAM,DURMAGUDA,44
Malkangiri,MATHILI,BHANDARIPANGAM,GOATIGUDA,1
Malkangiri,MATHILI,BHANDARIPANGAM,GOTIGUDA,6
Malkangiri,MATHILI,BHANDARIPANGAM,JAMUGUDA,5
Malkangiri,MATHILI,BHANDARIPANGAM,MADIGUDA,24
Malkangiri,MATHILI,BHANDARIPANGAM,MARKAPALLI,59
Malkangiri,MATHILI,BHANDARIPANGAM,MATIGUDA,1
Malkangiri,MATHILI,BHANDARIPANGAM,MUNDAGUDA,11
Malkangiri,MATHILI,BHANDARIPANGAM,MUNDAKADARA,22
Malkangiri,MATHILI,BHANDARIPANGAM,PHULAGUDA,6
Malkangiri,MATHILI,BHANDARIPANGAM,PULAGUDA,12
Malkangiri,MATHILI,BHANDARIPANGAM,SARGIGUDA,1
Malkangiri,MATHILI,BHEJAGUDA,ADKUGUDA,1
Malkangiri,MATHILI,BHEJAGUDA,ARANGIGUDA,3
Malkangiri,MATHILI,BHEJAGUDA,BALALEM,2
Malkangiri,MATHILI,BHEJAGUDA,BOLALEM,10
Malkangiri,MATHILI,BHEJAGUDA,BURUDABAHAL,8
Malkangiri,MATHILI,BHEJAGUDA,DAMAGUDA,1
Malkangiri,MATHILI,BHEJAGUDA,DENGAGUDA,4
Malkangiri,MATHILI,BHEJAGUDA,GADANGGUDA,1
Malkangiri,MATHILI,BHEJAGUDA,GARADIGUDA,8
Malkangiri,MATHILI,BHEJAGUDA,GUNDEGUDA,2
Malkangiri,MATHILI,BHEJAGUDA,GURUGUDA,5
Malkangiri,MATHILI,BHEJAGUDA,JAMGUDA,23
Malkangiri,MATHILI,BHEJAGUDA,JAMUGUDA,40
Malkangiri,MATHILI,BHEJAGUDA,KATAMETA PADAR,2
Malkangiri,MATHILI,BHEJAGUDA,KATAMETAPADAR,2
Malkangiri,MATHILI,BHEJAGUDA,KOILIGUDA,30
Malkangiri,MATHILI,BHEJAGUDA,KOTAMETA,22
Malkangiri,MATHILI,BHEJAGUDA,KOTAMETA - 2,14
Malkangiri,MATHILI,BHEJAGUDA,KOTAMETA - I,4
Malkangiri,MATHILI,BHEJAGUDA,KOTAMETA COL,1
Malkangiri,MATHILI,BHEJAGUDA,KOTAMETA-1,5
Malkangiri,MATHILI,BHEJAGUDA,KOTAMETA-3,3
Malkangiri,MATHILI,BHEJAGUDA,KOTAMETAPADAR,3
Malkangiri,MATHILI,BHEJAGUDA,KUPULIGUDA,16
Malkangiri,MATHILI,BHEJAGUDA,MADHIGUDA,3
Malkangiri,MATHILI,BHEJAGUDA,MADKAGUDA,27
Malkangiri,MATHILI,BHEJAGUDA,MUDULIGUDA,19
Malkangiri,MATHILI,BHEJAGUDA,MUNDAKADARA,4
Malkangiri,MATHILI,BHEJAGUDA,NAMGUDA,3
Malkangiri,MATHILI,BHEJAGUDA,PAKANAMUDA,1
Malkangiri,MATHILI,BHEJAGUDA,PAKHANAMUNDA,6
Malkangiri,MATHILI,BHEJAGUDA,PAKHNAMUNDA,39
Malkangiri,MATHILI,BHEJAGUDA,PALKAGUDA,21
Malkangiri,MATHILI,BHEJAGUDA,PARAJAGUDA,6
Malkangiri,MATHILI,BHEJAGUDA,PULAPALI,82
Malkangiri,MATHILI,BHEJAGUDA,PULAPALI COL,7
Malkangiri,MATHILI,BHEJAGUDA,PURUNAMUNDA,6
Malkangiri,MATHILI,BHEJAGUDA,RANGINIGUDA,5
Malkangiri,MATHILI,BHEJAGUDA,SARGIGUDA,103
Malkangiri,MATHILI,BHEJAGUDA,SAULIGUDA,1
Malkangiri,MATHILI,BHEJAGUDA,SAUNLIGUDA,30
Malkangiri,MATHILI,BHEJAGUDA,SAUNLILGUDA,2
Malkangiri,MATHILI,CHAULAMENDI,ANLAJODI,15
Malkangiri,MATHILI,CHAULAMENDI,B.MAJHIGUDA,9
Malkangiri,MATHILI,CHAULAMENDI,BANDHAGUDA,37
Malkangiri,MATHILI,CHAULAMENDI,BODAGUDA,48
Malkangiri,MATHILI,CHAULAMENDI,BONDA MAJHIGUDA,13
Malkangiri,MATHILI,CHAULAMENDI,BUTIGUDA COLONY,1
Malkangiri,MATHILI,CHAULAMENDI,K MAJHIGUDA,6
Malkangiri,MATHILI,CHAULAMENDI,KHADIMATI,1
Malkangiri,MATHILI,CHAULAMENDI,KHAJURIGUDA,1
Malkangiri,MATHILI,CHAULAMENDI,KOTAMETA,3
Malkangiri,MATHILI,CHAULAMENDI,KOTRIMAJHIGUDA,8
Malkangiri,MATHILI,CHAULAMENDI,NUAGUDA,25
Malkangiri,MATHILI,CHAULAMENDI,PURUNAGUDA,4
Malkangiri,MATHILI,CHEDENGA,BADAKARAPALLI,34
Malkangiri,MATHILI,CHEDENGA,CHEDENGA,67
Malkangiri,MATHILI,CHEDENGA,DORAGUDA,27
Malkangiri,MATHILI,CHEDENGA,GURUGUDA,12
Malkangiri,MATHILI,CHEDENGA,JAMUGUDA,14
Malkangiri,MATHILI,CHEDENGA,KARAPALLI,26
Malkangiri,MATHILI,CHEDENGA,KAUDIGUDA,22
Malkangiri,MATHILI,CHEDENGA,KORAPALLI,2
Malkangiri,MATHILI,CHEDENGA,NUAGUDA,12
Malkangiri,MATHILI,CHEDENGA,PUJARIGUDA,15
Malkangiri,MATHILI,CHEDENGA,SANAKARAPALLI,66
Malkangiri,MATHILI,CHEDENGA,SARADAPUT,111
Malkangiri,MATHILI,CHEDENGA,SARGIGUDA,26
Malkangiri,MATHILI,CHEDENGA,SINDHABEDA,42
Malkangiri,MATHILI,CHEDENGA,TANGINIGUDA,16
Malkangiri,MATHILI,DALAPATIGUDA,DAIGUDA,84
Malkangiri,MATHILI,DALAPATIGUDA,DALAPATIGUDA,61
Malkangiri,MATHILI,DALAPATIGUDA,DURAGUDA,93
Malkangiri,MATHILI,DALAPATIGUDA,KATLAGUDA,21
Malkangiri,MATHILI,DALAPATIGUDA,KENDUGUDA,37
Malkangiri,MATHILI,DALAPATIGUDA,KORAPALLI,3
Malkangiri,MATHILI,DALAPATIGUDA,MALIGUDA,1
Malkangiri,MATHILI,DALAPATIGUDA,MENDKULI,15
Malkangiri,MATHILI,DALAPATIGUDA,MENDUKULI,24
Malkangiri,MATHILI,DALAPATIGUDA,RAMAGUDA,47
Malkangiri,MATHILI,DHAUDAGUDA,DHAUDAGUDA,1
Malkangiri,MATHILI,DHUNGIAPUT,ATALGUDA,19
Malkangiri,MATHILI,DHUNGIAPUT,BAGAM,10
Malkangiri,MATHILI,DHUNGIAPUT,BAKILGUDA,4
Malkangiri,MATHILI,DHUNGIAPUT,BAKILIGUDA,1
Malkangiri,MATHILI,DHUNGIAPUT,BATA GUDA,1
Malkangiri,MATHILI,DHUNGIAPUT,BATAGUDA,1
Malkangiri,MATHILI,DHUNGIAPUT,BENGPANIGUDA,11
Malkangiri,MATHILI,DHUNGIAPUT,BHATTAGUDA,1
Malkangiri,MATHILI,DHUNGIAPUT,BIMANPALLI,112
Malkangiri,MATHILI,DHUNGIAPUT,DHAKADGUDA,1
Malkangiri,MATHILI,DHUNGIAPUT,DHUNGIAPUT,19
Malkangiri,MATHILI,DHUNGIAPUT,DURKAJODI,1
Malkangiri,MATHILI,DHUNGIAPUT,GUMMAJODI,3
Malkangiri,MATHILI,DHUNGIAPUT,HANDALGUDA,4
Malkangiri,MATHILI,DHUNGIAPUT,JADAPALLI,11
Malkangiri,MATHILI,DHUNGIAPUT,K NAYAKGUDA,6
Malkangiri,MATHILI,DHUNGIAPUT,KALIA NAYAKGUDA,3
Malkangiri,MATHILI,DHUNGIAPUT,KARDAGUDA,14
Malkangiri,MATHILI,DHUNGIAPUT,MADKAGUDA,2
Malkangiri,MATHILI,DHUNGIAPUT,MALIGUDA,16
Malkangiri,MATHILI,DHUNGIAPUT,MENDKULI,1
Malkangiri,MATHILI,DHUNGIAPUT,PATRAGUDA,19
Malkangiri,MATHILI,DHUNGIAPUT,PATRAPUT,55
Malkangiri,MATHILI,DURKAJODI,DURKAJODI,142
Malkangiri,MATHILI,KAMARPALLI,BAKADAGUDA,5
Malkangiri,MATHILI,KAMARPALLI,CHIHORKAPA,18
Malkangiri,MATHILI,KAMARPALLI,KAMARPALLI,23
Malkangiri,MATHILI,KAMARPALLI,KURUMPALLI,24
Malkangiri,MATHILI,KAMARPALLI,MANGARAGUDA,16
Malkangiri,MATHILI,KAMARPALLI,MANGARGUDA,3
Malkangiri,MATHILI,KAMARPALLI,MESAGANDHI,2
Malkangiri,MATHILI,KAMARPALLI,METAGUDA,1
Malkangiri,MATHILI,KAMARPALLI,MITUGUDA,1
Malkangiri,MATHILI,KAMARPALLI,MUNDAGUDA,2
Malkangiri,MATHILI,KAMARPALLI,NUAGUDA,5
Malkangiri,MATHILI,KAMARPALLI,PEDAGUDA,4
Malkangiri,MATHILI,KAMARPALLI,PERAMAGUDA,1
Malkangiri,MATHILI,KAMARPALLI,PREMAGUDA,2
Malkangiri,MATHILI,KAMARPALLI,PUJARIGUDA,8
Malkangiri,MATHILI,KAMARPALLI,SODI GUDA,1
Malkangiri,MATHILI,KAMARPALLI,SODIGUDA,10
Malkangiri,MATHILI,KAMARPALLI,TENTULIGUDA,1
Malkangiri,MATHILI,KARTANPALLI,DURKAGUDA,30
Malkangiri,MATHILI,KARTANPALLI,KARTANPALLI,126
Malkangiri,MATHILI,KARTANPALLI,KERANGJOBA,12
Malkangiri,MATHILI,KARTANPALLI,KOPRA,60
Malkangiri,MATHILI,KARTANPALLI,LAKAGUDA,24
Malkangiri,MATHILI,KARTANPALLI,LAKTIGUDA,1
Malkangiri,MATHILI,KARTANPALLI,LULER,132
Malkangiri,MATHILI,KARTANPALLI,LULLER,1
Malkangiri,MATHILI,KARTANPALLI,SANAGUMMA,62
Malkangiri,MATHILI,KARTANPALLI,SERPALLI,2
Malkangiri,MATHILI,KARTANPALLI,UDAYAGIRI,75
Malkangiri,MATHILI,KATAPALLI,BADARENGA BEDA,74
Malkangiri,MATHILI,KATAPALLI,BANDHAGUDA,10
Malkangiri,MATHILI,KATAPALLI,BEDURPALLI,1
Malkangiri,MATHILI,KATAPALLI,BEDURUPALLI,38
Malkangiri,MATHILI,KATAPALLI,BHUSADI GUDA,4
Malkangiri,MATHILI,KATAPALLI,BHUSUDI GUDA,2
Malkangiri,MATHILI,KATAPALLI,BODAGUDA,29
Malkangiri,MATHILI,KATAPALLI,DUSANAD,56
Malkangiri,MATHILI,KATAPALLI,KADAMGUDA,14
Malkangiri,MATHILI,KATAPALLI,KANDIKIPODAR,2
Malkangiri,MATHILI,KATAPALLI,KATAPALLI,5
Malkangiri,MATHILI,KATAPALLI,MADIGUDA,1
Malkangiri,MATHILI,KATAPALLI,MAJHIGUDA,2
Malkangiri,MATHILI,KATAPALLI,MATIGUDA,10
Malkangiri,MATHILI,KATAPALLI,MUCHUKIRASI,17
Malkangiri,MATHILI,KATAPALLI,NUAGUDA,12
Malkangiri,MATHILI,KATAPALLI,OLD KOTAPALLI,16
Malkangiri,MATHILI,KATAPALLI,PITATANG,51
Malkangiri,MATHILI,KATAPALLI,RANGINIGUDA,20
Malkangiri,MATHILI,KATAPALLI,SARANGAPALLI,60
Malkangiri,MATHILI,KIANGO,BADASERPALLI,9
Malkangiri,MATHILI,KIANGO,BALDIAGUDA,1
Malkangiri,MATHILI,KIANGO,BHAINSAGHAT,83
Malkangiri,MATHILI,KIANGO,BIRENPALLI,26
Malkangiri,MATHILI,KIANGO,JIGIDIPALLI,37
Malkangiri,MATHILI,KIANGO,KASIGUDA,7
Malkangiri,MATHILI,KIANGO,KIANG,3
Malkangiri,MATHILI,KIANGO,MADAPALLI,32
Malkangiri,MATHILI,KIANGO,MAJARIGUDA,1
Malkangiri,MATHILI,KIANGO,MAJHARIGUDA,5
Malkangiri,MATHILI,KIANGO,MANDAPALLI,24
Malkangiri,MATHILI,KIANGO,NUAGUDA,30
Malkangiri,MATHILI,KIANGO,PUJARIGUDA,2
Malkangiri,MATHILI,KIANGO,SARANGPALLI,117
Malkangiri,MATHILI,KIANGO,SARGIGUDA,9
Malkangiri,MATHILI,KIANGO,TELEKBECHA,3
Malkangiri,MATHILI,KIANGO,TELKABACHHA,18
Malkangiri,MATHILI,KONGRABEDA,KONGRABEDA,13
Malkangiri,MATHILI,KUTUNIPALLI,ATALGUDA,2
Malkangiri,MATHILI,KUTUNIPALLI,BEBARIGUDA,7
Malkangiri,MATHILI,KUTUNIPALLI,DALAPATIPUT,60
Malkangiri,MATHILI,KUTUNIPALLI,KADAPODAR,45
Malkangiri,MATHILI,KUTUNIPALLI,KANTABAUNSAGUDA,2
Malkangiri,MATHILI,KUTUNIPALLI,KENDUGUDA,17
Malkangiri,MATHILI,KUTUNIPALLI,KUDUKUGUDA,2
Malkangiri,MATHILI,KUTUNIPALLI,KUTUNIPALLI,73
Malkangiri,MATHILI,KUTUNIPALLI,MAJHIGUDA,1
Malkangiri,MATHILI,KUTUNIPALLI,NETALGONDHI,52
Malkangiri,MATHILI,KUTUNIPALLI,PUJARIGUDA,7
Malkangiri,MATHILI,KUTUNIPALLI,SINGALGUDA,16
Malkangiri,MATHILI,KUTUNIPALLI,TIMASPUT,42
Malkangiri,MATHILI,MAHUPADAR,AMBAGUDA,13
Malkangiri,MATHILI,MAHUPADAR,BATIGUDA,1
Malkangiri,MATHILI,MAHUPADAR,DANDIPADAR,55
Malkangiri,MATHILI,MAHUPADAR,GOLIAGUDA,41
Malkangiri,MATHILI,MAHUPADAR,GURUGUDA,3
Malkangiri,MATHILI,MAHUPADAR,KASARBHATA,62
Malkangiri,MATHILI,MAHUPADAR,MAHUPADAR,143
Malkangiri,MATHILI,MAHUPADAR,MANJARIGUDA,11
Malkangiri,MATHILI,MAHUPADAR,PAKHANAGUDA,11
Malkangiri,MATHILI,MAHUPADAR,PEREMARASI,2
Malkangiri,MATHILI,MAHUPADAR,PERMARASI,4
Malkangiri,MATHILI,MAHUPADAR,PUJARIGUDA,71
Malkangiri,MATHILI,MAHUPADAR,SINDHIGUDA,26
Malkangiri,MATHILI,MAHUPADAR,TAILIGUDA,10
Malkangiri,MATHILI,MATHILI,DHAUDAGUDA,15
Malkangiri,MATHILI,MATHILI,MUNDAGUDA,22
Malkangiri,MATHILI,MATHILI,PALARI PADAR,6
Malkangiri,MATHILI,MECCA,BHALIAGUDA,21
Malkangiri,MATHILI,MECCA,BHANDARIPANGAM,61
Malkangiri,MATHILI,MECCA,BHATAGUDA,3
Malkangiri,MATHILI,MECCA,BIJAPADAR,53
Malkangiri,MATHILI,MECCA,DAMAPODA,18
Malkangiri,MATHILI,MECCA,DANGDAGUDA,23
Malkangiri,MATHILI,MECCA,DENGAGUDA,9
Malkangiri,MATHILI,MECCA,DURKAGUDA,13
Malkangiri,MATHILI,MECCA,KALIAGUDA,59
Malkangiri,MATHILI,MECCA,KUPULIGUDA,34
Malkangiri,MATHILI,MECCA,LIMAGUDA,7
Malkangiri,MATHILI,MECCA,MADIGUDA,22
Malkangiri,MATHILI,MECCA,MANJARIGUDA,79
Malkangiri,MATHILI,MECCA,MECCA,49
Malkangiri,MATHILI,MECCA,MUNDAGUDA,4
Malkangiri,MATHILI,MECCA,NUAGUDA,21
Malkangiri,MATHILI,MECCA,PANDRIGUDA,13
Malkangiri,MATHILI,MECCA,PUJARIGUDA,13
Malkangiri,MATHILI,MECCA,RABANGUDA,17
Malkangiri,MATHILI,MECCA,SIRAGUDA,7
Malkangiri,MATHILI,MECCA,TALAGUDA,3
Malkangiri,MATHILI,NAYAKGUDA,ANLAGUDA,48
Malkangiri,MATHILI,NAYAKGUDA,BATAGUDA,12
Malkangiri,MATHILI,NAYAKGUDA,CHALLANGUDA,82
Malkangiri,MATHILI,NAYAKGUDA,DARDURGUDA,42
Malkangiri,MATHILI,NAYAKGUDA,KHAIRAPALI,12
Malkangiri,MATHILI,NAYAKGUDA,KHAIRAPALLI,87
Malkangiri,MATHILI,NAYAKGUDA,KOILIGUDA,1
Malkangiri,MATHILI,NAYAKGUDA,MALIGUDA,52
Malkangiri,MATHILI,NAYAKGUDA,MUKAGUDA,45
Malkangiri,MATHILI,NAYAKGUDA,MUTEBEDA,43
Malkangiri,MATHILI,NAYAKGUDA,NAYAKGUDA,85
Malkangiri,MATHILI,NAYAKGUDA,PAKHNAGUDA,84
Malkangiri,MATHILI,NAYAKGUDA,PAKNAGUDA,2
Malkangiri,MATHILI,NAYAKGUDA,SAMARATHGUDA,12
Malkangiri,MATHILI,NAYAKGUDA,SAMRATHGUDA,51
Malkangiri,MATHILI,NAYAKGUDA,SHYAMAGUDA,52
Malkangiri,MATHILI,NAYAKGUDA,TANGAGUDA,100
Malkangiri,MATHILI,PANGAM,BALIGUDA,2
Malkangiri,MATHILI,PANGAM,BANUAGUDA,1
Malkangiri,MATHILI,PANGAM,BATAGUDA,1
Malkangiri,MATHILI,PANGAM,BHEJAGUDA,35
Malkangiri,MATHILI,PANGAM,DANGARKHOLI,82
Malkangiri,MATHILI,PANGAM,DANIGUDA,47
Malkangiri,MATHILI,PANGAM,DUMALIGUDA,22
Malkangiri,MATHILI,PANGAM,DURUKAGUDA,3
Malkangiri,MATHILI,PANGAM,GUNDENGUDA,17
Malkangiri,MATHILI,PANGAM,KADAMGUDA,34
Malkangiri,MATHILI,PANGAM,KATHIGUDA,81
Malkangiri,MATHILI,PANGAM,KUPULIGUDA,1
Malkangiri,MATHILI,PANGAM,PATRAGUDA,15
Malkangiri,MATHILI,PANGAM,PODAGUDA,26
Malkangiri,MATHILI,PANGAM,PURUNAGUDA,94
Malkangiri,MATHILI,PANGAM,RANGINIGUDA,24
Malkangiri,MATHILI,PANGAM,S NAIKGUDA,3
Malkangiri,MATHILI,PANGAM,SAMARATHGUDA,1
Malkangiri,MATHILI,PANGAM,SANA NAIKGUDA,31
Malkangiri,MATHILI,SALIMI,BARUBEDA,23
Malkangiri,MATHILI,SALIMI,BRAHAMANGUDA,16
Malkangiri,MATHILI,SALIMI,CHAMUNDARASI,47
Malkangiri,MATHILI,SALIMI,DHAKADRASI,11
Malkangiri,MATHILI,SALIMI,HALADIKUNDA,91
Malkangiri,MATHILI,SALIMI,KACHIATANGA,10
Malkangiri,MATHILI,SALIMI,KASALAMUNDAGUDA,14
Malkangiri,MATHILI,SALIMI,NUAGUDA,16
Malkangiri,MATHILI,SALIMI,PAIDARASI,16
Malkangiri,MATHILI,SALIMI,PODIARASI,1
Malkangiri,MATHILI,SALIMI,SALIMI,57
Malkangiri,MATHILI,SALIMI,SUNAPADAR,2
Malkangiri,MATHILI,SALIMI,TALAPADAR,62
Malkangiri,MATHILI,SALIMI,TALAPODAR,9
Malkangiri,MATHILI,TARLAKOTA,KARANJAGUDA,30
Malkangiri,MATHILI,TEMURPALLI,CHERKOTLA,5
Malkangiri,MATHILI,TEMURPALLI,KANSARIPUT,100
Malkangiri,MATHILI,TEMURPALLI,KERMETI,30
Malkangiri,MATHILI,TEMURPALLI,KOTEPALLI,10
Malkangiri,MATHILI,TEMURPALLI,KUKURKUND,62
Malkangiri,MATHILI,TEMURPALLI,SUNAPADAR,23
Malkangiri,MATHILI,TEMURPALLI,SUREIBEDA,9
Malkangiri,MATHILI,TEMURPALLI,TULASI,12
Malkangiri,MATHILI,TEMURUPALLI,BALARASI,2
Malkangiri,MATHILI,TEMURUPALLI,KAIKIGUDA,8
Malkangiri,MATHILI,TEMURUPALLI,MALIGUDA,23
Malkangiri,MATHILI,TEMURUPALLI,PUJARIGUDA,6
Malkangiri,MATHILI,TEMURUPALLI,SARGIGUDA,42
Malkangiri,MATHILI,TEMURUPALLI,TEMURUPALLI,133
Malkangiri,MATHILI,UDULIBEDA,ATALGUDA,1
Malkangiri,MATHILI,UDULIBEDA,BACHALMETA,15
Malkangiri,MATHILI,UDULIBEDA,GADIALI,32
Malkangiri,MATHILI,UDULIBEDA,GADIALLI,5
Malkangiri,MATHILI,UDULIBEDA,MUNDIGUDA,3
Malkangiri,MATHILI,UDULIBEDA,PEDAGUDA,54
Malkangiri,MATHILI,UDULIBEDA,PUJARIGUDA,66
Malkangiri,NAME OF THE BLOCK,NAME OF THE PANCHAYAT,NAME OF THE VILLAGE,761
Malkangiri,PODIA,BAPANPALLI,BADINIGUDA,34
Malkangiri,PODIA,BAPANPALLI,BAPANPALLI,43
Malkangiri,PODIA,BAPANPALLI,DEMGUDA,2
Malkangiri,PODIA,BAPANPALLI,DURKAGUDA,1
Malkangiri,PODIA,BAPANPALLI,GATANPALLY,8
Malkangiri,PODIA,BAPANPALLI,GATANPALLY(COLONY),4
Malkangiri,PODIA,BAPANPALLI,GOTHANPALLI,22
Malkangiri,PODIA,BAPANPALLI,ITAGUDA,5
Malkangiri,PODIA,BAPANPALLI,ITAGUDA(GATANPALLY),2
Malkangiri,PODIA,BAPANPALLI,KABASIGUDA,1
Malkangiri,PODIA,BAPANPALLI,KUMBHAGUDA,21
Malkangiri,PODIA,BAPANPALLI,KUNJAGUDA,1
Malkangiri,PODIA,BAPANPALLI,METAGUDA,15
Malkangiri,PODIA,BAPANPALLI,MULIGUDA,13
Malkangiri,PODIA,BAPANPALLI,NANDAGUDA,1
Malkangiri,PODIA,BAPANPALLI,POLURU,8
Malkangiri,PODIA,BAPANPALLI,PUTUMPALLI,38
Malkangiri,PODIA,BAPANPALLI,ROADGUDA,20
Malkangiri,PODIA,BAPANPALLI,ROADGUDA(GATANPALLY),7
Malkangiri,PODIA,BAPANPALLI,RODANPALLY,44
Malkangiri,PODIA,BAPANPALLI,SILAKOTA,70
Malkangiri,PODIA,GIRKANPALLI,ATULGUDA,17
Malkangiri,PODIA,GIRKANPALLI,BETIGUDA,18
Malkangiri,PODIA,GIRKANPALLI,BURUDAGUDA,21
Malkangiri,PODIA,GIRKANPALLI,GIRIKANPALLI,8
Malkangiri,PODIA,GIRKANPALLI,GIRKANPALLI,3
Malkangiri,PODIA,GIRKANPALLI,ITADGUDA,11
Malkangiri,PODIA,GIRKANPALLI,KASAGUDA,2
Malkangiri,PODIA,GIRKANPALLI,KASHAGUDA,20
Malkangiri,PODIA,GIRKANPALLI,PEDAGUDA,49
Malkangiri,PODIA,GIRKANPALLI,PREMAGUDA,19
Malkangiri,PODIA,KALDAPALLI,BAPANPALLI,1
Malkangiri,PODIA,KALDAPALLI,KALAGONDA,2
Malkangiri,PODIA,KALDAPALLI,KALDAPALLY,1
Malkangiri,PODIA,KALDAPALLI,KAMARGUDA,22
Malkangiri,PODIA,KALDAPALLI,KISBALGUDA,10
Malkangiri,PODIA,KALDAPALLI,KOLAGANGA,15
Malkangiri,PODIA,KALDAPALLI,KUMBHARGUDA,13
Malkangiri,PODIA,KALDAPALLI,KUNJAGUDA,1
Malkangiri,PODIA,KALDAPALLI,KURTY,74
Malkangiri,PODIA,KALDAPALLI,PUJARIGUDA,1
Malkangiri,PODIA,KALDAPALLI,RABAGUDA,1
Malkangiri,PODIA,KALDAPALLI,RAWAGUDA,6
Malkangiri,PODIA,KALDAPALLI,SODIGUDA,51
Malkangiri,PODIA,KALDAPALLI,SUPULUR,19
Malkangiri,PODIA,KALDAPALLI,UDAYAGIRI,47
Malkangiri,PODIA,KALDAPALLI,UDAYGIRI,10
Malkangiri,PODIA,MATTERU,BANDAGUDA,37
Malkangiri,PODIA,MATTERU,BATANWADA,38
Malkangiri,PODIA,MATTERU,ERBANPALLI,20
Malkangiri,PODIA,MATTERU,ERBANPALLY,27
Malkangiri,PODIA,MATTERU,JHILIGUDA,15
Malkangiri,PODIA,MATTERU,KAMARGUDA,8
Malkangiri,PODIA,MATTERU,KARAMGUDA,31
Malkangiri,PODIA,MATTERU,MADIGUDA,19
Malkangiri,PODIA,MATTERU,MATERU,1
Malkangiri,PODIA,MATTERU,MATTERU,54
Malkangiri,PODIA,MATTERU,METAGUDA,56
Malkangiri,PODIA,MATTERU,RAMAGUDA,2
Malkangiri,PODIA,MATTERU,TELAMGUDA,42
Malkangiri,PODIA,NILIGUDA,CHERIKUGUDA,36
Malkangiri,PODIA,NILIGUDA,DARANPALLI,64
Malkangiri,PODIA,NILIGUDA,DURMAGUDA,53
Malkangiri,PODIA,NILIGUDA,IRALGUNDI,53
Malkangiri,PODIA,NILIGUDA,KAMARGUDA,15
Malkangiri,PODIA,NILIGUDA,NANDIBEDA,75
Malkangiri,PODIA,NILIGUDA,NILIGUDA,28
Malkangiri,PODIA,NILIGUDA,NUNURGUDA,72
Malkangiri,PODIA,NILIGUDA,OLD NILIGUDA,27
Malkangiri,PODIA,NILIGUDA,PUAJRIGUDA,1
Malkangiri,PODIA,NILIGUDA,PUJARIGUDA,13
Malkangiri,PODIA,NILIGUDA,USAKLBAG,9
Malkangiri,PODIA,NILIGUDA,USKALBAG,55
Malkangiri,PODIA,NILIGUDA,USKALBAGH,4
Malkangiri,PODIA,PODIA,GUTAGUDA,2
Malkangiri,PODIA,PODIA,KAMARGUDA,10
Malkangiri,PODIA,PODIA,KUNCHANPALLI,38
Malkangiri,PODIA,PODIA,MATUMGUDA,18
Malkangiri,PODIA,PODIA,MOTUMGUDA,19
Malkangiri,PODIA,PODIA,MUCHKIGUDA,10
Malkangiri,PODIA,PODIA,PALAGUDA,11
Malkangiri,PODIA,PODIA,PALLAGUDA,7
Malkangiri,PODIA,PODIA,PAMGETA,40
Malkangiri,PODIA,PODIA,PMGETA,1
Malkangiri,PODIA,PODIA,PODIA,3
Malkangiri,PODIA,PODIA,VENCHANPALLI,53
Malkangiri,PODIA,SIMILIBANCHA,GORAKHAPALLI,115
Malkangiri,PODIA,SIMILIBANCHA,PUJARIGUDA,19
Malkangiri,PODIA,SIMILIBANCHA,SIMILIBANCHA,38
Malkangiri,PODIA,SIMILIBANCHA,WALAMPALLI,45
Malkangiri,PODIA,UNDRUKONDA,INCHIMETLA,50
Malkangiri,PODIA,UNDRUKONDA,KERIAGUDA,60
Malkangiri,PODIA,UNDRUKONDA,METAGUDA,60
Malkangiri,PODIA,UNDRUKONDA,MICHUGUDA,48
Malkangiri,PODIA,UNDRUKONDA,PADGANPALLI,63
Malkangiri,PODIA,UNDRUKONDA,ROADGUDA,18
Malkangiri,PODIA,UNDRUKONDA,SANGEL,7
Malkangiri,PODIA,UNDRUKONDA,TEKALGUDA,32
Malkangiri,PODIA,UNDRUKONDA,UNDRUKONDA,48
Mayurbhanj,BANGIRPOSI,Banakati,Kantapal,7
Mayurbhanj,BANGIRPOSI,Banakati,Sagunasole,2
Mayurbhanj,BANGIRPOSI,Banakati,Sarasaposi,3
Mayurbhanj,BANGIRPOSI,Banakati,Satbhaya,21
Mayurbhanj,BANGIRPOSI,Nishchinta,Bholagadia,7
Mayurbhanj,BANGIRPOSI,Nishchinta,Sundhisahi,8
Mayurbhanj,BANGIRPOSI,Sorishapal,Kusmatota,8
Mayurbhanj,BANGRIPOSI,Banakati,Dahisahi,1
Mayurbhanj,BANGRIPOSI,Banakati,Satbhaya,2
Mayurbhanj,BANGRIPOSI,Nishchinta,Gohirapal,1
Mayurbhanj,BANGRIPOSI,Nishchinta,Nishchinta,1
Mayurbhanj,BANGRIPOSI,Sorishapal,Alhapani,11
Mayurbhanj,BANGRIPOSI,Sorishapal,Baunspahadi,4
Mayurbhanj,BANGRIPOSI,Sorishapal,Kukurbhuka,3
Mayurbhanj,BANGRIPOSI,Sorishapal,Palasbani,14
Mayurbhanj,BARIPADA,Rajabasa,Gobardhansole,54
Mayurbhanj,Badasahi,Chelia,Mankadkenda,2
Mayurbhanj,Badasahi,Chelia,Tirpada,5
Mayurbhanj,Badasahi,Deulia,Deulia,5
Mayurbhanj,Badasahi,Deulia,Purunapani,9
Mayurbhanj,Badasahi,Jadunathpur,Hinjalgadia,1
Mayurbhanj,Badasahi,Jarkani,Jamsole,1
Mayurbhanj,Badasahi,Kochilakhunta,Ghusuria,42
Mayurbhanj,Badasahi,Kochilakhunta,Junapada,44
Mayurbhanj,Badasahi,Kuchilakhunta,Kuchilakhunta,9
Mayurbhanj,Badasahi,"Managobinda
pur",Dhanapal,5
Mayurbhanj,Badasahi,Paunsia,Jaganathpur,34
Mayurbhanj,Badasahi,Paunsia,Paunsia,23
Mayurbhanj,Badasahi,Paunsia,Rajgarh,62
Mayurbhanj,Badasahi,Salagan,Salagan,30
Mayurbhanj,Badasahi,Sankerko,Badkerko,12
Mayurbhanj,Badasahi,Sankerko,Kadaliasole,6
Mayurbhanj,Badasahi,Sankerko,Kandaliasole,5
Mayurbhanj,Badasahi,Sankerko,Krupasindhupur,1
Mayurbhanj,Badasahi,Sankerko,Tikayatpur,3
Mayurbhanj,Badasahi,Sankerko,Tungasole,1
Mayurbhanj,Badasahi,Sialghati,Kauchi,41
Mayurbhanj,Badasahi,Sialighati,Banatalapada,68
Mayurbhanj,Badasahi,Sialighati,Banatalapada D,1
Mayurbhanj,Badasahi,Sialighati,Budheirana,11
Mayurbhanj,Badasahi,Sialighati,Budheirana S,1
Mayurbhanj,Badasahi,Sialighaty,Sialighaty,64
Mayurbhanj,Badasahi,Tungasole,Badsorisbila,6
Mayurbhanj,Badsahi,Badsahi,Badsahi,34
Mayurbhanj,Badsahi,Balabhadrapur,Chelia B,5
Mayurbhanj,Badsahi,Balabhadrapur,Chhelia B,1
Mayurbhanj,Badsahi,Bhimda,Ratanpur,28
Mayurbhanj,Badsahi,Bireswappur,"Belpal Samil
Purunapani",5
Mayurbhanj,Badsahi,Bireswapur,"Belpal Samil
Purunapani",137
Mayurbhanj,Badsahi,Bireswarpur,Belpal-Samil-Purunapani,33
Mayurbhanj,Badsahi,Durgapur,Asukanda,24
Mayurbhanj,Badsahi,Durgapur,Gandhali,14
Mayurbhanj,Badsahi,Durgapur,Gobarasole,16
Mayurbhanj,Badsahi,Durgapur,Purunapani,20
Mayurbhanj,Badsahi,Gudialbandha,Gudialbandha,15
Mayurbhanj,Badsahi,Jadunathpur,Chandanchaturi,24
Mayurbhanj,Badsahi,Jadunathpur,Jadunathpur,48
Mayurbhanj,Badsahi,Jarkani,Baguli,2
Mayurbhanj,Badsahi,Jarkani,Gudakanthi,12
Mayurbhanj,Badsahi,Jarkani,Jalghera,18
Mayurbhanj,Badsahi,Jarkani,Jamsuli,32
Mayurbhanj,Badsahi,Jarkani,Jarkani,8
Mayurbhanj,Badsahi,Juginuagan,Pathara,53
Mayurbhanj,Badsahi,Kendudiha,Chakradharpur,18
Mayurbhanj,Badsahi,Kendudiha,Nishchintapura,24
Mayurbhanj,Badsahi,Khadiasole,Dumapada,9
Mayurbhanj,Badsahi,Kochila Khunta,Baguli,50
Mayurbhanj,Badsahi,Madhapur,Dhanapota,12
Mayurbhanj,Badsahi,Mangovindpur,Jodida,1
Mayurbhanj,Badsahi,Nuapal,Astajharan,121
Mayurbhanj,Badsahi,Patisari,Beguniabari,26
Mayurbhanj,Badsahi,Patisari,Jamunadeipur,33
Mayurbhanj,Badsahi,Patisari,Patisari,27
Mayurbhanj,Badsahi,Paunsia,Bhandarikala,7
Mayurbhanj,Badsahi,Pratapur,Haripur,27
Mayurbhanj,Badsahi,Punasia,Gidhinisole,6
Mayurbhanj,Badsahi,"Purna Chandra
Pur",Naranapur,16
Mayurbhanj,Badsahi,"Purna Chandra
Pur",Sansarishabhila,1
Mayurbhanj,Badsahi,Purnachandrapur,"Goudadiha
Samil Komalasole",29
Mayurbhanj,Badsahi,Purnachandrapur,Madhupur,24
Mayurbhanj,Badsahi,Purnachandrapur,Purnachandrapur,35
Mayurbhanj,Badsahi,Purnnachandrapur,"Goudadiha
Samil Komalasole",2
Mayurbhanj,Badsahi,Purnnachandrapur,Purnnachandrapur,1
Mayurbhanj,Badsahi,Sankeroka,Jadipal,16
Mayurbhanj,Badsahi,Shalgan,Gambharia,17
Mayurbhanj,Badsahi,Sialghati,Dinabandhupur,75
Mayurbhanj,Badsahi,Suhagpur,Gouda munduli,2
Mayurbhanj,Badsahi,Suhagpur,Goudamundul,8
Mayurbhanj,Badsahi,Suhagpur,Guabehera,9
Mayurbhanj,Bahalada,JASHIPUR,Bhaleidihi,2
Mayurbhanj,Bahalada,SOSO,Soso,2
Mayurbhanj,Bahalda,Anlajodi,Jamubani,11
Mayurbhanj,Bahalda,Asana,Asana,15
Mayurbhanj,Bahalda,Asana,Bhalugoda,1
Mayurbhanj,Bahalda,Asana,Sagadbhanga,18
Mayurbhanj,Bahalda,Bad-Palsa,Bad-Palsa,16
Mayurbhanj,Bahalda,Bad-Palsa,Burupalsa,2
Mayurbhanj,Bahalda,Bad-Palsa,Potua,2
Mayurbhanj,Bahalda,Badadalima,Dalajodi,4
Mayurbhanj,Bahalda,Badadalima,Mankididihi,2
Mayurbhanj,Bahalda,Badpalasa,Kendua,13
Mayurbhanj,Bahalda,Badpalasa,Patambeda,11
Mayurbhanj,Bahalda,Bahalda,Bahalda,1
Mayurbhanj,Bahalda,Basingi,Basingi,12
Mayurbhanj,Bahalda,Basingi,Tentla,9
Mayurbhanj,Bahalda,Bhitaramada,Dalsara,51
Mayurbhanj,Bahalda,GIDIGHATY,Chadri,10
Mayurbhanj,Bahalda,GIDIGHATY,Chirkuniposi,2
Mayurbhanj,Bahalda,GIDIGHATY,Gayalkata,9
Mayurbhanj,Bahalda,GIDIGHATY,Gidighaty,3
Mayurbhanj,Bahalda,GIDIGHATY,Mahulduma,7
Mayurbhanj,Bahalda,GIDIGHATY,Tarana,10
Mayurbhanj,Bahalda,Gambharia,Bamanbose,2
Mayurbhanj,Bahalda,Gambharia,Bargidihi,4
Mayurbhanj,Bahalda,Gambharia,Bhaludihi,14
Mayurbhanj,Bahalda,Gambharia,Bhurusa,3
Mayurbhanj,Bahalda,Gambharia,Brahmanbose,8
Mayurbhanj,Bahalda,Gambharia,Dumadihi,5
Mayurbhanj,Bahalda,Gambharia,Jaganathpur,27
Mayurbhanj,Bahalda,Gambharia,Kaduani,2
Mayurbhanj,Bahalda,Gambharia,Kantasola,9
Mayurbhanj,Bahalda,Gambharia,Khandabandh,2
Mayurbhanj,Bahalda,Gambharia,Saraspada,1
Mayurbhanj,Bahalda,Gidhighaty,Patramohulpani,1
Mayurbhanj,Bahalda,Gidighaty,Gidighaty,3
Mayurbhanj,Bahalda,Jashipur,Dubulabed,8
Mayurbhanj,Bahalda,Jashipur,Jashipur,4
Mayurbhanj,Bahalda,Jashipur,Nanadabasa,4
Mayurbhanj,Bahalda,Jashipur,Rangamatia,29
Mayurbhanj,Bahalda,Jashipur,Sandalima,2
Mayurbhanj,Bahalda,Jashipur,Sapaghera,13
Mayurbhanj,Bahalda,Jashipur,Suruda,10
Mayurbhanj,Bahalda,Kanki,Bagdega,5
Mayurbhanj,Bahalda,Kanki,Binjua,5
Mayurbhanj,Bahalda,Kanki,Indkholi,7
Mayurbhanj,Bahalda,Kanki,Kanki,26
Mayurbhanj,Bahalda,SOSO,Kulgi,5
Mayurbhanj,Bahalda,SOSO,Soso,4
Mayurbhanj,Bahalda,Soso,Kumbhirda,12
Mayurbhanj,Bahalda,Soso,Pahadpur,1
Mayurbhanj,Bahalda`,Gambharia,Kantasola,2
Mayurbhanj,Bangiriposi,Badagan,Badagan,1
Mayurbhanj,Bangiriposi,Badagaon,Badagaon,79
Mayurbhanj,Bangiriposi,Badagaon,Kantasole,56
Mayurbhanj,Bangiriposi,Badagaon,Kundalabani,59
Mayurbhanj,Bangiriposi,Badagaon,Panasdiha,60
Mayurbhanj,Bangiriposi,Badagaon,Sunaposi,25
Mayurbhanj,Bangiriposi,Badgaon,Juha,7
Mayurbhanj,Bangiriposi,Badgaon,Kripaduma,33
Mayurbhanj,Bangiriposi,Badgaon,Kundalbani,8
Mayurbhanj,Bangiriposi,Badgaon,kantasola,20
Mayurbhanj,Bangiriposi,Banakati,Banakati,17
Mayurbhanj,Bangiriposi,Banakati,Jamdapal,9
Mayurbhanj,Bangiriposi,Banakati,Kantapal,14
Mayurbhanj,Bangiriposi,Banakati,Satbhaya,12
Mayurbhanj,Bangiriposi,Bangiriposi,Hanada,3
Mayurbhanj,Bangiriposi,Bangiriposi,Majhigaon,14
Mayurbhanj,Bangiriposi,Bhuasuni,Chakdar,23
Mayurbhanj,Bangiriposi,Bhuasuni,Kalapathara,1
Mayurbhanj,Bangiriposi,Bhuasuni,Kandalia,68
Mayurbhanj,Bangiriposi,Bhuasuni,Matikhani,33
Mayurbhanj,Bangiriposi,Bhuasuni,Pandubadi,18
Mayurbhanj,Bangiriposi,Bhuasuni,Purunapani,82
Mayurbhanj,Bangiriposi,Bhuasuni,Ramaharipur,7
Mayurbhanj,Bangiriposi,Bhuasuni,Ranya,9
Mayurbhanj,Bangiriposi,Bhuasuni,Tila,42
Mayurbhanj,Bangiriposi,Brahamangan,Baliadhipa,2
Mayurbhanj,Bangiriposi,Brahamangan,Beguniabandh,1
Mayurbhanj,Bangiriposi,Brahamangan,Brahamangan,2
Mayurbhanj,Bangiriposi,Brahamangan,Chandbil,10
Mayurbhanj,Bangiriposi,Brahamangan,Dantiakacha,3
Mayurbhanj,Bangiriposi,Brahamangan,Ghatakuanri,3
Mayurbhanj,Bangiriposi,Brahamangan,Hatibari,6
Mayurbhanj,Bangiriposi,Brahamangan,Rengalbeda,1
Mayurbhanj,Bangiriposi,Brahmanamara,Chorabandha,24
Mayurbhanj,Bangiriposi,Brahmangaon,Bahutia,16
Mayurbhanj,Bangiriposi,Brahmangaon,Baskitala,8
Mayurbhanj,Bangiriposi,Brahmangaon,Bhagirathipur,5
Mayurbhanj,Bangiriposi,Brahmangaon,Chandbila,5
Mayurbhanj,Bangiriposi,Brahmangaon,Domuhani,14
Mayurbhanj,Bangiriposi,Brahmangaon,Kumbhiramundi,3
Mayurbhanj,Bangiriposi,Brahmangaon,Saharabadi,4
Mayurbhanj,Bangiriposi,Brahmangaon,Shalaghati,26
Mayurbhanj,Bangiriposi,Bramhangaon,Salghaty,30
Mayurbhanj,Bangiriposi,Budhikhamari,Chakdar,23
Mayurbhanj,Bangiriposi,Budhikhamari,Gothanida,25
Mayurbhanj,Bangiriposi,Budhikhamari,Masinabila,48
Mayurbhanj,Bangiriposi,Budhikhamari,Udali,26
Mayurbhanj,Bangiriposi,Chandanpur,Aktapal,6
Mayurbhanj,Bangiriposi,Chandanpur,Bahadurpur,10
Mayurbhanj,Bangiriposi,Chandanpur,Bedhakudar,6
Mayurbhanj,Bangiriposi,Chandanpur,Jogibandh,12
Mayurbhanj,Bangiriposi,Dhobanisole,Balikhani,1
Mayurbhanj,Bangiriposi,Dhobanisole,Dhobanisole,79
Mayurbhanj,Bangiriposi,Dhobanisole,Godargadi,47
Mayurbhanj,Bangiriposi,Dhobanisole,Mahupahadi,32
Mayurbhanj,Bangiriposi,Dhobanisole,Ranasole,4
Mayurbhanj,Bangiriposi,Dhobanisole,Taltikiri,13
Mayurbhanj,Bangiriposi,Dighi,Nitei,32
Mayurbhanj,Bangiriposi,K.M Kata,Begunadiha,34
Mayurbhanj,Bangiriposi,Kalabadia,Brahamangan,12
Mayurbhanj,Bangiriposi,Kalabadia,Kalabadia,6
Mayurbhanj,Bangiriposi,Kalabadia,Panasadiha,11
Mayurbhanj,Bangiriposi,"Kumbhara
mundakata",Gahmapur,13
Mayurbhanj,Bangiriposi,"Kumbhara
mundakata",Gahnapur,1
Mayurbhanj,Bangiriposi,"Kumbhara
mundakata","Kumbhara
mundakata",103
Mayurbhanj,Bangiriposi,Kumbhara Mundakata,Kumbhara Mundakata,101
Mayurbhanj,Bangiriposi,Kumbhara Mundakata,KumbharaMundakata,1
Mayurbhanj,Bangiriposi,Kumbharmundhakata,Gamhapur,28
Mayurbhanj,Bangiriposi,Kumbharmundhakata,Mundhabani,2
Mayurbhanj,Bangiriposi,Kusumbandh,Kurkutia,11
Mayurbhanj,Bangiriposi,Kusumbandh,Kusumbandh,11
Mayurbhanj,Bangiriposi,Nafri,Nafri,28
Mayurbhanj,Bangiriposi,Nischinta,Chuapani,5
Mayurbhanj,Bangiriposi,Nischinta,Dasisole,44
Mayurbhanj,Bangiriposi,Nischinta,Nischinta,11
Mayurbhanj,Bangiriposi,Nischinta,Pindara Godia,16
Mayurbhanj,Bangiriposi,Nischinta,Sirasahi,10
Mayurbhanj,Bangiriposi,Sarisapal,Amdapani,13
Mayurbhanj,Bangiriposi,Sarisapal,Badanedam,25
Mayurbhanj,Bangiriposi,Sarisapal,Betajharana,15
Mayurbhanj,Bangiriposi,Sarisapal,Kanchinda,1
Mayurbhanj,Bangiriposi,Sarisapal,Laxmiposi,12
Mayurbhanj,Bangiriposi,Sarisapal,Rangamatia,35
Mayurbhanj,Bangiriposi,Sarisapal,San Nedam,6
Mayurbhanj,Bangiriposi,Sarisapal,Sarisapal,16
Mayurbhanj,Bangiriposi,Shyamsundarpur,Talbhadrasole,21
Mayurbhanj,Bangiriposi,Sorisapal,Jamtalia,9
Mayurbhanj,Bangiriposi,Sorispal,Betajharan,24
Mayurbhanj,Bangiriposi,Sorispal,Bhaduakacha,8
Mayurbhanj,Bangiriposi,Sorispal,Jerkani,9
Mayurbhanj,Bangiriposi,Sorispal,Kukurbhuka,17
Mayurbhanj,Bangiriposi,Sorispal,Phuljhara,30
Mayurbhanj,Bangiriposi,Sorispal,Purunapani,3
Mayurbhanj,Bangiriposi,Sorispal,Rangamatia,6
Mayurbhanj,Bangiriposi,Sorispal,Sorispal,15
Mayurbhanj,Bangirirposi,Sarishapal,Kusumatota,7
Mayurbhanj,Bangriposi,Badagan,Badagan,1
Mayurbhanj,Bangriposi,Badgan,Badagan,24
Mayurbhanj,Bangriposi,Badgan,Badgan,39
Mayurbhanj,Bangriposi,Badgan,Gendapokhari,28
Mayurbhanj,Bangriposi,Badgan,Juha,20
Mayurbhanj,Bangriposi,Badgan,Kantasola,1
Mayurbhanj,Bangriposi,Badgan,Kripaduma,13
Mayurbhanj,Bangriposi,Badgan,Panasdiha,34
Mayurbhanj,Bangriposi,Badgan,Sadheikala,27
Mayurbhanj,Bangriposi,Badgan,Tangiabasa,21
Mayurbhanj,Bangriposi,Banakati,Sarasposi,11
Mayurbhanj,Bangriposi,Bangriposi,Hanada,1
Mayurbhanj,Bangriposi,Bangriposi,Handa,28
Mayurbhanj,Bangriposi,Bangriposi,Silpunji,21
Mayurbhanj,Bangriposi,Bankati,Asua,20
Mayurbhanj,Bangriposi,Bankati,Satbhaya,13
Mayurbhanj,Bangriposi,Bhagabandh,Kusumbandh,1
Mayurbhanj,Bangriposi,Bhuasuni,Bhuasuni,74
Mayurbhanj,Bangriposi,Bhuasuni,Dhobanijoda,10
Mayurbhanj,Bangriposi,Bhuasuni,Gopalpur,19
Mayurbhanj,Bangriposi,Bhuasuni,Kalapathar,17
Mayurbhanj,Bangriposi,Bhuasuni,Purusotam pur,1
Mayurbhanj,Bangriposi,Bhuasuni,Purusotampur,30
Mayurbhanj,Bangriposi,Brahmangan,Brahmangan,2
Mayurbhanj,Bangriposi,Brahmangan,Charabandh,8
Mayurbhanj,Bangriposi,Brahmangan,Ghatkuanri,7
Mayurbhanj,Bangriposi,Budhikhamari,Badamtalia,10
Mayurbhanj,Bangriposi,Budhikhamari,Gothanida,10
Mayurbhanj,Bangriposi,Budhikhamari,Jaldiha,9
Mayurbhanj,Bangriposi,Budhikhamari,Joka,9
Mayurbhanj,Bangriposi,Budhikhamari,Khadikasole,8
Mayurbhanj,Bangriposi,Budhikhamari,Majhigan,9
Mayurbhanj,Bangriposi,Budhikhamari,Udali,10
Mayurbhanj,Bangriposi,Chandanpur,Chandanpur,1
Mayurbhanj,Bangriposi,Chandanpur,Ramch.pur,1
Mayurbhanj,Bangriposi,Dhabanisole,Balikhani,23
Mayurbhanj,Bangriposi,Dhabanisole,Ranasole,13
Mayurbhanj,Bangriposi,Dhobanisole,Balikhani,55
Mayurbhanj,Bangriposi,Dhobanisole,Gandipani,5
Mayurbhanj,Bangriposi,Dhobanisole,Patbedha,10
Mayurbhanj,Bangriposi,Dighi,Dighi,25
Mayurbhanj,Bangriposi,Dighi,Dorkantia,55
Mayurbhanj,Bangriposi,Dighi,Mundhakata,17
Mayurbhanj,Bangriposi,Kalabadia,Balimunduli,9
Mayurbhanj,Bangriposi,Kalabadia,Brahmangan,37
Mayurbhanj,Bangriposi,Kalabadia,Brahmangoan,10
Mayurbhanj,Bangriposi,Kalabadia,Jaganathkhunta,25
Mayurbhanj,Bangriposi,Kalabadia,Jaganathpur,22
Mayurbhanj,Bangriposi,Kalabadia,Kalabadia,22
Mayurbhanj,Bangriposi,Kalabadia,Mahulisole,6
Mayurbhanj,Bangriposi,Kalabadia,Panasdiha,16
Mayurbhanj,Bangriposi,Kalabadia,Sitaldaha,4
Mayurbhanj,Bangriposi,Kalbadia,Kalabadia,1
Mayurbhanj,Bangriposi,Kumbharmundhakata,Gamhapur,16
Mayurbhanj,Bangriposi,Kusumbandh,Asansikhar,27
Mayurbhanj,Bangriposi,Kusumbandh,Gopalpur,2
Mayurbhanj,Bangriposi,Kusumbandh,Hinjili,19
Mayurbhanj,Bangriposi,Kusumbandh,Kusumbandh,30
Mayurbhanj,Bangriposi,Kusumbandh,Tulasibani,1
Mayurbhanj,Bangriposi,Nischinta,Chuapani,8
Mayurbhanj,Bangriposi,Nischinta,Sanpatharkham,16
Mayurbhanj,Bangriposi,Nischinta,Sirasahi,27
Mayurbhanj,Bangriposi,Sarisapal,Baunshapahadi,13
Mayurbhanj,Bangriposi,Sarisapal,Dhobanijoda,9
Mayurbhanj,Bangriposi,Shyamsundarpur,Bhulanpur,4
Mayurbhanj,Bangriposi,Shyamsundarpur,Chadheipahadi,12
Mayurbhanj,Bangriposi,Shyamsundarpur,Chaulaghei,1
Mayurbhanj,Bangriposi,Shyamsundarpur,Chaulagheri,6
Mayurbhanj,Bangriposi,Shyamsundarpur,Jualikata,14
Mayurbhanj,Bangriposi,Shyamsundarpur,Nuagan,7
Mayurbhanj,Bangriposi,Shyamsundarpur,Sialijodi,9
Mayurbhanj,Bangriposi,Shyamsundarpur,Uparbhadrasole,6
Mayurbhanj,Bangriposi,Shymsundarpur,Uparbhadrasole,1
Mayurbhanj,Bangriposi,Sorisapal,Purunapani,13
Mayurbhanj,Bangriposi,Sorishapal,Amdapani,9
Mayurbhanj,Bangriposi,Sorishapal,Khadighati,5
Mayurbhanj,Bangriposi,Sorishapal,Khadighaty,1
Mayurbhanj,Bangriposi,Sorishapal,Khadipahadi,3
Mayurbhanj,Bangriposi,Sorishapal,Kusumtota,12
Mayurbhanj,Bangriposi,Sorishpal,Barubeda,13
Mayurbhanj,Bangriposi,Sorishpal,Chakidi,12
Mayurbhanj,Bangriposi,Sorishpal,Ghatiduba,20
Mayurbhanj,Bangriposi,Sorishpal,Jerkani,1
Mayurbhanj,Bangriposi,Sorishpal,Kukurbhuka,1
Mayurbhanj,Bangripsoi,Kumbharmundhakata,Gamhapur,12
Mayurbhanj,Bangripsoi,Sorishapal,Amdapani,18
Mayurbhanj,Baripada,Badajod,Badajod,6
Mayurbhanj,Baripada,Badjod,Badjod,122
Mayurbhanj,Baripada,Bankisole,Badabila,32
Mayurbhanj,Baripada,Bankisole,"Badabrahman
mara",15
Mayurbhanj,Baripada,Bankisole,Bankisole,64
Mayurbhanj,Baripada,Bankisole,Sanbrahmanmara,23
Mayurbhanj,Baripada,Bankisole,Tentulisole,50
Mayurbhanj,Baripada,Betna,Betna,47
Mayurbhanj,Baripada,Betna,Damdorpur,227
Mayurbhanj,Baripada,Bhagabanpur,Machakandana,10
Mayurbhanj,Baripada,Bhagabatachandra,Urachandabila,8
Mayurbhanj,Baripada,Bhagabatch.pur,Jaganathpur,7
Mayurbhanj,Baripada,Bhagabatchandrapur,Dhansole,27
Mayurbhanj,Baripada,Bhagabatchpur,Bhagabat Ch.pur,49
Mayurbhanj,Baripada,"Budhikha
mari","Ahari ""କ""",11
Mayurbhanj,Baripada,"Budhikha
mari","Naya Purusot
tampur",13
Mayurbhanj,Baripada,Budhikhamari,Ahari,21
Mayurbhanj,Baripada,Budhikhamari,Budhikhamari,35
Mayurbhanj,Baripada,Budhikhamari,Kailashchandrapur,37
Mayurbhanj,Baripada,Budhikhamari,Radhikasole,1
Mayurbhanj,Baripada,Chandanpur,Asan Sila,1
Mayurbhanj,Baripada,Chandanpur,Badapeta,23
Mayurbhanj,Baripada,Chandanpur,Badpeta,9
Mayurbhanj,Baripada,Chandanpur,Balidam,8
Mayurbhanj,Baripada,Chandanpur,Bautisole,10
Mayurbhanj,Baripada,Chandanpur,Bholghati,4
Mayurbhanj,Baripada,Chandanpur,Binodpur,17
Mayurbhanj,Baripada,Chandanpur,Chandanpur,42
Mayurbhanj,Baripada,Chandanpur,Dhenkinanjia,12
Mayurbhanj,Baripada,Chandanpur,Dhenkinedia,14
Mayurbhanj,Baripada,Chandanpur,Karatpata,74
Mayurbhanj,Baripada,Chandanpur,Meghamari,23
Mayurbhanj,Baripada,Chandanpur,Tarana,22
Mayurbhanj,Baripada,Hatikot,Kanchanpal,9
Mayurbhanj,Baripada,Hatikote,Hatikote,116
Mayurbhanj,Baripada,Hatikote,Jamdapal,5
Mayurbhanj,Baripada,Khadisole,Dumapada,12
Mayurbhanj,Baripada,Khadisole,Karanjia,25
Mayurbhanj,Baripada,Khadisole,Khadipal,2
Mayurbhanj,Baripada,Khadisole,Khadisole,18
Mayurbhanj,Baripada,Khadisole,Sankhajod,7
Mayurbhanj,Baripada,Khadisole,Sankhjod,1
Mayurbhanj,Baripada,Khadisole,Shankhjod,20
Mayurbhanj,Baripada,Khodisole,Karanjia,33
Mayurbhanj,Baripada,Kohi,Pratapchndrapur,19
Mayurbhanj,Baripada,Laxmiposi,Chenadhua,21
Mayurbhanj,Baripada,Laxmiposi,Indapahi,3
Mayurbhanj,Baripada,Laxmiposi,Indopahi,22
Mayurbhanj,Baripada,Laxmiposi,kainfulia,10
Mayurbhanj,Baripada,Nua Nagar,Badjode,9
Mayurbhanj,Baripada,Rajabasa,Baura,134
Mayurbhanj,Baripada,Rajabasa,Indapahi,20
Mayurbhanj,Baripada,Rajabasa,Kasipal,17
Mayurbhanj,Baripada,Rajabasa,Kukudajodi,19
Mayurbhanj,Baripada,Rajabasa,Nayaradha nagar,8
Mayurbhanj,Baripada,Rajabasa,Salabani,25
Mayurbhanj,Baripada,Sankhabanga,Hesildihi,10
Mayurbhanj,Baripada,Sankhabanga,Nuadihi,20
Mayurbhanj,Baripada,Sankhabanga,Ranibhole,17
Mayurbhanj,Baripada,Sankhabhanga,Baghuasole,19
Mayurbhanj,Baripada,Sankhabhanga,Jambhiradiha,4
Mayurbhanj,Baripada,Sankhabhanga,Ranibhole,11
Mayurbhanj,Baripada,Sankhabhanga,Sikarghati,3
Mayurbhanj,Baripada,Shankhabhanga,Ranibhole (Dabkisole),14
Mayurbhanj,Baripada,Sorishpal,Astabeda,33
Mayurbhanj,Baripada,Sorishpal,Kamalpur,11
Mayurbhanj,Baripada,Sorispal,Sorispal,25
Mayurbhanj,Baripada,Ufalgadia,Badabanagan,2
Mayurbhanj,Barsahi,Barsahi,Barsahi,41
Mayurbhanj,Barsahi,Jadunathpur,Jadunathpur,13
Mayurbhanj,Barsahi,Khanua,Khanua,41
Mayurbhanj,Barsahi,Kuchilakhunta,Baghamara,11
Mayurbhanj,Barsahi,Kuchilakhunta,Kuchilakhunta,8
Mayurbhanj,Barsahi,Madgovindapur,Jodida,31
Mayurbhanj,Barsahi,Naupal,Astajharan,21
Mayurbhanj,Barsahi,Salgoan,Narangoan,10
Mayurbhanj,Betnoti,Agria,Agria,8
Mayurbhanj,Betnoti,Agria,Angaragodia,12
Mayurbhanj,Betnoti,Agria,Nuagoan,17
Mayurbhanj,Betnoti,Ambagadia,Amabagadia Angargadia,9
Mayurbhanj,Betnoti,Ambagadia,Ambagadia,16
Mayurbhanj,Betnoti,Ambagadia,Bamada,17
Mayurbhanj,Betnoti,Ambagadia,Mantridahi,8
Mayurbhanj,Betnoti,Ambagadia,Purunapani,1
Mayurbhanj,Betnoti,Ambagadia,"Purunapani
Samil Kakharu
Kunta",37
Mayurbhanj,Betnoti,Ambagadia,"Samil Kakharu
Kunta",1
Mayurbhanj,Betnoti,Ambagadia,"Samil Kakharu G
Kunta",1
Mayurbhanj,Betnoti,Ambagodia,Ambagodia,23
Mayurbhanj,Betnoti,Ambagodia,Purunapani,6
Mayurbhanj,Betnoti,Baishnga,Padmapur,12
Mayurbhanj,Betnoti,Baisinga,Ajadiha,8
Mayurbhanj,Betnoti,Baisinga,Bad Damdorpur,23
Mayurbhanj,Betnoti,Baisinga,Bad damdorpur,6
Mayurbhanj,Betnoti,Baisinga,Banadamdorpur,9
Mayurbhanj,Betnoti,Baisinga,Bidukudia,35
Mayurbhanj,Betnoti,Baisinga,Khairabani,25
Mayurbhanj,Betnoti,Baisinga,Khairbani,5
Mayurbhanj,Betnoti,Baisinga,Mohanpur,26
Mayurbhanj,Betnoti,Baisinga,Nachipuria,5
Mayurbhanj,Betnoti,Baisinga,Nuagaon,23
Mayurbhanj,Betnoti,Baisinga,Paikajugpura,5
Mayurbhanj,Betnoti,Baisinga,Raghunathpur,23
Mayurbhanj,Betnoti,Baisinga,Raghunathur,1
Mayurbhanj,Betnoti,Betnoti,Ambajoda,21
Mayurbhanj,Betnoti,Betnoti,Bhurudubani,9
Mayurbhanj,Betnoti,Betnoti,Raghunathpur,7
Mayurbhanj,Betnoti,Chachinapada,Sarda,20
Mayurbhanj,Betnoti,Chanchiapada,Chanchiapada,21
Mayurbhanj,Betnoti,Chanchipada,Sharada,5
Mayurbhanj,Betnoti,Dahikoti,Agada,2
Mayurbhanj,Betnoti,Dahikoti,Bhalia,13
Mayurbhanj,Betnoti,Dahikoti,Dahikoti,8
Mayurbhanj,Betnoti,Jugal,Bagalpur,14
Mayurbhanj,Betnoti,Kalama,Kalama,55
Mayurbhanj,Betnoti,Kalama,Kalma,1
Mayurbhanj,Betnoti,Kalma,Jaypuria,9
Mayurbhanj,Betnoti,Khadisole,Kanchanagar,8
Mayurbhanj,Betnoti,Khadisole,Kanchannagar,1
Mayurbhanj,Betnoti,Khadisole,Sangajod,10
Mayurbhanj,Betnoti,Mahinsasole,Tikayatpur,15
Mayurbhanj,Betnoti,Mahisasole,Bishnupur,5
Mayurbhanj,Betnoti,Merda,Durgapur,6
Mayurbhanj,Betnoti,Merda,Saradiha,13
Mayurbhanj,Betnoti,Mohisasole,Banamalipur,7
Mayurbhanj,Betnoti,Mohisasole,Bishnupur,28
Mayurbhanj,Betnoti,Mohisasole,Sikharkhunta,12
Mayurbhanj,Betnoti,Nadpur,Nadpur,14
Mayurbhanj,Betnoti,Nadpur,Tikargadia,8
Mayurbhanj,Betnoti,Nandasole,Nandasole,5
Mayurbhanj,Betnoti,Nayabasantpur,Purunapani,6
Mayurbhanj,Betnoti,Nayabasantpur,Purunia(Pathara Sahi,21
Mayurbhanj,Betnoti,Nayabasasntpur,Purunia(Pathara Sahi,1
Mayurbhanj,Betnoti,Patalipura,Badkhiripada,6
Mayurbhanj,Betnoti,Patalipura,Singlamundali,6
Mayurbhanj,Betnoti,Patalipura,Singlamunduli,9
Mayurbhanj,Betnoti,Purinda,Sansa,6
Mayurbhanj,Betnoti,Purunia,Angaria,13
Mayurbhanj,Betnoti,Purunia,Bachuripada,1
Mayurbhanj,Betnoti,Purunia,Nuagan,2
Mayurbhanj,Betnoti,Purunia,Purunia,54
Mayurbhanj,Betnoti,Raghupur,Naya Basantapur,1
Mayurbhanj,Betnoti,Raghupur,Nayabasantapur,9
Mayurbhanj,Betnoti,Raghupur,Panasia,10
Mayurbhanj,Betnoti,Raghupur,Raghunathpur,50
Mayurbhanj,Betnoti,Raghupur,Raghupur,5
Mayurbhanj,Betnoti,Raghupur,Thakurtota,4
Mayurbhanj,Betnoti,S.S. Nanahandasole,Tarasole,12
Mayurbhanj,Betnoti,Saitapur,Jamsole,1
Mayurbhanj,Betnoti,Salaboni,Tarasole,7
Mayurbhanj,Betnoti,Salbani,Tarasole,8
Mayurbhanj,Betnoti,Santala,Badsal,1
Mayurbhanj,Betnoti,Santara,Badsal,2
Mayurbhanj,Betnoti,Santara,Hatijhari,5
Mayurbhanj,Betnoti,Santara,Hatijhuri,22
Mayurbhanj,Betnoti,Santara,Hotapur,4
Mayurbhanj,Betnoti,Santara,Murukundia,16
Mayurbhanj,Betnoti,Santara,Nachipuria,1
Mayurbhanj,Betnoti,Santara,Tilapada,6
Mayurbhanj,Betnoti,Santra,Hatijhuri,16
Mayurbhanj,Betnoti,Santra,Hotapur,8
Mayurbhanj,Betnoti,Sathilo,Garudabasa,8
Mayurbhanj,Betnoti,Sathilo,Sathilo,24
Mayurbhanj,Bijatala,Badjharan,Badjharan,23
Mayurbhanj,Bijatala,Badjharan,Baiganakudar,10
Mayurbhanj,Bijatala,Badjharan,Belpahadi,23
Mayurbhanj,Bijatala,Badjharan,Bhalujodi,23
Mayurbhanj,Bijatala,Badjharan,Dhobadiha,16
Mayurbhanj,Bijatala,Badjharan,Gopinathpur,48
Mayurbhanj,Bijatala,Badjharan,Jayantpur,7
Mayurbhanj,Bijatala,Badjharan,Judia,14
Mayurbhanj,Bijatala,Badjharan,Madansila,20
Mayurbhanj,Bijatala,Badjharan,Podachakdi,11
Mayurbhanj,Bijatala,Badjharan,Pokharia,29
Mayurbhanj,Bijatala,Badjharan,SanJharan,10
Mayurbhanj,Bijatala,Bankati,Asansikhar,13
Mayurbhanj,Bijatala,Bankati,Baliadhipa,26
Mayurbhanj,Bijatala,Bankati,Balikatha,6
Mayurbhanj,Bijatala,Bankati,Balikotha,24
Mayurbhanj,Bijatala,Bankati,Bankati,30
Mayurbhanj,Bijatala,Bankati,Barajiani,23
Mayurbhanj,Bijatala,Bankati,Chanapal,4
Mayurbhanj,Bijatala,Bankati,Golmunda,6
Mayurbhanj,Bijatala,Bankati,Khandadeuli,16
Mayurbhanj,Bijatala,Bankati,Taladiha,28
Mayurbhanj,Bijatala,Bankati,Udalikudar,20
Mayurbhanj,Bijatala,Bijatala,Asana,12
Mayurbhanj,Bijatala,Bijatala,Baghiatangar,18
Mayurbhanj,Bijatala,Bijatala,Bankadunguri,16
Mayurbhanj,Bijatala,Bijatala,Bantali,19
Mayurbhanj,Bijatala,Bijatala,Bijatala,18
Mayurbhanj,Bijatala,Bijatala,Dambeda,16
Mayurbhanj,Bijatala,Bijatala,Jodapokhari,14
Mayurbhanj,Bijatala,Bijatala,Khadiasole,24
Mayurbhanj,Bijatala,Bijatala,Mundakati,13
Mayurbhanj,Bijatala,Bijatala,Mundathakura,15
Mayurbhanj,Bijatala,Bijatala,chadripahadi,16
Mayurbhanj,Bijatala,Cadheipahadi,Dumurikudar,21
Mayurbhanj,Bijatala,Chadheipahadi,Dhantangar,8
Mayurbhanj,Bijatala,Chadheipahadi,Dhantangar Hil,2
Mayurbhanj,Bijatala,Chadheipahadi,Gobindapur,5
Mayurbhanj,Bijatala,Chadheipahadi,Jampani,21
Mayurbhanj,Bijatala,Chadheipahadi,Kankada Beda,6
Mayurbhanj,Bijatala,Chadheipahadi,Kankada Beda Hil,4
Mayurbhanj,Bijatala,Chadheipahadi,Kashipani,12
Mayurbhanj,Bijatala,Chadheipahadi,Kasipani,5
Mayurbhanj,Bijatala,Chadheipahadi,Laxmanchatar,45
Mayurbhanj,Bijatala,Chadheipahadi,Laxmanchhatar,3
Mayurbhanj,Bijatala,Chadheipahadi,Pandupani,8
Mayurbhanj,Bijatala,Chadheipahadi,Tiakati,8
Mayurbhanj,Bijatala,Khanta,Balabhadrapur,16
Mayurbhanj,Bijatala,Khanta,Birkham,1
Mayurbhanj,Bijatala,Khanta,Champauda,15
Mayurbhanj,Bijatala,Khanta,Jodamahul,4
Mayurbhanj,Bijatala,Khanta,Khanta,31
Mayurbhanj,Bijatala,Khanta,Kumbhirda,2
Mayurbhanj,Bijatala,Khanta,Nushadihi,14
Mayurbhanj,Bijatala,Khanta,Padmapur,8
Mayurbhanj,Bijatala,Khanta,Pithakutuni,29
Mayurbhanj,Bijatala,Khanta,Tikarpada,26
Mayurbhanj,Bijatala,Luhashila,Betajharan,33
Mayurbhanj,Bijatala,Luhasila,Dalki,29
Mayurbhanj,Bijatala,Luhasila,Jamda,4
Mayurbhanj,Bijatala,Luhasila,Kalajhari,6
Mayurbhanj,Bijatala,Madheikacha,Dalki,11
Mayurbhanj,Bijatala,Madheikacha,Kaduani,27
Mayurbhanj,Bijatala,Madheikacha,Khejuri,68
Mayurbhanj,Bijatala,Madheikacha,Madheikacha,10
Mayurbhanj,Bijatala,Manikpur,Amdabeda,5
Mayurbhanj,Bijatala,Manikpur,Bandhgan,49
Mayurbhanj,Bijatala,Manikpur,Bantaligoda,12
Mayurbhanj,Bijatala,Manikpur,Kundurikacha,3
Mayurbhanj,Bijatala,Manikpur,Manikpur,26
Mayurbhanj,Bijatala,Manikpur,Nuagan,34
Mayurbhanj,Bijatala,Manikpur,Paunsia,29
Mayurbhanj,Bijatala,Raihari,Atnabeda,18
Mayurbhanj,Bijatala,Raihari,Bagdega,23
Mayurbhanj,Bijatala,Raihari,Bataduma,18
Mayurbhanj,Bijatala,Raihari,Bhadubeda,2
Mayurbhanj,Bijatala,Raihari,Dumadihi,4
Mayurbhanj,Bijatala,Raihari,Jaldiha,6
Mayurbhanj,Bijatala,Raihari,Jamudali,16
Mayurbhanj,Bijatala,Raihari,Jodachua,15
Mayurbhanj,Bijatala,Raihari,Palasbani,12
Mayurbhanj,Bijatala,Raihari,Raihari,10
Mayurbhanj,Bijatala,Raihari,Sanbelpahadi,6
Mayurbhanj,Bijatala,Raihari,Teltangia,14
Mayurbhanj,Bijatala,Raihari,Tulsibani,32
Mayurbhanj,Bijatala,Saragoda,Sapghera,25
Mayurbhanj,Bijatala,Saragoda,Tunguru,1
Mayurbhanj,Bijatala,Sargoda,Badabantha,9
Mayurbhanj,Bijatala,Sargoda,Bhejidihi,19
Mayurbhanj,Bijatala,Sargoda,Heselgoda,28
Mayurbhanj,Bijatala,Sargoda,Kadatamak,29
Mayurbhanj,Bijatala,Sargoda,Lado,17
Mayurbhanj,Bijatala,Sargoda,Sanbantha,19
Mayurbhanj,Bijatala,Sargpda,Hatisal,6
Mayurbhanj,Biso,Bautibeda,Osadola,1
Mayurbhanj,Bisoi,Asana,Arjunbila,17
Mayurbhanj,Bisoi,Asana,Babeijoda,3
Mayurbhanj,Bisoi,Asana,Bankidihi,3
Mayurbhanj,Bisoi,Asana,Bhatchatra,4
Mayurbhanj,Bisoi,Asana,Kasipani,3
Mayurbhanj,Bisoi,Asana,Kendumara,14
Mayurbhanj,Bisoi,Asana,Khadiasole,7
Mayurbhanj,Bisoi,Asana,Kuilisuta,3
Mayurbhanj,Bisoi,Asana,Majhigan,4
Mayurbhanj,Bisoi,Asana,Palogoda,36
Mayurbhanj,Bisoi,Asana,Raikadkacha,40
Mayurbhanj,Bisoi,Asana,San Rangamatia,13
Mayurbhanj,Bisoi,Asana,Talak Budi,31
Mayurbhanj,Bisoi,Asana,Talakbudi,3
Mayurbhanj,Bisoi,Asana,Tolakbadi,12
Mayurbhanj,Bisoi,Asana,arjunbila,1
Mayurbhanj,Bisoi,"Asana
Asana",Arjunbila,2
Mayurbhanj,Bisoi,BAUTIBEDA,OSHADALA,23
Mayurbhanj,Bisoi,Bad Manada,Alhapani,12
Mayurbhanj,Bisoi,Bad Manada,Andharjhari,10
Mayurbhanj,Bisoi,Bad Manada,Hatichad,12
Mayurbhanj,Bisoi,Bad Manada,Kesam,13
Mayurbhanj,Bisoi,Bad Manada,Radhanagar,15
Mayurbhanj,Bisoi,Bad Manada,Tambajhari,23
Mayurbhanj,Bisoi,Badamanda,Jambani,1
Mayurbhanj,Bisoi,Badmanada,Alhapani,1
Mayurbhanj,Bisoi,Badmanada,Andharjhari,12
Mayurbhanj,Bisoi,Badmanada,Badmanada,24
Mayurbhanj,Bisoi,Badmanada,Budamara,160
Mayurbhanj,Bisoi,Badmanada,Budhikhamari,30
Mayurbhanj,Bisoi,Badmanada,Chadheipahadi,18
Mayurbhanj,Bisoi,Badmanada,Jamubani,15
Mayurbhanj,Bisoi,Badmanada,Kesam,32
Mayurbhanj,Bisoi,Badmanada,Nuagaon,2
Mayurbhanj,Bisoi,Badmanada,Radha Nagar,87
Mayurbhanj,Bisoi,Badmanada,Raliabindha,34
Mayurbhanj,Bisoi,Badmanada,Rengalbeda,36
Mayurbhanj,Bisoi,Badmanada,San Nalua,4
Mayurbhanj,Bisoi,Badmanada,Sanmanada,15
Mayurbhanj,Bisoi,Badmanada,Tambajhari,48
Mayurbhanj,Bisoi,Badmanada,Tambajhari (Ralia Bindha),3
Mayurbhanj,Bisoi,Badmanda,Jambani,18
Mayurbhanj,Bisoi,Badmanda,Rengalbeda,11
Mayurbhanj,Bisoi,BaneiKala,Gunduria,1
Mayurbhanj,Bisoi,Baneikala,Baneikala,4
Mayurbhanj,Bisoi,Baneikala,Gunduria,24
Mayurbhanj,Bisoi,Baneikala,Jamujhari,21
Mayurbhanj,Bisoi,Baneikala,Kuliposi,15
Mayurbhanj,Bisoi,Baneikala,Patharkata,9
Mayurbhanj,Bisoi,Baneikala,Patijhari,28
Mayurbhanj,Bisoi,Bautibeda,Asanbani,13
Mayurbhanj,Bisoi,Bautibeda,Chatani,3
Mayurbhanj,Bisoi,Bautibeda,Mangalpur,3
Mayurbhanj,Bisoi,Bautibeda,Nuadihi,3
Mayurbhanj,Bisoi,Bautibeda,Osadola,6
Mayurbhanj,Bisoi,Bautibeda,Oshadala,18
Mayurbhanj,Bisoi,Bautibeda,Oshadola,19
Mayurbhanj,Bisoi,Bautibeda,Patijhari,8
Mayurbhanj,Bisoi,Bautibeda,Purna balichua,1
Mayurbhanj,Bisoi,Bautibeda,Puruna balichua,44
Mayurbhanj,Bisoi,Bautibeda,puruna balichua,3
Mayurbhanj,Bisoi,"Bautibeda
Bautibeda",Puruna balichua,2
Mayurbhanj,Bisoi,Bisoi,Asansikhar,24
Mayurbhanj,Bisoi,Bisoi,Bisoi Hil,31
Mayurbhanj,Bisoi,Bisoi,Ektali,26
Mayurbhanj,Bisoi,Bisoi,Ghoda bandha,15
Mayurbhanj,Bisoi,Bisoi,Ghodabindha,15
Mayurbhanj,Bisoi,Bisoi,Jodia,45
Mayurbhanj,Bisoi,Bisoi,NB Pokharia,20
Mayurbhanj,Bisoi,Bisoi,Sagjodi,24
Mayurbhanj,Bisoi,Bisoi,sagjodi,6
Mayurbhanj,Bisoi,Jaganathpur,Bhurdukala,3
Mayurbhanj,Bisoi,Jaganathpur,Sargada,5
Mayurbhanj,Bisoi,Jaganathpur,Sarupani,9
Mayurbhanj,Bisoi,Jaganathpur,Tiakati,5
Mayurbhanj,Bisoi,Jagarnathpur,Badajodi,8
Mayurbhanj,Bisoi,Kaduani,Kaduani,4
Mayurbhanj,Bisoi,Khadambeda,Agalbindha,1
Mayurbhanj,Bisoi,Khadambeda,Argalbindga,2
Mayurbhanj,Bisoi,Khadambeda,Argalbindha,49
Mayurbhanj,Bisoi,Khadambeda,Badhunia,37
Mayurbhanj,Bisoi,Khadambeda,Chuakankar,65
Mayurbhanj,Bisoi,Khadambeda,Dantuni,20
Mayurbhanj,Bisoi,Khadambeda,Deopata,5
Mayurbhanj,Bisoi,Khadambeda,Duarsuni,38
Mayurbhanj,Bisoi,Khadambeda,Dudhkundi,20
Mayurbhanj,Bisoi,Khadambeda,Dundhkundi,9
Mayurbhanj,Bisoi,Khadambeda,Dwarsuni,1
Mayurbhanj,Bisoi,Khadambeda,Hatichad,1
Mayurbhanj,Bisoi,Khadambeda,Khadambeda,43
Mayurbhanj,Bisoi,Khadambeda,Kitabeda,27
Mayurbhanj,Bisoi,Khadambeda,Musamari,10
Mayurbhanj,Bisoi,Khadambeda,Pundida,3
Mayurbhanj,Bisoi,Khadambeda,Rajabasa,33
Mayurbhanj,Bisoi,Khadambeda,Sanbalichua,7
Mayurbhanj,Bisoi,Khadambeda,Tarana,27
Mayurbhanj,Bisoi,Khadambeda,argalbindha,1
Mayurbhanj,Bisoi,Khadambeda,keshargadia,10
Mayurbhanj,Bisoi,Khadambeda,kitabeda,28
Mayurbhanj,Bisoi,Khadambeda,pundida,36
Mayurbhanj,Bisoi,"Khadambeda
Khadambeda",Chuakankar,8
Mayurbhanj,Bisoi,Luhakani,Fhuljhara,1
Mayurbhanj,Bisoi,Luhakani,Fulhjara,5
Mayurbhanj,Bisoi,Luhakani,Fuljhara,14
Mayurbhanj,Bisoi,Luhakani,Gargadi,27
Mayurbhanj,Bisoi,Luhakani,Jamirdiha,15
Mayurbhanj,Bisoi,Luhakani,Jederghutu,9
Mayurbhanj,Bisoi,Luhakani,Karanjei,1
Mayurbhanj,Bisoi,Luhakani,Kuajhari,5
Mayurbhanj,Bisoi,Luhakani,Kundra,14
Mayurbhanj,Bisoi,Luhakani,Laxmiposi,8
Mayurbhanj,Bisoi,Luhakani,Luhamalia,23
Mayurbhanj,Bisoi,Luhakani,Manicha,3
Mayurbhanj,Bisoi,"Luhakani
Luhakani",Gargadi,2
Mayurbhanj,Bisoi,"Luhakani
Luhakani",Laxmiposi,4
Mayurbhanj,Bisoi,Manada,Radhanagar,15
Mayurbhanj,Bisoi,Nuagan,Tambalbandh,7
Mayurbhanj,Bisoi,Nuagaon,Badanalua,5
Mayurbhanj,Bisoi,Nuagaon,Banakati,34
Mayurbhanj,Bisoi,Nuagaon,Bhagiatangara,2
Mayurbhanj,Bisoi,Nuagaon,Dhalabeda,6
Mayurbhanj,Bisoi,Nuagaon,Dhangidimuta,12
Mayurbhanj,Bisoi,Nuagaon,Dumurdiha,12
Mayurbhanj,Bisoi,Nuagaon,Kurkutia,6
Mayurbhanj,Bisoi,Nuagaon,Mayurbeka,6
Mayurbhanj,Bisoi,Nuagaon,Nuagaon,13
Mayurbhanj,Bisoi,Nuagaon,Sanajambhila,13
Mayurbhanj,Bisoi,Nuagaon,Sananalua,4
Mayurbhanj,Bisoi,Nuagaon,Tambalabandha,16
Mayurbhanj,Bisoi,Nuagaon,Teleighutu,39
Mayurbhanj,Bisoi,San Purunapani,Charupani,14
Mayurbhanj,Bisoi,San Purunapani,Rangamatia,3
Mayurbhanj,Bisoi,San Purunapani,San Purunapani,8
Mayurbhanj,Bisoi,San Purunapani,charupani,3
Mayurbhanj,Bisoi,Sanpurnapani,Burudihi,1
Mayurbhanj,Bisoi,Sanpurnapani,Charupani,3
Mayurbhanj,Bisoi,Sanpurnapani,Kalimati,12
Mayurbhanj,Bisoi,Sanpurnapani,Karanjharan,4
Mayurbhanj,Bisoi,Sanpurnapani,Sanpurnapani,1
Mayurbhanj,Bisoi,Sanpurunapani,Alhapani,6
Mayurbhanj,Bisoi,Sanpurunapani,Brahamanposi,16
Mayurbhanj,Bisoi,khadambeda,Argalbindha,1
Mayurbhanj,Block,Gram Panchayat,Vilage,16
Mayurbhanj,"Block
-do-","Gram Panchayat
-do-","Vilage
-do-",85
Mayurbhanj,"Block
Bijatala","Gram Panchayat
Badjharan","Vilage
Gopinathpur",2
Mayurbhanj,"Block
Bijatala","Gram Panchayat
Khanta","Vilage
Champauda",2
Mayurbhanj,"Block
Bijatala","Gram Panchayat
Khanta","Vilage
Nushadihi",2
Mayurbhanj,"Block
Bijatala","Gram Panchayat
Khanta","Vilage
Pithakutuni",2
Mayurbhanj,"Block
Bijatala","Gram Panchayat
Raihari","Vilage
Tulsibani",2
Mayurbhanj,"Block
Bisoi","Gram Panchayat
Bad Manada","Vilage
Hatichad",2
Mayurbhanj,"Block
Bisoi","Gram Panchayat
Khadambeda","Vilage
Khadambeda",2
Mayurbhanj,"Block
Do","Gram Panchayat
Do",Asanbani,6
Mayurbhanj,"Block
Do","Gram Panchayat
Do","Vilage
Asanbani",2
Mayurbhanj,"Block
Do","Gram Panchayat
Do","Vilage
Badnai",2
Mayurbhanj,"Block
Karanjia","Gram Panchayat
Kuliposi","Vilage
Cheliaposi",2
Mayurbhanj,"Block
Kuliana","Gram Panchayat
Gendapokhari","Vilage
Baidikotha",1
Mayurbhanj,"Block
RAIRANGPUR","Gram Panchayat
GUHALDUNGURI","Vilage
KALARABANI",2
Mayurbhanj,Bosoi,Asana,Raikadkacha,4
Mayurbhanj,Bosoi,Baneikala,Gunduria,2
Mayurbhanj,G.B Nagar,Bhandagan,Anantasahi,30
Mayurbhanj,G.B Nagar,Bhandagan,Bhandagan,1
Mayurbhanj,G.B Nagar,Bhandagan,Ghantasila,18
Mayurbhanj,G.B Nagar,Kushalda,Mahuldihi,7
Mayurbhanj,G.B Nagar,Kushalda,Mundhakati,37
Mayurbhanj,G.B Nagar,Kushalda,Taradasole,4
Mayurbhanj,G.B Nagar,Ranibandh,Nuapada,14
Mayurbhanj,G.B Nagar,Ranibandh,Subudasahi,7
Mayurbhanj,G.B Nagar,Ranibandh,Tikarapada,15
Mayurbhanj,G.B. Nagar,Bhandagan,Ghantasila,10
Mayurbhanj,G.B. Nagar,Bhandagan,Jamsola,6
Mayurbhanj,G.B. Nagar,Bhandagan,Sinduria,5
Mayurbhanj,G.B. Nagar,G.B. Nagar,Parichipur,4
Mayurbhanj,G.B. Nagar,Jaypur,Marsigan,6
Mayurbhanj,G.B. Nagar,Kuamara,Chilima,4
Mayurbhanj,G.B. Nagar,Kuamara,Sikidia,3
Mayurbhanj,G.B. Nagar,Kushalada,Mundakati,20
Mayurbhanj,G.B. Nagar,Kushalda,Mundakati,10
Mayurbhanj,G.B. Nagar,Puruna Baripada,Puruna Baripada,3
Mayurbhanj,G.B. Nagar,Sainkula,Kaliapada,9
Mayurbhanj,G.B. Nagar,San Khunta,Bad Dangua,10
Mayurbhanj,G.B. Nagar,Sankhunta,Bad Dangua,4
Mayurbhanj,G.B. Nagar,Silaghaty,Kenduamundi,6
Mayurbhanj,G.B. Nagar,Silaghaty,Sialia,7
Mayurbhanj,G.B.Nagar,Kushalda,Banakati,34
Mayurbhanj,G.B.Nagar,Kushalda,Padmapur,3
Mayurbhanj,G.B.Nagar,Ranibandh,Sialia ‘A’,21
Mayurbhanj,GB Nagar,Baradihi,Daripal,10
Mayurbhanj,GB Nagar,Baradihi,Debagan,13
Mayurbhanj,GB Nagar,Baradihi,Goda,9
Mayurbhanj,GB Nagar,Jaypur,Dambarudihi,34
Mayurbhanj,GB Nagar,Kuamara,Patua,4
Mayurbhanj,GB Nagar,Kuamara,Uperkadada,5
Mayurbhanj,GB Nagar,Kushalda,Banakati,30
Mayurbhanj,GB Nagar,Kushalda,Lahara,8
Mayurbhanj,GB Nagar,Kushalda,Padmapur,32
Mayurbhanj,GB Nagar,Kushalda,Pathurikata,8
Mayurbhanj,GB Nagar,Pasuda,Badabelakuti,6
Mayurbhanj,GB Nagar,Pasuda,Ghagara,12
Mayurbhanj,GB Nagar,Pasuda,Mahulia,12
Mayurbhanj,GB Nagar,Pasuda,Muturda,5
Mayurbhanj,GB Nagar,Pasuda,Sanabelakuti,9
Mayurbhanj,GB Nagar,Ranibandh,Chadada,2
Mayurbhanj,GB Nagar,Ranibandh,Megha,1
Mayurbhanj,GB Nagar,Ranibandh,Sialia(A),65
Mayurbhanj,GB Nagar,Ranibandha,Sialia-A,2
Mayurbhanj,GB Nagar,Sainkula,Khuntadahi,1
Mayurbhanj,GB Nagar,Sanakhunta,Balidiha,21
Mayurbhanj,GB Nagar,Silaghati,Sialia-B,13
Mayurbhanj,GB Nagar,Silaghati,Silaghati,23
Mayurbhanj,GB Nagar,Titia,Palasa,6
Mayurbhanj,GB Nagar,Titia,Tangana,2
Mayurbhanj,GB Nagar,Titia,Titia,7
Mayurbhanj,Jamda,Bad-Dundu,Chapda,14
Mayurbhanj,Jamda,Bad-Dundu,Kalapani,4
Mayurbhanj,Jamda,Bad-Dundu,Moranda,10
Mayurbhanj,Jamda,Bad-Dundu,Tingiria,9
Mayurbhanj,Jamda,Badundu,Dalki,4
Mayurbhanj,Jamda,Badundu,Dumar,1
Mayurbhanj,Jamda,Badundu,Maranda,2
Mayurbhanj,Jamda,Badundu,Moranda,10
Mayurbhanj,Jamda,Badundu,Redam,3
Mayurbhanj,Jamda,Badundu,Sandundu,2
Mayurbhanj,Jamda,Hensda,Basantpur,12
Mayurbhanj,Jamda,Hensda,Chandikhaman,38
Mayurbhanj,Jamda,Hensda,Chitritangar,7
Mayurbhanj,Jamda,Hensda,Khaeirpal,13
Mayurbhanj,Jamda,Hensda,Khediadungri,32
Mayurbhanj,Jamda,Hensda,Kucheipal,20
Mayurbhanj,Jamda,Hensda,Matiali,70
Mayurbhanj,Jamda,Hensda,Sunamara,15
Mayurbhanj,Jamda,Jamda,Baghia,1
Mayurbhanj,Jamda,Jamda,Belposi,16
Mayurbhanj,Jamda,Jamda,Rumapahadi,9
Mayurbhanj,Jamda,Jarkani,Bambod,10
Mayurbhanj,Jamda,Jarkani,Daunda,3
Mayurbhanj,Jamda,Jarkani,Natwar,18
Mayurbhanj,Jamda,Jarkani,Olidihi,4
Mayurbhanj,Jamda,Jarkani,Pitidhiri,6
Mayurbhanj,Jamda,Kankha,Kankha,2
Mayurbhanj,Jamda,Pasana,Badkuleibira,2
Mayurbhanj,Jamda,Pasana,Bandudma,22
Mayurbhanj,Jamda,Pasana,Bhagabeda,8
Mayurbhanj,Jamda,Pasana,Guduta,22
Mayurbhanj,Jamda,Pasana,Pasana,2
Mayurbhanj,Jamda,Pasna,Banduduma,1
Mayurbhanj,Jamda,Pasna,Ghumal,2
Mayurbhanj,Jamda,Pasna,Harilabeda,22
Mayurbhanj,Jamda,Pasna,Heselpata,14
Mayurbhanj,Jamda,Pasna,Pasna,4
Mayurbhanj,Jamda,Pasna,Rangamatia,4
Mayurbhanj,Jamda,Talagaon,Kandsore,2
Mayurbhanj,Jamda,Talagaon,Kankhan,2
Mayurbhanj,Jamda,Talagaon,Laxmiposi,5
Mayurbhanj,Jamda,Talagaon,Mahiskudar,3
Mayurbhanj,Jamda,Talagaon,Talagaon,6
Mayurbhanj,Jamda,Talgan,Kankha,1
Mayurbhanj,Jamda,Talgan,Laxmiposi,11
Mayurbhanj,Jamda,Talgan,Mohiskudar,10
Mayurbhanj,Jamda,Talgan,Radhanagar,2
Mayurbhanj,Jamda,Talgaon,Badamtalia,3
Mayurbhanj,Jamda,Talgaon,Dumadihi,22
Mayurbhanj,Jamda,Talgaon,Kandsor,3
Mayurbhanj,Jamda,Talgaon,Laxmiposi,42
Mayurbhanj,Jamda,Talgaon,Mohiskudar,17
Mayurbhanj,Jamda,Talgaon,Mugudi,3
Mayurbhanj,Jamda,Talgaon,Radhanagar,25
Mayurbhanj,Jamda,Talgaon,kankha,4
Mayurbhanj,Jamda,Tarana,Baghia,4
Mayurbhanj,Jamda,Tarana,Bhadusahi,11
Mayurbhanj,Jamda,Tarana,Dighiabeda,9
Mayurbhanj,Jamda,Tarana,Manbir,5
Mayurbhanj,Jamda,Tarana,Pahadpur,18
Mayurbhanj,Jamda,Tarana,Tarana,7
Mayurbhanj,Jamda,Tendra,Amlabeda,1
Mayurbhanj,Jamda,Tendra,Tendra Hil,13
Mayurbhanj,Jamda,Tendra,Tendra Hill,1
Mayurbhanj,Jamda,Tendra,Tendrahil,14
Mayurbhanj,Jashipur,Astakuanr,Balarampur,10
Mayurbhanj,Jashipur,Astakuanr,Gad similipal,18
Mayurbhanj,Jashipur,Astakuanr,Gadsimilipal,40
Mayurbhanj,Jashipur,Astakumar,Balarampur,15
Mayurbhanj,Jashipur,Astakumar,Gopinathpur,22
Mayurbhanj,Jashipur,Astakumar,Kukurbhuka,30
Mayurbhanj,Jashipur,Astakumar,Nawana,34
Mayurbhanj,Jashipur,Astakumar,Nikhirda,2
Mayurbhanj,Jashipur,Astakumar,Saruda,44
Mayurbhanj,Jashipur,Astakunr,Budhabalanga,35
Mayurbhanj,Jashipur,Barehipani,Ashanbani,15
Mayurbhanj,Jashipur,Barehipani,Bad Ashoki,36
Mayurbhanj,Jashipur,Barehipani,Bandirabasa,40
Mayurbhanj,Jashipur,Barehipani,Barehipani,12
Mayurbhanj,Jashipur,Barehipani,Barsia,24
Mayurbhanj,Jashipur,Barehipani,Chakundakacha,3
Mayurbhanj,Jashipur,Barehipani,Kuljhari,3
Mayurbhanj,Jashipur,Barehipani,Nuniagad,1
Mayurbhanj,Jashipur,Barehipani,Nunian Goda,23
Mayurbhanj,Jashipur,Barehipani,Routala,23
Mayurbhanj,Jashipur,Baunsanali,Baunsanali,22
Mayurbhanj,Jashipur,Baunsanali,Genteisahi,75
Mayurbhanj,Jashipur,Baunsanali,Ramsahi,43
Mayurbhanj,Jashipur,Baunsanali,Tangursahi,47
Mayurbhanj,Jashipur,Baunsanli,Mandam,32
Mayurbhanj,Jashipur,Baunsnali,Badpahad,43
Mayurbhanj,Jashipur,Baunsnali,Bandiraposi,66
Mayurbhanj,Jashipur,Baunsnali,Baunsnali,66
Mayurbhanj,Jashipur,Baunsnali,Genteisahi,48
Mayurbhanj,Jashipur,Baunsnali,Mandam,27
Mayurbhanj,Jashipur,Baunsnali,Pahadpur,12
Mayurbhanj,Jashipur,Baunsnali,Ramsahi,12
Mayurbhanj,Jashipur,Baunsnali,Tangurusahi,21
Mayurbhanj,Jashipur,Begunia,Badbil,1
Mayurbhanj,Jashipur,Begunia,Begunia,22
Mayurbhanj,Jashipur,Begunia,Chainebda,4
Mayurbhanj,Jashipur,Begunia,Jamda,70
Mayurbhanj,Jashipur,Begunia,Kudarbisida,32
Mayurbhanj,Jashipur,Begunia,Nebda,8
Mayurbhanj,Jashipur,Chahidi,Batpandgandi,44
Mayurbhanj,Jashipur,Chakidi,Ambatalia,26
Mayurbhanj,Jashipur,Chakidi,Asura,6
Mayurbhanj,Jashipur,Chakidi,Bada moranda,41
Mayurbhanj,Jashipur,Chakidi,Badaduma,10
Mayurbhanj,Jashipur,Chakidi,Baduma,11
Mayurbhanj,Jashipur,Chakidi,Baliaban,11
Mayurbhanj,Jashipur,Chakidi,Banapundugandi,5
Mayurbhanj,Jashipur,Chakidi,Chakidi,15
Mayurbhanj,Jashipur,Chakidi,Chemudia,8
Mayurbhanj,Jashipur,Chakidi,Dalkibeda,3
Mayurbhanj,Jashipur,Chakidi,Gandarabeda,112
Mayurbhanj,Jashipur,Chakidi,Gondirabeda,4
Mayurbhanj,Jashipur,Chakidi,Maharajpur hil,5
Mayurbhanj,Jashipur,Chakidi,Naubudhani,7
Mayurbhanj,Jashipur,Chakidi,Nuhamalia,39
Mayurbhanj,Jashipur,Chakidi,Siltia,22
Mayurbhanj,Jashipur,Chakidi,Sinduria,19
Mayurbhanj,Jashipur,Chakidi,Uski,16
Mayurbhanj,Jashipur,Dhalabani,Chardipahadi,39
Mayurbhanj,Jashipur,Dhalabani,Dhalabani,54
Mayurbhanj,Jashipur,Dhalabani,Thakurgoda,22
Mayurbhanj,Jashipur,Dholabani,Alakudar,44
Mayurbhanj,Jashipur,Dholabani,Badsol,55
Mayurbhanj,Jashipur,Dholabani,Baranga,4
Mayurbhanj,Jashipur,Dholabani,Kaliani,50
Mayurbhanj,Jashipur,Dholabani,Kalikaprasad,42
Mayurbhanj,Jashipur,Dholabani,Sapachira,3
Mayurbhanj,Jashipur,Dholabani,Suanpal,63
Mayurbhanj,Jashipur,Dholabani,Tamaksila,21
Mayurbhanj,Jashipur,Dholabani,Thakurgoda,21
Mayurbhanj,Jashipur,Dholabani,Utaransa,104
Mayurbhanj,Jashipur,Dholabani,Uttaransa,1
Mayurbhanj,Jashipur,Do`,Sanmaranda,14
Mayurbhanj,Jashipur,Durdura,Badsialinae,12
Mayurbhanj,Jashipur,Durdura,Badsialnai,24
Mayurbhanj,Jashipur,Durdura,Begunia,104
Mayurbhanj,Jashipur,Durdura,Cheligodhuli,3
Mayurbhanj,Jashipur,Durdura,Cheligudhuli,8
Mayurbhanj,Jashipur,Durdura,Durdura,78
Mayurbhanj,Jashipur,Durdura,Handipuhan,33
Mayurbhanj,Jashipur,Durdura,Kadalibadi Hil,15
Mayurbhanj,Jashipur,Durdura,Kadalibadi Hill,1
Mayurbhanj,Jashipur,Durdura,Sansialinai,79
Mayurbhanj,Jashipur,Durdura,Sansialini,1
Mayurbhanj,Jashipur,Ektali,Bakala,173
Mayurbhanj,Jashipur,Ektali,Baragadia,24
Mayurbhanj,Jashipur,Ektali,Bargadia,3
Mayurbhanj,Jashipur,Ektali,Basantpur,54
Mayurbhanj,Jashipur,Ektali,Dhuduku,56
Mayurbhanj,Jashipur,Ektali,Ektali,30
Mayurbhanj,Jashipur,Ektali,Kaleitumba,113
Mayurbhanj,Jashipur,Ektali,Kanchikna,6
Mayurbhanj,Jashipur,Ektali,Kanthikna,36
Mayurbhanj,Jashipur,Ektali,Kumudabadi,51
Mayurbhanj,Jashipur,Ektali,Nangalsila,46
Mayurbhanj,Jashipur,Gudgudia,Khejuri,30
Mayurbhanj,Jashipur,Gudugudia,Gudugudia,77
Mayurbhanj,Jashipur,Gudugudia,Khejuri,14
Mayurbhanj,Jashipur,Gudugudia,Lanjighosora,13
Mayurbhanj,Jashipur,Gurgudia,Badkasira,28
Mayurbhanj,Jashipur,Gurgudia,Bakua,2
Mayurbhanj,Jashipur,Gurgudia,Bharadachua,3
Mayurbhanj,Jashipur,Gurgudia,Chandikhaman,3
Mayurbhanj,Jashipur,Gurgudia,KABATGHAI,5
Mayurbhanj,Jashipur,Gurgudia,KHEJURIA,13
Mayurbhanj,Jashipur,Gurgudia,Kandibil,31
Mayurbhanj,Jashipur,Gurgudia,Kediadunguri,7
Mayurbhanj,Jashipur,Gurgudia,Kuanribil,25
Mayurbhanj,Jashipur,Gurgudia,Saharpat,25
Mayurbhanj,Jashipur,Gurgudia,Sankasira,27
Mayurbhanj,Jashipur,Jamukeswar,Ambadiha,4
Mayurbhanj,Jashipur,Jamukeswar,Champabalda,2
Mayurbhanj,Jashipur,Jamukeswar,Dhulia,5
Mayurbhanj,Jashipur,Jamukeswar,Jamukeswar,1
Mayurbhanj,Jashipur,Jamukeswar,Kumbharpandugundi,1
Mayurbhanj,Jashipur,Jamukeswar,Laxmiposi,1
Mayurbhanj,Jashipur,Jamukeswar,Pasana Sahi,3
Mayurbhanj,Jashipur,Jamukeswar,Rahanda,14
Mayurbhanj,Jashipur,Jamukeswar,Sanmaranda,1
Mayurbhanj,Jashipur,Jamukeswar,balda,1
Mayurbhanj,Jashipur,Jashipur,Jashipur,4
Mayurbhanj,Jashipur,Mahardapalasa,Dakarbeda,2
Mayurbhanj,Jashipur,Mahardapalasa,Machkandana,16
Mayurbhanj,Jashipur,Mahardapalasa,Mahardapalasa,4
Mayurbhanj,Jashipur,Manada,Aktapal,27
Mayurbhanj,Jashipur,Manada,Biunria,53
Mayurbhanj,Jashipur,Manada,Dhatikia,20
Mayurbhanj,Jashipur,Manada,Naona,36
Mayurbhanj,Jashipur,Manada,Nawana,2
Mayurbhanj,Jashipur,Manada,Nowana,41
Mayurbhanj,Jashipur,Manada,Tikarpada,11
Mayurbhanj,Jashipur,Matiagarh,( Podagarh G.S),12
Mayurbhanj,Jashipur,Matiagarh,(Ghaniaposi GS),24
Mayurbhanj,Jashipur,Matiagarh,(Tilabadi G.S),2
Mayurbhanj,Jashipur,Matiagarh,Asanbani,26
Mayurbhanj,Jashipur,Matiagarh,Ghaniaposi,2
Mayurbhanj,Jashipur,Matiagarh,Kaliani,12
Mayurbhanj,Jashipur,Matiagarh,Kankadani,86
Mayurbhanj,Jashipur,Matiagarh,Kapand,126
Mayurbhanj,Jashipur,Matiagarh,Kaptira,30
Mayurbhanj,Jashipur,Matiagarh,Matiagarh,8
Mayurbhanj,Jashipur,Matiagarh,Podagad,3
Mayurbhanj,Jashipur,Matiagarh,Tilabadi,74
Mayurbhanj,Jashipur,Matiagrah,Kankadani,1
Mayurbhanj,Jashipur,Maudi,(San Junposi) polisabha,18
Mayurbhanj,Jashipur,Maudi,Biunria,18
Mayurbhanj,Jashipur,Maudi,Itamundi,28
Mayurbhanj,Jashipur,Maudi,San Junposi,12
Mayurbhanj,Jashipur,Moudi,Itamundi,18
Mayurbhanj,Jashipur,Padagarh,Tulasibani,31
Mayurbhanj,Jashipur,Pantho,Bakartala,2
Mayurbhanj,Jashipur,Pantho,Kenjhera,12
Mayurbhanj,Jashipur,Pantho,Pantho,8
Mayurbhanj,Jashipur,Podagarh,Bhadusol,9
Mayurbhanj,Jashipur,Podagarh,Kashipal,40
Mayurbhanj,Jashipur,Podagarh,Madanmohanpur,25
Mayurbhanj,Jashipur,Podagarh,Palagoda,29
Mayurbhanj,Jashipur,Podagarh,Podagarh,40
Mayurbhanj,Jashipur,Rugudi,Badposi,31
Mayurbhanj,Jashipur,Rugudi,Chaturisahi,16
Mayurbhanj,Jashipur,Rugudi,Jaunriposi,30
Mayurbhanj,Jashipur,Rugudi,Kadadhia,94
Mayurbhanj,Jashipur,Rugudi,KaluaKhaman,64
Mayurbhanj,Jashipur,Rugudi,Khandabandh,82
Mayurbhanj,Jashipur,Rugudi,Khandabandha,1
Mayurbhanj,Jashipur,Rugudi,Palasagadia,26
Mayurbhanj,Jashipur,Rugudi,Rugudi,96
Mayurbhanj,Jashipur,Rugudi,Siramanipur,65
Mayurbhanj,Jashipur,Tangabila,Badbil,9
Mayurbhanj,Jashipur,Tangabila,Badnai,39
Mayurbhanj,Jashipur,Tangabila,Dhemananali,40
Mayurbhanj,Jashipur,Tangabila,Kenjhera,34
Mayurbhanj,Jashipur,Tangabila,Panposi,34
Mayurbhanj,Jashipur,Tangabila,Sanai,18
Mayurbhanj,Jashipur,Tangabila,Sunamuhin,54
Mayurbhanj,Jashipur,Tangabila,Tangabila,28
Mayurbhanj,Jashipur,Tangabilla,Badbil,1
Mayurbhanj,Jashipur,`do,Champabalda,7
Mayurbhanj,Jasipur,Rugudi,KaluaKhaman,1
Mayurbhanj,KARANJIA,Dudhiani,Purunapani,1
Mayurbhanj,KARANJIA,Dudhiani,Ranibhol,2
Mayurbhanj,KARANJIA,Dudhiani,Sanramchandrapur,3
Mayurbhanj,KARANJIA,Miriginandi,Hatibari,21
Mayurbhanj,Kaptiada,Sarat,Kadabahali,12
Mayurbhanj,Kaptipada,Badabisole,Sanbisole,24
Mayurbhanj,Kaptipada,Badajhad,Kaptipada,25
Mayurbhanj,Kaptipada,Badakhaladi,Sundhal,18
Mayurbhanj,Kaptipada,Badbisole,Bhalubasa,61
Mayurbhanj,Kaptipada,Badbisole,Saguniabasa,88
Mayurbhanj,Kaptipada,Badgudgudia,Badbadi,6
Mayurbhanj,Kaptipada,Badgudgudia,Sanagudugudia,20
Mayurbhanj,Kaptipada,Chakradhar Pur,Chakradhar Pur,36
Mayurbhanj,Kaptipada,Chakradharapur,Sadanandapur,75
Mayurbhanj,Kaptipada,Chakradharapur,Sanjunpal,18
Mayurbhanj,Kaptipada,Chakradharpur,Sadananda Pur,43
Mayurbhanj,Kaptipada,Chakradharpur,Sadanandapur,15
Mayurbhanj,Kaptipada,Debala,Badjhad,14
Mayurbhanj,Kaptipada,Debala,Debala,50
Mayurbhanj,Kaptipada,Debala,Hil No-160,60
Mayurbhanj,Kaptipada,Debala,Hil No-161,11
Mayurbhanj,Kaptipada,Debanbahali,Debanbahali,21
Mayurbhanj,Kaptipada,Debla,Badajhad,25
Mayurbhanj,Kaptipada,Dewanbahali,Bisungan,1
Mayurbhanj,Kaptipada,Dewanbahali,Shirapal,59
Mayurbhanj,Kaptipada,Dewanbahali,Siriapal,13
Mayurbhanj,Kaptipada,J.S Jamudiha,Hil Block-171,54
Mayurbhanj,Kaptipada,J.S Jamudiha,Hill Block-171,1
Mayurbhanj,Kaptipada,J.S Jamudiha,Podadiha,11
Mayurbhanj,Kaptipada,J.S. Jamadiha,Nuhamalia,20
Mayurbhanj,Kaptipada,J.S. Jamdiha,Hil Block-24,1
Mayurbhanj,Kaptipada,J.S. Jamudiha,Badjunpal,6
Mayurbhanj,Kaptipada,J.S. Jamudiha,Bhandaripal,59
Mayurbhanj,Kaptipada,J.S. Jamudiha,Hil Block-173,41
Mayurbhanj,Kaptipada,J.S. Jamudiha,Hill Block-173,4
Mayurbhanj,Kaptipada,J.S. Jamudiha,Kantagadi,17
Mayurbhanj,Kaptipada,J.S. Jamudiha,Kantiali,12
Mayurbhanj,Kaptipada,J.S. Jamudiha,Talapadia,68
Mayurbhanj,Kaptipada,Jadida,Badasimulia,50
Mayurbhanj,Kaptipada,Jadida,Mahisasuri,13
Mayurbhanj,Kaptipada,Jadida,Nedam,76
Mayurbhanj,Kaptipada,Jadida,Raikalia,54
Mayurbhanj,Kaptipada,Jambani,Sudusudia,72
Mayurbhanj,Kaptipada,Jhinkpada,Goudagan,35
Mayurbhanj,Kaptipada,Jodida,Nedam,73
Mayurbhanj,Kaptipada,Kalamgadia,Balichua,72
Mayurbhanj,Kaptipada,Kalamgadia,Gokulpur,62
Mayurbhanj,Kaptipada,Kalamgadia,Kalamgadia,109
Mayurbhanj,Kaptipada,Kalamgadia,Kathachua,100
Mayurbhanj,Kaptipada,Kalamgadia,Sukhuapata Hil,123
Mayurbhanj,Kaptipada,Kalamgadia,Sukhuapata Hill,3
Mayurbhanj,Kaptipada,Kaptipada,Beldiha,30
Mayurbhanj,Kaptipada,Kaptipada,Bhagabandh,92
Mayurbhanj,Kaptipada,Kaptipada,Bhangabandh,24
Mayurbhanj,Kaptipada,Kaptipada,Kaladahi,25
Mayurbhanj,Kaptipada,Kaptipada,Kaladihi,17
Mayurbhanj,Kaptipada,Kolialam,Kadamsole,7
Mayurbhanj,Kaptipada,Kolialam,Nachipur,21
Mayurbhanj,Kaptipada,Koliolam,Kodambsole,38
Mayurbhanj,Kaptipada,Labanyadeipur,Gaipanikhia,4
Mayurbhanj,Kaptipada,Labanyadeipur,Gaipanikhia-Hil,21
Mayurbhanj,Kaptipada,Labanyadeipur,Hil Block-24 Sanadei,6
Mayurbhanj,Kaptipada,Labanyadeipur,Katuria,8
Mayurbhanj,Kaptipada,Labanyadeipur,Labanyadeipur,7
Mayurbhanj,Kaptipada,Labanyadeipur,Sanadei,48
Mayurbhanj,Kaptipada,Majhigadia,Baladamara,44
Mayurbhanj,Kaptipada,Majhigadia,Dangarsahi,70
Mayurbhanj,Kaptipada,Majhigadia,Mahulapankha,176
Mayurbhanj,Kaptipada,Majhigadia,Majhigadia,37
Mayurbhanj,Kaptipada,Majhigadia,Raidiha,75
Mayurbhanj,Kaptipada,Majhigadia,Raikalchua,74
Mayurbhanj,Kaptipada,Mankadapada,Khadikhania,23
Mayurbhanj,Kaptipada,Mankadapada,Kunarapur,5
Mayurbhanj,Kaptipada,Mankadapada,Mankadapada Hil,246
Mayurbhanj,Kaptipada,Mankadapada,Mankadapada Hill,13
Mayurbhanj,Kaptipada,Mankadapada,Palasabani,1
Mayurbhanj,Kaptipada,Mankadpada,Khadikhania,29
Mayurbhanj,Kaptipada,Mankadpada,Mankadpada,9
Mayurbhanj,Kaptipada,Mankadpada,Mankadpada (Jadabani),15
Mayurbhanj,Kaptipada,Nato,Baghadafa,46
Mayurbhanj,Kaptipada,Noto,Baghadafa,15
Mayurbhanj,Kaptipada,Noto,Baghadapha,11
Mayurbhanj,Kaptipada,Noto,Kumudabahali,52
Mayurbhanj,Kaptipada,Noto,Noto,35
Mayurbhanj,Kaptipada,Noto,Prasana Chandrapur,59
Mayurbhanj,Kaptipada,Noto,Prashna ch. Pur,20
Mayurbhanj,Kaptipada,Notto,Baghadafa,1
Mayurbhanj,Kaptipada,Nudadiha,Hil Block 172 (Uthansahi),20
Mayurbhanj,Kaptipada,Nudadiha,Nuagan,76
Mayurbhanj,Kaptipada,Nududiha,Kukurdima,5
Mayurbhanj,Kaptipada,Padmapokhari,Dhapada,142
Mayurbhanj,Kaptipada,Pedagadi,Astapura,5
Mayurbhanj,Kaptipada,Pedagadi,Ghipura,3
Mayurbhanj,Kaptipada,Pedagadi,Gothapura,23
Mayurbhanj,Kaptipada,Pedagadi,Jarada,1
Mayurbhanj,Kaptipada,Pedagadi,Karapada,3
Mayurbhanj,Kaptipada,Pedagadi,Mahulabani,8
Mayurbhanj,Kaptipada,Pingu,Ashanabani,54
Mayurbhanj,Kaptipada,Pingu,Chainposi,43
Mayurbhanj,Kaptipada,Pingu,Chuinposi,40
Mayurbhanj,Kaptipada,Pingu,Gadiapal,77
Mayurbhanj,Kaptipada,Pingu,Pingu,21
Mayurbhanj,Kaptipada,Ram Ch. Pur,Dolipada,61
Mayurbhanj,Kaptipada,Ram Ch. Pur,Ram Ch. Pur,35
Mayurbhanj,Kaptipada,Ramachandrapur,Talagadia,150
Mayurbhanj,Kaptipada,Ramchandrapur,R.C. Pur,1
Mayurbhanj,Kaptipada,Ramchandrapur,Ramchandrapur,55
Mayurbhanj,Kaptipada,Ranipokhari,Dilisore,11
Mayurbhanj,Kaptipada,Ranipokhari,Kaptipada,22
Mayurbhanj,Kaptipada,Ranipokhari,Rajatnagar,214
Mayurbhanj,Kaptipada,Ranipokhari,Ranipokhari,57
Mayurbhanj,Kaptipada,Rnipokhari,Diliswar,34
Mayurbhanj,Kaptipada,Salachua,Bidyadharanagar,116
Mayurbhanj,Kaptipada,Salachua,Gendagadia,37
Mayurbhanj,Kaptipada,Salachua,Salachua,265
Mayurbhanj,Kaptipada,Salachua,Salagadia,39
Mayurbhanj,Kaptipada,Salchua,Salchua,21
Mayurbhanj,Kaptipada,Salchua,Solagadia,38
Mayurbhanj,Kaptipada,Saradiha,Bhandar,31
Mayurbhanj,Kaptipada,Saradiha,Saradiha,94
Mayurbhanj,Kaptipada,Saradiha,Sukhuapata,127
Mayurbhanj,Kaptipada,Sarat,Gourachandrapur,182
Mayurbhanj,Kaptipada,Sarat,Kadabahali,66
Mayurbhanj,Kaptipada,Sarat,Kaptipada,79
Mayurbhanj,Kaptipada,Sarat,Sarat,181
Mayurbhanj,Kaptipada,Sardiha,Bhandar,97
Mayurbhanj,Kaptipada (Canceled),Labanyadeipur,Gaipanikhia-Hil,1
Mayurbhanj,Kaptipada (Canceled),Rnipokhari,Diliswar,1
Mayurbhanj,Kaptipada(Canceled),Labanyadeipur,Sanadei,1
Mayurbhanj,Kaptipada(Canceled),Noto,Kumudabahali,2
Mayurbhanj,Karanajia,Kerkera,Sarangagarh,41
Mayurbhanj,Karanajia,Kuliposhi,Sunaposhi,6
Mayurbhanj,Karanajia,Kuliposi,Singda,7
Mayurbhanj,Karanajia,Mirigenendi,Mirigenendi,2
Mayurbhanj,Karanajia,Patbil,Baliposi,2
Mayurbhanj,Karanajia,Patbil,Kendumundi,2
Mayurbhanj,Karanajia,Rasamtala,Kadambeda,3
Mayurbhanj,Karanjia,Badadeuli,Badadeuli,13
Mayurbhanj,Karanjia,Badadeuli,Bhanra,48
Mayurbhanj,Karanjia,Badadeuli,Chauthia,54
Mayurbhanj,Karanjia,Badadeuli,Jadumuria,6
Mayurbhanj,Karanjia,Badadeuli,Jhadumuria,184
Mayurbhanj,Karanjia,Badagan,Ananta Sahi,10
Mayurbhanj,Karanjia,Badagaon,Batagoudgoan,32
Mayurbhanj,Karanjia,Baddeuli,Baddeuli,1
Mayurbhanj,Karanjia,Badeuli,Badeuli,10
Mayurbhanj,Karanjia,Badeuli,Sandeuli,5
Mayurbhanj,Karanjia,Badeuli,Saradha,3
Mayurbhanj,Karanjia,Badeuli,Sarashposi,11
Mayurbhanj,Karanjia,Badgan,Saradha,49
Mayurbhanj,Karanjia,Badgaon,Anantasahi,48
Mayurbhanj,Karanjia,Badgaon,Batatainsira,15
Mayurbhanj,Karanjia,Badgaon,Kardia,36
Mayurbhanj,Karanjia,Badgaon,Khandiadar,75
Mayurbhanj,Karanjia,Badgaon,Nuagaon,35
Mayurbhanj,Karanjia,Badgaon,Raitalia,6
Mayurbhanj,Karanjia,Badgaon,Tulasibani,1
Mayurbhanj,Karanjia,Badgaon,Tulasiposi,48
Mayurbhanj,Karanjia,Bala,Bala,13
Mayurbhanj,Karanjia,Bala,Sanbadposi,31
Mayurbhanj,Karanjia,Bhadubeda,Bhadubeda,8
Mayurbhanj,Karanjia,Chitraposi,Asanbani,58
Mayurbhanj,Karanjia,Chitraposi,Chitraposi,30
Mayurbhanj,Karanjia,Chitraposi,Dhakata,66
Mayurbhanj,Karanjia,Chitraposi,Ghosda,30
Mayurbhanj,Karanjia,Chitraposi,Halpur,32
Mayurbhanj,Karanjia,Chitraposi,Mahadevdeuli,42
Mayurbhanj,Karanjia,Chitraposi,Murgapat,57
Mayurbhanj,Karanjia,Chitraposi,Thianali,20
Mayurbhanj,Karanjia,Dori,Dhalabani,16
Mayurbhanj,Karanjia,Dori,Dori,13
Mayurbhanj,Karanjia,Dori,Jarali,4
Mayurbhanj,Karanjia,Dori,Madrangajodi,28
Mayurbhanj,Karanjia,Dori,Mata,61
Mayurbhanj,Karanjia,Dori,Tinitia,8
Mayurbhanj,Karanjia,Dori,Tulashiposi,17
Mayurbhanj,Karanjia,Dudhiani,Burudihi,42
Mayurbhanj,Karanjia,Dudhiani,Pahadpur,21
Mayurbhanj,Karanjia,Dudhiani,Ramajodi,8
Mayurbhanj,Karanjia,Dudhiani,Ramjodi,24
Mayurbhanj,Karanjia,Dudhiani,Ranibhol,11
Mayurbhanj,Karanjia,Dudhiani,Sanram chandrapur,3
Mayurbhanj,Karanjia,Dudhiani,Sanramachandrapur,39
Mayurbhanj,Karanjia,Dudhiani,Sanramchandrapur,42
Mayurbhanj,Karanjia,Kendujuani,Asanbani,3
Mayurbhanj,Karanjia,Kerkera,Andharjhuri,11
Mayurbhanj,Karanjia,Kerkera,Badasarai,37
Mayurbhanj,Karanjia,Kerkera,Badsorei,23
Mayurbhanj,Karanjia,Kerkera,Chouthia,3
Mayurbhanj,Karanjia,Kerkera,Dumbi Sahi,14
Mayurbhanj,Karanjia,Kerkera,Dumbisahi,19
Mayurbhanj,Karanjia,Kerkera,Jhalkiani,15
Mayurbhanj,Karanjia,Kerkera,Kerkera,6
Mayurbhanj,Karanjia,Kerkera,Neduapal,21
Mayurbhanj,Karanjia,Kerkera,Pahadbhanga,27
Mayurbhanj,Karanjia,Kerkera,Ramchandrapur,46
Mayurbhanj,Karanjia,Kerkera,Sarangad,8
Mayurbhanj,Karanjia,Kerkera,Sarangagarh,53
Mayurbhanj,Karanjia,Kerkera,Satkiari,3
Mayurbhanj,Karanjia,Kerkera,Satkiari (Sarangad),1
Mayurbhanj,Karanjia,Kujiposhi,Sunaposhi,1
Mayurbhanj,Karanjia,Kuliposi,Chaturisahi,17
Mayurbhanj,Karanjia,Kuliposi,Cheliaposi,23
Mayurbhanj,Karanjia,Kuliposi,Gopalpur,6
Mayurbhanj,Karanjia,Kuliposi,Hatisalbeda,22
Mayurbhanj,Karanjia,Kuliposi,Jarasahi,11
Mayurbhanj,Karanjia,Kuliposi,Kadadiha,8
Mayurbhanj,Karanjia,Kuliposi,Kuliposi,1
Mayurbhanj,Karanjia,Kuliposi,Kusapada,2
Mayurbhanj,Karanjia,Kuliposi,Miludihi,18
Mayurbhanj,Karanjia,Kuliposi,Padheidhuda,10
Mayurbhanj,Karanjia,Kuliposi,Paudia,6
Mayurbhanj,Karanjia,Kuliposi,Sudiam,12
Mayurbhanj,Karanjia,Kuliposi,Sunaposi,25
Mayurbhanj,Karanjia,Kuliposi,Tikasil,11
Mayurbhanj,Karanjia,Mata,Purunadeungaon,32
Mayurbhanj,Karanjia,Miludihi,Miludihi,22
Mayurbhanj,Karanjia,Mirginandi,Khadikudar,12
Mayurbhanj,Karanjia,Miriginendi,Gudidiha,31
Mayurbhanj,Karanjia,Miriginendi,Hatibari,22
Mayurbhanj,Karanjia,Miriginendi,Jhmukakudar,10
Mayurbhanj,Karanjia,Miriginendi,Jhumkakudar,58
Mayurbhanj,Karanjia,Miriginendi,Jhumukakudar,11
Mayurbhanj,Karanjia,Miriginendi,Khadikudar,1
Mayurbhanj,Karanjia,Miriginendi,Mirigienedi,9
Mayurbhanj,Karanjia,Miriginendi,Miriginendi,30
Mayurbhanj,Karanjia,Miriginendi,Panaspal,2
Mayurbhanj,Karanjia,Miriginendi,Patulidihi,13
Mayurbhanj,Karanjia,Miriginendi,Sundhikudar,21
Mayurbhanj,Karanjia,Murgapat,Chitraposi,1
Mayurbhanj,Karanjia,Neduapal,Neduapal,16
Mayurbhanj,Karanjia,Nuagaon,Nuagaon,3
Mayurbhanj,Karanjia,Patbil,Baghalata,82
Mayurbhanj,Karanjia,Patbil,Baliposi,19
Mayurbhanj,Karanjia,Patbil,Bisipur,57
Mayurbhanj,Karanjia,Patbil,Jamunalia,42
Mayurbhanj,Karanjia,Patbil,Kendumundi,20
Mayurbhanj,Karanjia,Patbil,Patbil,12
Mayurbhanj,Karanjia,Patbil,Rengalbeda,27
Mayurbhanj,Karanjia,Patbil,Thakurjharan,33
Mayurbhanj,Karanjia,Rasamatala,Ghadaghaguri,19
Mayurbhanj,Karanjia,Rasamtala,Jhadbeda,36
Mayurbhanj,Karanjia,Rasamtala,Pokamunda,6
Mayurbhanj,Karanjia,Rasamtala,Sarabhadi,44
Mayurbhanj,Karanjia,Rasamtala,Saravadi,116
Mayurbhanj,Karanjia,Tato,Barapanposi,21
Mayurbhanj,Karanjia,Tato,Kunjia,26
Mayurbhanj,Karanjia,Tato,Nakuda,5
Mayurbhanj,Khunta,Badafeni,Badasatsole,5
Mayurbhanj,Khunta,Badafeni,Chatrama,10
Mayurbhanj,Khunta,Badafeni,Sanakaranjia,9
Mayurbhanj,Khunta,Badafeni,Sanaraikali,42
Mayurbhanj,Khunta,Badafeni,Tavagadia,7
Mayurbhanj,Khunta,Badafeni,Tovagadi,13
Mayurbhanj,Khunta,Badafeni,Tulasibani,12
Mayurbhanj,Khunta,Badaolia,Khunta,29
Mayurbhanj,Khunta,Badapathara,Bahalda,5
Mayurbhanj,Khunta,Badapathara,Ranipal,22
Mayurbhanj,Khunta,Badapathra,Bahalada,40
Mayurbhanj,Khunta,Badfeni,Badfeni,57
Mayurbhanj,Khunta,Badfeni,Badsatsole,3
Mayurbhanj,Khunta,Badfeni,Sanraikali,2
Mayurbhanj,Khunta,Bahanada,Bahanada,21
Mayurbhanj,Khunta,Bahanada,Bandhagada,19
Mayurbhanj,Khunta,Bahanada,Barahgadia,18
Mayurbhanj,Khunta,Bahanada,Gayalmara,29
Mayurbhanj,Khunta,Bahanada,Jamsul,2
Mayurbhanj,Khunta,Bahanada,Khunta,17
Mayurbhanj,Khunta,Bangara,Bangara,3
Mayurbhanj,Khunta,Bangara,Bhupad,25
Mayurbhanj,Khunta,Bangara,Deuladihi,15
Mayurbhanj,Khunta,Bangara,Kenduhata,7
Mayurbhanj,Khunta,Bangara,Satpautia,9
Mayurbhanj,Khunta,Bangora,Bhupad,3
Mayurbhanj,Khunta,Bangra,Khalabandh,8
Mayurbhanj,Khunta,Basipitha,Gaudgan,34
Mayurbhanj,Khunta,Basipitha,Goudagan,6
Mayurbhanj,Khunta,Basipitha,Jadabani,27
Mayurbhanj,Khunta,Basipitha,Kamali,22
Mayurbhanj,Khunta,Basipitha,Khejuradiha,31
Mayurbhanj,Khunta,Basipitha,Murari,7
Mayurbhanj,Khunta,Basipitha,Purunapani,30
Mayurbhanj,Khunta,Basipitha,Sankadadiha,12
Mayurbhanj,Khunta,Basipitha,Shamapanda,6
Mayurbhanj,Khunta,Bhalagadia,Nuagan,45
Mayurbhanj,Khunta,Bholagadia,Badaolia,58
Mayurbhanj,Khunta,Bholagadia,Bholagadia,49
Mayurbhanj,Khunta,Bholagadia,Dabak,35
Mayurbhanj,Khunta,Dengam,Bania Basa,15
Mayurbhanj,Khunta,Dengam,Baniabasa,67
Mayurbhanj,Khunta,Dengam,Dengam,20
Mayurbhanj,Khunta,Dengam,Jadidar,10
Mayurbhanj,Khunta,Dengam,Jadidhar,4
Mayurbhanj,Khunta,Dengam,Mahuldihi,9
Mayurbhanj,Khunta,Dengam,Mohuldihi,7
Mayurbhanj,Khunta,Dhanghera,Bharadadihi,42
Mayurbhanj,Khunta,Dhanghera,Hatisahi,11
Mayurbhanj,Khunta,Dhanghera,Khudapotali,26
Mayurbhanj,Khunta,Dhanghera,Khudaputuli,76
Mayurbhanj,Khunta,Dhanghrea,Harisole,9
Mayurbhanj,Khunta,Dukura,Angarakundia,4
Mayurbhanj,Khunta,Dukura,Dukura,2
Mayurbhanj,Khunta,Dukura,Kandalia,19
Mayurbhanj,Khunta,Dukura,Nuagan,9
Mayurbhanj,Khunta,Gadigan,"Anandapur
(Bankigadi)",25
Mayurbhanj,Khunta,Gadigan,Debela,8
Mayurbhanj,Khunta,Gadigan,Gadigan,19
Mayurbhanj,Khunta,Gadigan,Kanheibandh,4
Mayurbhanj,Khunta,Gadigan,Malharpada,25
Mayurbhanj,Khunta,Gayalmara,Khunta,29
Mayurbhanj,Khunta,Karakachia,Karakachia,2
Mayurbhanj,Khunta,Karakachia,Sansatsole,10
Mayurbhanj,Khunta,Karkachia,Gabindapur,7
Mayurbhanj,Khunta,Karkachia,Panudaskhunta,5
Mayurbhanj,Khunta,Karkachia,Satadharia,2
Mayurbhanj,Khunta,Lakhanasahi,Kantamara,4
Mayurbhanj,Khunta,Lakhanasahi,Mahalibasa,6
Mayurbhanj,Khunta,Lakhanasahi,Tambagadi,15
Mayurbhanj,Khunta,Laxmanasahi,Baunsakantia,33
Mayurbhanj,Khunta,Nuagan,Dabaka (Nuagan),1
Mayurbhanj,Khunta,Sanaraikali,Khunta,42
Mayurbhanj,Khunta,Sapanchua,Agnikumari,5
Mayurbhanj,Khunta,Sapanchua,Girishchandrapur,14
Mayurbhanj,Khunta,Sapanchua,Jadidiha,4
Mayurbhanj,Khunta,Sapanchua,Sapanchua,6
Mayurbhanj,Khunta,Sapanchua,Sirishchandrapur,8
Mayurbhanj,Khunta,Sapanchua,Subarnamanjari,36
Mayurbhanj,Khunta,Sapanchua,Sunpakhari,44
Mayurbhanj,Khunta,Sapanchua,Tiakati,9
Mayurbhanj,Khunta,Tovagadi,Khunta,13
Mayurbhanj,Kuliana,Baiganabadia,Balipal,6
Mayurbhanj,Kuliana,Baiganabadia,Bholagodia,16
Mayurbhanj,Kuliana,Baiganabadia,Dhahamunda,8
Mayurbhanj,Kuliana,Bhagabanpur,Sauri,60
Mayurbhanj,Kuliana,Bhagabanpur,Shauri,16
Mayurbhanj,Kuliana,Bhagabanpur,Souri,29
Mayurbhanj,Kuliana,Chandua,Balichaturi,3
Mayurbhanj,Kuliana,Chandua,Bandab,6
Mayurbhanj,Kuliana,Chandua,Ghuntabani,2
Mayurbhanj,Kuliana,Chandua,Kakharusole,78
Mayurbhanj,Kuliana,Chandua,Nuhamalia,3
Mayurbhanj,Kuliana,Chandua,Sri Chandanpur,10
Mayurbhanj,Kuliana,Chandua,Sunaria,8
Mayurbhanj,Kuliana,Chandua,Tulasibani,24
Mayurbhanj,Kuliana,Dumurdiha,Dumurdiha,27
Mayurbhanj,Kuliana,Dumurdiha,Jamapada,14
Mayurbhanj,Kuliana,Dumurdiha,Kathasirshi,17
Mayurbhanj,Kuliana,Gangraj,Dahigaon,4
Mayurbhanj,Kuliana,Gangraj,Gangraj,1
Mayurbhanj,Kuliana,Gangraj,Salugadia,4
Mayurbhanj,Kuliana,Gangraj,Tumuda,3
Mayurbhanj,Kuliana,"Genda
pokhari",Mundhabani,4
Mayurbhanj,Kuliana,Genda Pokhari,Tiringdihi,10
Mayurbhanj,Kuliana,Gendapokhari,Baidikotha,21
Mayurbhanj,Kuliana,Gendapokhari,Gendapokhari,63
Mayurbhanj,Kuliana,Gendapokhari,Gidhibasa,22
Mayurbhanj,Kuliana,Gendapokhari,Jaganathpur,19
Mayurbhanj,Kuliana,Gendapokhari,Jagannathpur,2
Mayurbhanj,Kuliana,Gendapokhari,Jhilidam,29
Mayurbhanj,Kuliana,Gendapokhari,Mundhabani,35
Mayurbhanj,Kuliana,Gendapokhari,Pokharia,77
Mayurbhanj,Kuliana,Gendapokhari,Tiringdihi,13
Mayurbhanj,Kuliana,Gendapokhri,Gendapokhri,20
Mayurbhanj,Kuliana,Gendapokhri,Jaganathpur,13
Mayurbhanj,Kuliana,Gendapokhri,Pokharia,22
Mayurbhanj,Kuliana,Jhinei,Jhinei,2
Mayurbhanj,Kuliana,Keutunimari,Badatilau,30
Mayurbhanj,Kuliana,Keutunimari,Dardiasole,15
Mayurbhanj,Kuliana,Keutunimari,Gayalkata,6
Mayurbhanj,Kuliana,Keutunimari,Kalikasole,17
Mayurbhanj,Kuliana,Keutunimari,Keutunimari,8
Mayurbhanj,Kuliana,Keutunimari,Nodhabani,24
Mayurbhanj,Kuliana,Keutunimari,Pandasole,31
Mayurbhanj,Kuliana,Keutunimari,Ramkadali,13
Mayurbhanj,Kuliana,Keutunimari,Rathashole,2
Mayurbhanj,Kuliana,Keutunimari,Rathasole,4
Mayurbhanj,Kuliana,Keutunimari,Rathasole S,1
Mayurbhanj,Kuliana,Keutunimari,Salugodia,5
Mayurbhanj,Kuliana,Keutunimari,Salugodia S,1
Mayurbhanj,Kuliana,Keutunimari,Suanaposi,7
Mayurbhanj,Kuliana,Keutunimari,Tadki,12
Mayurbhanj,Kuliana,Kuabuda,Bhangabandhi,13
Mayurbhanj,Kuliana,Kuabuda,Dhadipada,41
Mayurbhanj,Kuliana,Kuabuda,Gadubhanga,30
Mayurbhanj,Kuliana,Kuabuda,Hatimada,7
Mayurbhanj,Kuliana,Kuabuda,Jamjarki,2
Mayurbhanj,Kuliana,Kuabuda,Jiani,14
Mayurbhanj,Kuliana,Kuabuda,Kalajhinei,51
Mayurbhanj,Kuliana,Kuabuda,Kuabuda,28
Mayurbhanj,Kuliana,Kuabuda,Kuabuda B,1
Mayurbhanj,Kuliana,Kuabuda,Kuabuda S,2
Mayurbhanj,Kuliana,Kuabuda,Ugabandha,13
Mayurbhanj,Kuliana,Kuabuda,jamjarki,1
Mayurbhanj,Kuliana,Kuchei,Angargadia,33
Mayurbhanj,Kuliana,Kuchei,Badjunabani,6
Mayurbhanj,Kuliana,Kuchei,Badjunbani,20
Mayurbhanj,Kuliana,Kuchei,Santisole,8
Mayurbhanj,Kuliana,Kuliana,Balimunduli,9
Mayurbhanj,Kuliana,Kuliana,Kamta,1
Mayurbhanj,Kuliana,Kuliana,Pariakuli,13
Mayurbhanj,Kuliana,Kuliana,Tolakchuin,20
Mayurbhanj,Kuliana,Marangatandi,Janjadapal,54
Mayurbhanj,Kuliana,Marangatandi,Mankadakenda,70
Mayurbhanj,Kuliana,Marangatandi,Marangatandi,96
Mayurbhanj,Kuliana,Marangtandi,Jhinei,135
Mayurbhanj,Kuliana,Marangtandi,Jiani,57
Mayurbhanj,Kuliana,Marangtandi,Jiani D,1
Mayurbhanj,Kuliana,Marangtandi,Jiani L,1
Mayurbhanj,Kuliana,Marangtandi,Jiani M,1
Mayurbhanj,Kuliana,Marangtandi,Marangatandi,45
Mayurbhanj,Kuliana,Marangtandi,Palasbani,8
Mayurbhanj,Kuliana,Nabedhi,Nabedhi,59
Mayurbhanj,Kuliana,Nodhana,Baidipur,7
Mayurbhanj,Kuliana,Nodhana,Dudhiasole,9
Mayurbhanj,Kuliana,Nodhana,Hadhadibangan,1
Mayurbhanj,Kuliana,Nodhana,Jamujarak,13
Mayurbhanj,Kuliana,Nodhana,Kaladam,25
Mayurbhanj,Kuliana,Nodhana,Karakachia,3
Mayurbhanj,Kuliana,Nodhana,Karkachia,6
Mayurbhanj,Kuliana,Nodhana,Kothabila,69
Mayurbhanj,Kuliana,Nodhana,Kothabilla,2
Mayurbhanj,Kuliana,Nodhana,Sansarasaposi,100
Mayurbhanj,Kuliana,Nodhna,Hadhadibangan,8
Mayurbhanj,Kuliana,Parulia,Darunia,55
Mayurbhanj,Kuliana,Patihinja,Adapal,50
Mayurbhanj,Kuliana,Patihinja,Barudihi,27
Mayurbhanj,Kuliana,Patihinja,Bhadu Nuagaon,1
Mayurbhanj,Kuliana,Patihinja,Bhaduabeda,76
Mayurbhanj,Kuliana,Patihinja,Bhadunauagn,1
Mayurbhanj,Kuliana,Patihinja,Bhadunuagan,10
Mayurbhanj,Kuliana,Patihinja,Bhadunuagaon,21
Mayurbhanj,Kuliana,Patihinja,Bhadunuagoan,8
Mayurbhanj,Kuliana,Patihinja,Bijabani,29
Mayurbhanj,Kuliana,Patihinja,Dantamusole,10
Mayurbhanj,Kuliana,Patihinja,Katharama,46
Mayurbhanj,Kuliana,Patihinja,Katharuma,156
Mayurbhanj,Kuliana,Patihinja,Kudiapal,18
Mayurbhanj,Kuliana,Patihinja,Nalhuapal,64
Mayurbhanj,Kuliana,Patihinja,Patharghera,3
Mayurbhanj,Kuliana,Patihinja,Patihinja,117
Mayurbhanj,Kuliana,Patihinja,Pokharia,54
Mayurbhanj,Kuliana,Patihinja,Srichandanpur,67
Mayurbhanj,Kuliana,Purunapani,Ambapunja,31
Mayurbhanj,Kuliana,Purunapani,Banagoan,32
Mayurbhanj,Kuliana,Purunapani,Kanjia,23
Mayurbhanj,Kuliana,Purunapani,Madanasahi,4
Mayurbhanj,Kuliana,Purunapani,Purunapani,5
Mayurbhanj,Kuliana,Purunapani,Sanabadatalia,48
Mayurbhanj,Kuliana,Purunapani,Sanbadtalia,8
Mayurbhanj,Kuliana,Purunapani,Tikayatpur,74
Mayurbhanj,Kuliana,Purunapani,Tilaugadia,51
Mayurbhanj,Kuliana,Saragachhida,Chalunia,1
Mayurbhanj,Kuliana,Saragachhida,Godaragodi,2
Mayurbhanj,Kuliana,Saragachhida,Saragachhida,1
Mayurbhanj,Kuliana,Saragachida,Bhugudakata,7
Mayurbhanj,Kuliana,Saragachida,Chalunia,12
Mayurbhanj,Kuliana,Saragachida,Godaragodi,19
Mayurbhanj,Kuliana,Saragachida,Saragachida,4
Mayurbhanj,Kuliana,Saragachida,Tangasole,10
Mayurbhanj,Kuliana,Saragachida,Tangasole F,1
Mayurbhanj,Kuliana,Saragchida,Badapalasia,1
Mayurbhanj,Kuliana,Saragchida,Bhugudakata,3
Mayurbhanj,Kuliana,Saragchida,Chalunia,26
Mayurbhanj,Kuliana,Saragchida,Hatibari,15
Mayurbhanj,Kuliana,Saragchida,Nagrasole,3
Mayurbhanj,Kuliana,Swargachhida,Bhugudakata,3
Mayurbhanj,Kuliana,Swargachhida,Charmania,1
Mayurbhanj,Kuliana,Swargachhida,Hatibari,1
Mayurbhanj,Kuliana,Swargachida,Balichaturi,2
Mayurbhanj,Kuliana,Swargachida,Bhugudakata,25
Mayurbhanj,Kuliana,Swargachida,Charmania,6
Mayurbhanj,Kuliana,Swargachida,Ghuntabani,2
Mayurbhanj,Kuliana,Swargachida,Hatibari,18
Mayurbhanj,Kuliana,Swargachida,Swargachida,2
Mayurbhanj,Kuliana,keutunimari,Baliatilau,20
Mayurbhanj,Kuliana,keutunimari,Keutunimari,5
Mayurbhanj,Kusumi,Bad-Hatnabeda,Raipada,15
Mayurbhanj,Kusumi,Badhantnabeda,Badhatnabeda,48
Mayurbhanj,Kusumi,Badhantnabeda,Barshaghutu,32
Mayurbhanj,Kusumi,Badhantnabeda,Nuasahi,12
Mayurbhanj,Kusumi,Badhatnabeda,Badhatnabeda,28
Mayurbhanj,Kusumi,Badhatnabeda,Barisaghutu,74
Mayurbhanj,Kusumi,Badhatnabeda,Kathbaria,10
Mayurbhanj,Kusumi,Badhatnabeda,Nuasahi,2
Mayurbhanj,Kusumi,Badhatnabeda,Raipada,10
Mayurbhanj,Kusumi,Badhatnabeda,Thuntipani,39
Mayurbhanj,Kusumi,Badhatnabeda,badhatnabeda,2
Mayurbhanj,Kusumi,Chuapani,Bargimara,20
Mayurbhanj,Kusumi,Chuapani,Bhagabandi,5
Mayurbhanj,Kusumi,Chuapani,Budadar,6
Mayurbhanj,Kusumi,Chuapani,Chuapani,1
Mayurbhanj,Kusumi,Chuapani,Netrajharan,12
Mayurbhanj,Kusumi,Chuapani,Purunapani,20
Mayurbhanj,Kusumi,Chuapani,chulivanga,15
Mayurbhanj,Kusumi,Dhangdimuta,Kasiabeda,9
Mayurbhanj,Kusumi,Dhangidimuta,Kasiabeda,5
Mayurbhanj,Kusumi,Dhangidimuta,Majhigan,2
Mayurbhanj,Kusumi,Dhangudimuta,Majhigan,5
Mayurbhanj,Kusumi,Hatabadra,Gopalpur,11
Mayurbhanj,Kusumi,Hatabadra,Teleighutu,14
Mayurbhanj,Kusumi,Hatbadra,Narendraposi,26
Mayurbhanj,Kusumi,Jadida,Jadida,10
Mayurbhanj,Kusumi,Jarda,Bankand,8
Mayurbhanj,Kusumi,Jarda,Rahalibeda,19
Mayurbhanj,Kusumi,Jaypore,Bhutkabadi,14
Mayurbhanj,Kusumi,Jaypore,Deuli,21
Mayurbhanj,Kusumi,Jaypore,Kuldiha,14
Mayurbhanj,Kusumi,Jaypore,Purunia,4
Mayurbhanj,Kusumi,Jhipabandh,Dhadichua,13
Mayurbhanj,Kusumi,Jhipabandh,Nuasahi,14
Mayurbhanj,Kusumi,Jhipabandh,Pechadar,34
Mayurbhanj,Kusumi,Jhipabandh,Raisahi,15
Mayurbhanj,Kusumi,Jhipabandh,Tirildihi,47
Mayurbhanj,Kusumi,Jhipabandh,dhadichua,2
Mayurbhanj,Kusumi,Jhipabandha,Pandugadi,21
Mayurbhanj,Kusumi,Jhipabandha,Pechadar,25
Mayurbhanj,Kusumi,Jhipabanh,Tirildihi,112
Mayurbhanj,Kusumi,Jorda,Andiadukura,9
Mayurbhanj,Kusumi,Jorda,Angarpada,32
Mayurbhanj,Kusumi,Jorda,Gobindpur,44
Mayurbhanj,Kusumi,Jorda,Jodida,18
Mayurbhanj,Kusumi,Jorda,Rahadibeda,12
Mayurbhanj,Kusumi,Kusumi,Banapokharia,18
Mayurbhanj,Kusumi,Kusumi,Godadharpur,10
Mayurbhanj,Kusumi,Kusumi,Kusumi,55
Mayurbhanj,Kusumi,Mayurdar,Bankati,15
Mayurbhanj,Kusumi,Mayurdar,Murumdihi,4
Mayurbhanj,Kusumi,Talakpokhori,Badham,6
Mayurbhanj,Kusumi,Talakpokhori,Bhadusahi,13
Mayurbhanj,Kusumi,Talakpokhori,Bhandan,6
Mayurbhanj,Kusumi,Talakpokhori,Saraspada,24
Mayurbhanj,Kusumi,Talapati,Chengabaria,14
Mayurbhanj,Kusumi,Talapati,Dhakata,20
Mayurbhanj,Kusumi,Talapati,Dova,50
Mayurbhanj,Kusumi,Talapati,Jatasiring,50
Mayurbhanj,Kusumi,Talapati,Raliabeda,150
Mayurbhanj,Kusumi,Talkapokhri,Pahadpur,33
Mayurbhanj,Kusumi,Tolakpokhari,Badham,7
Mayurbhanj,Kusumi,Uparbeda,Baliadhipa,1
Mayurbhanj,Kusumi,Uparbeda,Chahalapada,8
Mayurbhanj,Kusumi,Uparbeda,Edalbeda,22
Mayurbhanj,Kusumi,Uparbeda,Rangamatia,32
Mayurbhanj,Kusumi,Uparbeda,Tentoposi,16
Mayurbhanj,Kusumi,Uperbeda,Dubulabeda,5
Mayurbhanj,Kusumi,Uperbeda,Uperbeda,12
Mayurbhanj,Kusumi,jhipabandh,Pechadar,1
Mayurbhanj,Kusumi,joypur,ghungupahadi,11
Mayurbhanj,Kusumi,joypur,shyamsundar,27
Mayurbhanj,Kusumi,mayurdara,Keshoregodia,20
Mayurbhanj,Kusumi,mayurdara,Ukam,10
Mayurbhanj,"Kusumi
Kusumi
Kusumi
Kusumi","Kusumi
Kusumi
Kusumi
Kusumi","Kusumi
Kusumi
Kusumi
Kusumi",1
Mayurbhanj,"Kusumi
Kusumi
Kusumi
Kusumi
Kusumi
Kusumi
Kusumi
Kusumi
Kusumi
Kusumi
Kusumi","Kusumi
Kusumi
Kusumi
Kusumi
Kusumi
Kusumi
Kusumi
Kusumi
Kusumi
Kusumi
Kusumi","Kusumi
Kusumi
Kusumi
Kusumi
Kusumi
Kusumi
Kusumi
Kusumi
Kusumi
Kusumi
Kusumi",1
Mayurbhanj,Kusumi (Jashipur,Badahatinabeda,Badahatinabeda,1
Mayurbhanj,Kusumi (Jashipur,Badahatinabeda,Basaghutu,1
Mayurbhanj,Morada,Barkand,Baligadia,4
Mayurbhanj,Morada,Barkand,"Guhaladiha Samil
Poda Khunta",4
Mayurbhanj,Morada,Barkand,Tiansi,20
Mayurbhanj,Morada,Bhaliadiha,"Dakoi
Amalanama",28
Mayurbhanj,Morada,Bhaliadiha,Gandigadha,27
Mayurbhanj,Morada,Bhaliadiha,Jhiliribani,34
Mayurbhanj,Morada,Bhaliadiha,Kendu chatia,36
Mayurbhanj,Morada,Bhaliadiha,Khejuria,37
Mayurbhanj,Morada,Bhaliadiha,Kishantandi,8
Mayurbhanj,Morada,Bhaliadiha,Masinasole,21
Mayurbhanj,Morada,Bhaliadiha,Nachiapada,31
Mayurbhanj,Morada,Bhaliadiha,Salkata,6
Mayurbhanj,Morada,Bhaliadiha,Sunahaja,36
Mayurbhanj,Morada,Bhaliadiha,Tadki,8
Mayurbhanj,Morada,Chadheigain,Chadheigain,41
Mayurbhanj,Morada,Chadheigan,Adheikula,16
Mayurbhanj,Morada,Chadheigan,Chadheigan,20
Mayurbhanj,Morada,Chadheigan,Dalagaon,27
Mayurbhanj,Morada,Chadheigan,Ganagon,19
Mayurbhanj,Morada,Chadheigaon,Madauka,43
Mayurbhanj,Morada,Chikitamatia,Bhalughera,40
Mayurbhanj,Morada,Chikitamatia,Bhatachatara,48
Mayurbhanj,Morada,Chikitamatia,Bhhatchatar,19
Mayurbhanj,Morada,Chikitamatia,Chikitamatia,49
Mayurbhanj,Morada,Chikitamatia,Ufalagodia,50
Mayurbhanj,Morada,Chikta Matia,Madana,38
Mayurbhanj,Morada,Chiktamatia,Andhari,6
Mayurbhanj,Morada,Chiktamatia,Chiktamatia,1
Mayurbhanj,Morada,Chiktamatia,Marudihi,2
Mayurbhanj,Morada,Chitrada,Baladia,17
Mayurbhanj,Morada,Chitrada,Chitrada,1
Mayurbhanj,Morada,Chitrada,Purunapani,1
Mayurbhanj,Morada,Chitrada,Silada,11
Mayurbhanj,Morada,Dantiamuhan,Dantiamuhan,42
Mayurbhanj,Morada,Dantiamunha,Badajamubani,12
Mayurbhanj,Morada,Dhadasahi,Mohanpur,20
Mayurbhanj,Morada,Durgapur,Asanabani,18
Mayurbhanj,Morada,Durgapur,Chilabasa,24
Mayurbhanj,Morada,Durgapur,Chuasule,18
Mayurbhanj,Morada,Durgapur,Dhanasole,22
Mayurbhanj,Morada,Durgapur,Dhanshol,45
Mayurbhanj,Morada,Durgapur,Durgapur,21
Mayurbhanj,Morada,Durgapur,Sangadi,11
Mayurbhanj,Morada,Durgapur,Satasole,14
Mayurbhanj,Morada,Gadia,Baunsakatia,19
Mayurbhanj,Morada,Gadia,Bharabadi,22
Mayurbhanj,Morada,Gadia,Bharbadi,11
Mayurbhanj,Morada,Gadia,Bholaghati (Phutukishol),1
Mayurbhanj,Morada,Gadia,Fatukisole,14
Mayurbhanj,Morada,Gadia,Futukisole,68
Mayurbhanj,Morada,Gadia,Kankadatelia,36
Mayurbhanj,Morada,Gadia,Nuhamalia,23
Mayurbhanj,Morada,Gadia,Phutukishol,85
Mayurbhanj,Morada,Gadigaon,Gadigaon,13
Mayurbhanj,Morada,Gholmuhan,Anuan,29
Mayurbhanj,Morada,Gholmuhan,Olidihi,4
Mayurbhanj,Morada,Gholmuhan,Thengatandi,3
Mayurbhanj,Morada,Godigoan,Godigoan,60
Mayurbhanj,Morada,Haldipal,Astia,4
Mayurbhanj,Morada,Haldipal,Dangarbhila,14
Mayurbhanj,Morada,Haldipal,Haldipal,4
Mayurbhanj,Morada,Haldipal,Samaidihi,40
Mayurbhanj,Morada,Haldipal,Simaidihi,36
Mayurbhanj,Morada,Haldipal,Sirsapal,2
Mayurbhanj,Morada,Juailibhanga,Purnachandrapur,99
Mayurbhanj,Morada,Jualibhanga,Angaria,4
Mayurbhanj,Morada,Jualibhanga,Bhaurangi,4
Mayurbhanj,Morada,Jualibhanga,Kalianala,4
Mayurbhanj,Morada,Jualibhanga,Makunda,36
Mayurbhanj,Morada,Jualibhanga,"Purna
chandrapur",76
Mayurbhanj,Morada,Jualibhanga,"Purnna
chandrapur",2
Mayurbhanj,Morada,Kohi,Badabhila,6
Mayurbhanj,Morada,Kohi,Badafera,106
Mayurbhanj,Morada,Kohi,Badfera,3
Mayurbhanj,Morada,Kohi,Baliadipa,14
Mayurbhanj,Morada,Kohi,Bholaghati,130
Mayurbhanj,Morada,Kohi,Mohanpur,40
Mayurbhanj,Morada,Kohi,Pratapchandrapur,24
Mayurbhanj,Morada,Kohi,Sunpuria,31
Mayurbhanj,Morada,Nuagaon,Ajana,28
Mayurbhanj,Morada,Nuagaon,Ghagara,22
Mayurbhanj,Morada,Nuagoan,Ajan,23
Mayurbhanj,Morada,Nuagoan,Ghagara,6
Mayurbhanj,Morada,Nuhajhalia,Badasole,7
Mayurbhanj,Morada,Nuhajhalia,Badasule,44
Mayurbhanj,Morada,Nuhajhalia,"Brahmana
mara",23
Mayurbhanj,Morada,Nuhajhalia,Dhireidihi,7
Mayurbhanj,Morada,Nuhajhalia,"Dhireidihi samil
Hatidahara",34
Mayurbhanj,Morada,Palasamundali,Harekrushnapur,10
Mayurbhanj,Morada,Palasamundali,Khuruntia,35
Mayurbhanj,Morada,Palasamundali,Palasamundali,3
Mayurbhanj,Morada,"Sanamundha
bani",Pariakuli,14
Mayurbhanj,Morada,"Sanamundha
bani",Sarasole,46
Mayurbhanj,Morada,Sanmundabani,Baghajharana,46
Mayurbhanj,Morada,Sanmundhabani,Khuntapal,14
Mayurbhanj,Morada,Sanmundhabani,Paramananda,2
Mayurbhanj,Morada,Sanmundhabni,Khuntapal,3
Mayurbhanj,Morada,Sanmundhabni,Sarasole,1
Mayurbhanj,Morada,Sureidiha,Jamsole,29
Mayurbhanj,Morada,Sureidihi,Chakundapada,50
Mayurbhanj,Morada,Sureidihi,Jhinkriasole,12
Mayurbhanj,Morada,Sureidihi,Kachimabhila,26
Mayurbhanj,Morada,Sureidihi,Sureidihi,14
Mayurbhanj,Morada,Sureihidihi,Nahasule,30
Mayurbhanj,Morada,Sureihidihi,Ramnagar,5
Mayurbhanj,Morada,Swargachida,Bhugudakata,26
Mayurbhanj,Morada,sureidihi,sureidihi,12
Mayurbhanj,Moroda,Dantiamunha,Badjambani,18
Mayurbhanj,Moroda,Gadia,Phutkisole,14
Mayurbhanj,Moroda,Haldipal,Samaidihi,37
Mayurbhanj,Moroda,Jualibhanga,Bhadrasole,15
Mayurbhanj,Moroda,Palasamundali,Khuruntia,13
Mayurbhanj,Moroda,Sanmundhabani,Baghajharan,3
Mayurbhanj,Moroda,Sanmundhabani,Rukuni,1
Mayurbhanj,Moroda,Sanmundhabani,Sarasole,1
Mayurbhanj,Moroda,Sanmundhabani,Sorasole,22
Mayurbhanj,Moroda,Sureidihi,Chakundapada,28
Mayurbhanj,Moroda,Sureidihi,Gandigadha,21
Mayurbhanj,Moroda,Sureidihi,Jhinkiriasole,13
Mayurbhanj,Moroda,Sureidihi,Kachimbila,35
Mayurbhanj,Name of the Block,Name of the G.P.,"Name of the Revenue
vilage",1
Mayurbhanj,Name of the Block,Name of the G.P.,Name of the Revenue Vilage,1
Mayurbhanj,Name of the Block,Name of the G.P.,Name of the Revenue vilage,1
Mayurbhanj,R.G. Pur,Deosole,Musamari,6
Mayurbhanj,R.G. Pur,Deosole,Ram Ch. Pur,2
Mayurbhanj,R.G. Pur,Khunta,Kamardiha,1
Mayurbhanj,R.G. Pur,Nalagaza,Bahagadia,5
Mayurbhanj,R.G. Pur,Nalagaza,Bhaduasole,3
Mayurbhanj,R.G. Pur,Nalagaza,Jhirani,3
Mayurbhanj,R.G. Pur,Nalagaza,Mahulia,1
Mayurbhanj,R.G. Pur,Nalagaza,Mohulia,6
Mayurbhanj,R.G. Pur,Nalagaza,Sabandihi,6
Mayurbhanj,R.G. Pur,Nalagaza,Sunakania,3
Mayurbhanj,R.G. Pur,Nalagaza,Ukasole,1
Mayurbhanj,R.G.Pur,Jhatiada,Denganalia,2
Mayurbhanj,R.G.Pur,Nakichua,Kanhupur,6
Mayurbhanj,R.G.Pur,Nakichua,nakichua,2
Mayurbhanj,RAIRANGPUR,BADMOUDA,BADMOUDA,9
Mayurbhanj,RAIRANGPUR,BADMOUDA,BALITANGIRI,4
Mayurbhanj,RAIRANGPUR,BADMOUDA,KATUPIT,2
Mayurbhanj,RAIRANGPUR,BADMOUDA,SANMOUDA,3
Mayurbhanj,RAIRANGPUR,BHALUBASA,NAUJODA,1
Mayurbhanj,RAIRANGPUR,BHALUBASA,SUNAPOSI,26
Mayurbhanj,RAIRANGPUR,GUHALDANGIRI,TOTANETRA,12
Mayurbhanj,RAIRANGPUR,GUHALDUNGURI,KALARABANI,47
Mayurbhanj,RAIRANGPUR,GUHALDUNGURI,MUCHIANETRA,41
Mayurbhanj,RAIRANGPUR,HALDA,BADBAIKALA,18
Mayurbhanj,RAIRANGPUR,HALDA,BHANJASARA,6
Mayurbhanj,RAIRANGPUR,HALDA,CHAMPREI,8
Mayurbhanj,RAIRANGPUR,HALDA,CHITEIBADI,2
Mayurbhanj,RAIRANGPUR,HALDA,NADIAPOSI,2
Mayurbhanj,RAIRANGPUR,HATIA,CHAPAL,7
Mayurbhanj,RAIRANGPUR,HATIA,GIDIGHATY,9
Mayurbhanj,RAIRANGPUR,HATIA,HATIA,13
Mayurbhanj,RAIRANGPUR,HATIA,JAMUPANI,11
Mayurbhanj,RAIRANGPUR,HATIA,KALIMATI,7
Mayurbhanj,RAIRANGPUR,HATIA,KAPILI,9
Mayurbhanj,RAIRANGPUR,HATIA,KAPILIKUDAR,6
Mayurbhanj,RAIRANGPUR,HATIA,TELEIJHARI,9
Mayurbhanj,RAIRANGPUR,KULEISILA,BALIKHANI,2
Mayurbhanj,RAIRANGPUR,KULEISILA,BETPANI,4
Mayurbhanj,RAIRANGPUR,KULEISILA,CHATRAMANDAL,41
Mayurbhanj,RAIRANGPUR,KULEISILA,GARUDAPANI,2
Mayurbhanj,RAIRANGPUR,KULEISILA,JARI HIL,10
Mayurbhanj,RAIRANGPUR,KULEISILA,JARI HILL,1
Mayurbhanj,RAIRANGPUR,KULEISILA,KALASIBHANGA,28
Mayurbhanj,RAIRANGPUR,KULEISILA,KUKURMUNDI,7
Mayurbhanj,RAIRANGPUR,KULEISILA,NODHABANI,12
Mayurbhanj,RAIRANGPUR,KULEISILA,TALAK,8
Mayurbhanj,RAIRANGPUR,KULEISILA,VESHRAKACHA,7
Mayurbhanj,RAIRANGPUR,PURUNAPANI,BADSIMILIA,17
Mayurbhanj,RAIRANGPUR,PURUNAPANI,KALARDA,9
Mayurbhanj,RAIRANGPUR,PURUNAPANI,MURGAGHUTU,57
Mayurbhanj,RAIRANGPUR,PURUNAPANI,PANSPOSI,2
Mayurbhanj,RAIRANGPUR,PURUNAPANI,POKHARIA,29
Mayurbhanj,RAIRANGPUR,PURUNAPANI,TAMALBANDH,8
Mayurbhanj,RAIRANGPUR,SANPAKANA,BADADA,7
Mayurbhanj,RAIRANGPUR,SANPAKANA,BADGAN,5
Mayurbhanj,RAIRANGPUR,SANPAKANA,GADIGAN,1
Mayurbhanj,RAIRANGPUR,SANPAKANA,NIRANJAN,16
Mayurbhanj,RAIRANGPUR,SANPAKANA,PALASBANI,5
Mayurbhanj,RAIRANGPUR,SANPAKANA,RENGALBEDA,13
Mayurbhanj,RAIRANGPUR,SANPAKANA,SANPAKANA,1
Mayurbhanj,RAIRANGPUR,SANPAKANA,TULASIBANI,2
Mayurbhanj,RAIRANGPUR,SUDARSHANPUR,DHATKIDIHI,5
Mayurbhanj,RAIRANGPUR,SUDARSHANPUR,DUDHICHUA,6
Mayurbhanj,RAIRANGPUR,SUDARSHANPUR,GHAGARADHIPA,12
Mayurbhanj,RAIRANGPUR,SUDARSHANPUR,SANJARI,8
Mayurbhanj,RAIRANGPUR,SUDARSHANPUR,UDAYPUR,12
Mayurbhanj,"RAIRANGPUR
RAIRANGPUR","BHALUBASA
BHALUBASA","BHALUBASA
NAUJODA",1
Mayurbhanj,"RAIRANGPUR
RAIRANGPUR","KULEISILA
KULEISILA","GARUDAPANI
GARUDAPANI",1
Mayurbhanj,RARUAIN,Ghagarbeda,Ghagarbeda,13
Mayurbhanj,RARUAIN,Ghagarbeda,Maricha,6
Mayurbhanj,RARUAIN,Panapataria,Maricha,1
Mayurbhanj,RARUAIN,Panapataria,Solgada,12
Mayurbhanj,Rairangpur,Bad-Mouda,Bad-Mouda,5
Mayurbhanj,Rairangpur,Bad-Mouda,Kotupit,8
Mayurbhanj,Rairangpur,Bad-Mouda,Sudhal,9
Mayurbhanj,Rairangpur,Guhaldangiri,Baliabadi,7
Mayurbhanj,Rairangpur,Guhaldangiri,Bheludihi,7
Mayurbhanj,Rairangpur,Guhaldangiri,Chidkubadi,2
Mayurbhanj,Rairangpur,Guhaldangiri,Dangapani,50
Mayurbhanj,Rairangpur,Guhaldangiri,Dhirol,3
Mayurbhanj,Rairangpur,Guhaldangiri,Guhaldangiri,2
Mayurbhanj,Rairangpur,Guhaldangiri,Indrakati,2
Mayurbhanj,Rairangpur,Guhaldangiri,Jarkani,2
Mayurbhanj,Rairangpur,Guhaldangiri,Jhulan,39
Mayurbhanj,Rairangpur,Guhaldangiri,Mankadgoda,5
Mayurbhanj,Rairangpur,Guhaldangiri,Mochianetra,7
Mayurbhanj,Rairangpur,Guhaldangiri,Ruansi,2
Mayurbhanj,Rairangpur,Guhaldangiri,Suriagoda,16
Mayurbhanj,Rairangpur,Guhaldangiri,Totanetra,3
Mayurbhanj,Rairangpur,Guhaldangri,Dangapani,11
Mayurbhanj,Rairangpur,Guhaldangri,Guhaldangri,5
Mayurbhanj,Rairangpur,Guhaldangri,Mohadevdihi,13
Mayurbhanj,Rairangpur,Halda,Champrei,9
Mayurbhanj,Rairangpur,Hatia,Badbaikala,7
Mayurbhanj,Rairangpur,Hatia,Chapal,32
Mayurbhanj,Rairangpur,Hatia,Gidhighaty,5
Mayurbhanj,Rairangpur,Hatia,Kapilikudar,1
Mayurbhanj,Rairangpur,Kuleisila,Balikhani,4
Mayurbhanj,Rairangpur,Kuleisila,Betpani,4
Mayurbhanj,Rairangpur,Kuleisila,Bheshrakacha,2
Mayurbhanj,Rairangpur,Kuleisila,Chatramandal,9
Mayurbhanj,Rairangpur,Kuleisila,Chhatramandal,5
Mayurbhanj,Rairangpur,Kuleisila,Jari Hil,7
Mayurbhanj,Rairangpur,Kuleisila,Kalasibhanga,14
Mayurbhanj,Rairangpur,Kuleisila,Kukurmundi,5
Mayurbhanj,Rairangpur,Purunapani,Murgaghutu,2
Mayurbhanj,Rairangpur,San-Pakhana,Bad-Pakhana,5
Mayurbhanj,Rairangpur,San-Pakhana,Badra,5
Mayurbhanj,Rairangpur,San-Pakhana,Kukurjharan,1
Mayurbhanj,Rairangpur,San-Pakhana,Rehedakocha,3
Mayurbhanj,Rairangpur,Sudarsanpur,Bhatgoda,10
Mayurbhanj,Rairangpur,Sudarsanpur,Chidkubadi,15
Mayurbhanj,Rairangpur,Sudarsanpur,Dhakidihi,6
Mayurbhanj,Rairangpur,Sudarsanpur,Ghagaradhipa,12
Mayurbhanj,Rairangpur,Sudarsanpur,Kalrabani,7
Mayurbhanj,Rairangpur,Sudarsanpur,Kusumghati,28
Mayurbhanj,Rairangpur,Sudarsanpur,Udaypur,2
Mayurbhanj,Rairangpur,Sudarshanpur,Bhatgoda,5
Mayurbhanj,Rairangpur,Sudarshanpur,Dahupani,31
Mayurbhanj,Rairangpur,Sudarshanpur,Dhadichua,1
Mayurbhanj,Rairangpur,Sudarshanpur,Kahutuka,2
Mayurbhanj,Rairangpur,Sudarshanpur,Kusumghaty,10
Mayurbhanj,Rairangpur,Sudarshanpur,Sanjari,1
Mayurbhanj,Rairangpur,Sudarshanpur,Sudarshanpur,2
Mayurbhanj,Rairangpur,Sudarshanpur,Udaypur,1
Mayurbhanj,Raruain,Godapalas,Tingiria,6
Mayurbhanj,Raruain,Nuagain,Nuagain,8
Mayurbhanj,Raruan,Angarpada,Angarpada,11
Mayurbhanj,Raruan,Angarpada,Bagdafa,24
Mayurbhanj,Raruan,Angarpada,Chiruhatu,8
Mayurbhanj,Raruan,Angarpada,Ghagi,1
Mayurbhanj,Raruan,Angarpada,Jodipada,20
Mayurbhanj,Raruan,Baidyanath,Jamuti,64
Mayurbhanj,Raruan,Baidyanath,Nayabeda,44
Mayurbhanj,Raruan,Banjkia,Takudipal,1
Mayurbhanj,Raruan,Bhanjakia,Bhanjakia,52
Mayurbhanj,Raruan,Bhanjakia,Itighar,15
Mayurbhanj,Raruan,Bhanjkia,Takudipal,16
Mayurbhanj,Raruan,Budamara,Manikpur,9
Mayurbhanj,Raruan,Budamara,Raikala,26
Mayurbhanj,Raruan,Budamara,Sagada,1
Mayurbhanj,Raruan,Budhamara,Sagada,44
Mayurbhanj,Raruan,Budhamara,Talabiunria,24
Mayurbhanj,Raruan,Ghagarbeda,Maricha,48
Mayurbhanj,Raruan,Ghagarbeda,Porabeda,88
Mayurbhanj,Raruan,Ghagarbeda,Reghasahi,4
Mayurbhanj,Raruan,Godapalasa,Badamenta,2
Mayurbhanj,Raruan,Godapalasa,Badmenta,1
Mayurbhanj,Raruan,Godapalasa,Bhagabandhi,17
Mayurbhanj,Raruan,Godapalasa,Brundeiposi,12
Mayurbhanj,Raruan,Godapalasa,Godapalasa,22
Mayurbhanj,Raruan,Godapalsa,Badamenta,11
Mayurbhanj,Raruan,Godapalsa,Badmenta,1
Mayurbhanj,Raruan,Godapalsa,Bisida,2
Mayurbhanj,Raruan,Godapalsa,Godapalsa,27
Mayurbhanj,Raruan,Godapalsa,Sanpalsa,2
Mayurbhanj,Raruan,Godapalsa,Tingiria,67
Mayurbhanj,Raruan,Mamuripani,Mamuripani,25
Mayurbhanj,Raruan,Narasanda,Rangamatia,16
Mayurbhanj,Raruan,Niunti,Kodali dhia,2
Mayurbhanj,Raruan,Niunti,Kodalidhua,10
Mayurbhanj,Raruan,Niunty,Bankati,6
Mayurbhanj,Raruan,Niunty,Batisahi,34
Mayurbhanj,Raruan,Niunty,Dayaposi,22
Mayurbhanj,Raruan,Niunty,Jhadbeda,6
Mayurbhanj,Raruan,Niunty,Kodalidhua,12
Mayurbhanj,Raruan,Niunty,Niunty,7
Mayurbhanj,Raruan,Niunty,Udayasahi,12
Mayurbhanj,Raruan,Niuty,Kadalidhua,18
Mayurbhanj,Raruan,Nuagan,Nanduburu,16
Mayurbhanj,Raruan,Nuagaon,Kendua,20
Mayurbhanj,Raruan,Nuagaon,Naibhanga,44
Mayurbhanj,Raruan,Nuagaon,Phagu,68
Mayurbhanj,Raruan,Nuagaon,Phulkamp,116
Mayurbhanj,Raruan,Nuagoan,Denua,38
Mayurbhanj,Raruan,Nuagoan,Nuagoan,14
Mayurbhanj,Raruan,Nuagon,Nanduburu,62
Mayurbhanj,Raruan,Nuangan,Banakati,4
Mayurbhanj,Raruan,Nuangan,Tangrusahi,1
Mayurbhanj,Raruan,Nursandha,Buruhato,20
Mayurbhanj,Raruan,Panapataria,Chelianal,3
Mayurbhanj,Raruan,Panapataria,Fagu,18
Mayurbhanj,Raruan,Panapataria,Panapataria,25
Mayurbhanj,Raruan,Panapatria,Ghagarbeda,10
Mayurbhanj,Raruan,Panapatria,Maricha,9
Mayurbhanj,Raruan,Panapatria,Ranibhol,2
Mayurbhanj,Raruan,Panapatria,Righa,32
Mayurbhanj,Raruan,Panapatria,Sanramachandrapur,3
Mayurbhanj,Raruan,Panapatria,Solagada,12
Mayurbhanj,Raruan,Panapaturia,Sarasposi,8
Mayurbhanj,Raruan,Panpataria,Fagu,2
Mayurbhanj,Raruan,Panpataria,Madhiaposi,8
Mayurbhanj,Raruan,Panpatria,Chelianali,44
Mayurbhanj,Raruan,Panpatria,Fagu,5
Mayurbhanj,Raruan,Panpatria,Itighar,26
Mayurbhanj,Raruan,Panpatria,Panpatria,82
Mayurbhanj,Raruan,Panpatria,Solgada,19
Mayurbhanj,Raruan,Raruan,Bhanjbeda,16
Mayurbhanj,Raruan,Raruan,Jhumkapal,28
Mayurbhanj,Raruan,Raruan,Khuntapada,76
Mayurbhanj,Raruan,Raruan,Tilusahi,19
Mayurbhanj,Raruan,Tilakuti,Papada,6
Mayurbhanj,Rasagovindpur,Dabasul,Musamari,1
Mayurbhanj,"Rasgobin
dapur",Kamardiha,Majanadiha,2
Mayurbhanj,"Rasgobin
dapur",Nalagaja,Bahagodia,35
Mayurbhanj,"Rasgobin
dapur",Raghabpur,Raghabpur,2
Mayurbhanj,"Rasgobin
dapur",Raghabpur,Shrinathapur,3
Mayurbhanj,Rasgobind pur,Nakichua,Andharia,19
Mayurbhanj,Rasgobind pur,Nakichua,Betnasia,19
Mayurbhanj,Rasgobind pur,Nakichua,Raisole,8
Mayurbhanj,Rasgobinda,Nalagaja,Nahyashole,1
Mayurbhanj,Rasgobinda,Nalagaja,Sunakania,1
Mayurbhanj,"Rasgobinda
pur",Jhatiada,Denganalia,18
Mayurbhanj,"Rasgobinda
pur",Jhatiada,Ghasamari,2
Mayurbhanj,"Rasgobinda
pur",Jhatiada,Kaptipada,3
Mayurbhanj,"Rasgobinda
pur",Jhatiada,Mirdhapur,14
Mayurbhanj,"Rasgobinda
pur",Jhatiada,Tikpada,8
Mayurbhanj,"Rasgobinda
pur",Jhatiada,Tipura,16
Mayurbhanj,"Rasgobinda
pur",Kamaradiha,Dhansole,1
Mayurbhanj,"Rasgobinda
pur",Kamardiha,Jharia,49
Mayurbhanj,"Rasgobinda
pur",Kamardiha,Panchamania,1
Mayurbhanj,"Rasgobinda
pur",Khuntapal,Udalipal,1
Mayurbhanj,"Rasgobinda
pur",Nalagaja,Bhakasole,10
Mayurbhanj,"Rasgobinda
pur",Nalagaja,Bhakasole P,1
Mayurbhanj,"Rasgobinda
pur",Nalagaja,Kulipal,9
Mayurbhanj,"Rasgobinda
pur",Nalagaja,Nahyashole,4
Mayurbhanj,"Rasgobinda
pur",Nalagaja,Sabanadiha,9
Mayurbhanj,"Rasgobinda
pur",Nalagaja,Sukhilakhali,8
Mayurbhanj,"Rasgobinda
pur",Nalagaja,Sunakania,18
Mayurbhanj,"Rasgobinda
pur",Nalaganja,Mahulia,6
Mayurbhanj,"Rasgobinda
pur",Nalaganja,Nalaganja,17
Mayurbhanj,Rasgobindapur,Badampur,Badampur,42
Mayurbhanj,Rasgobindapur,Badampur,Badhi,6
Mayurbhanj,Rasgobindapur,Badampur,Benashol,14
Mayurbhanj,Rasgobindapur,Badampur,Patharachatia,4
Mayurbhanj,Rasgobindapur,Bhurushani,Karatapata,8
Mayurbhanj,Rasgobindapur,Chatana,Chatana,8
Mayurbhanj,Rasgobindapur,Chatana,Kapoi,5
Mayurbhanj,Rasgobindapur,Chatana,Ranibandha,5
Mayurbhanj,Rasgobindapur,Chatna,Jahari,4
Mayurbhanj,Rasgobindapur,Chatna,Palasabadha,35
Mayurbhanj,Rasgobindapur,Chhatna,Jahari,1
Mayurbhanj,Rasgobindapur,Chhatna,Palasabadha,1
Mayurbhanj,Rasgobindapur,Debsole,"Ramchandra
pur",4
Mayurbhanj,Rasgobindapur,Jhatiada,Harinasole,36
Mayurbhanj,Rasgobindapur,Jhatiada,Kiakhali,14
Mayurbhanj,Rasgobindapur,Khuntapal,Biripal,2
Mayurbhanj,Rasgobindapur,Khuntapal,Chakulia,51
Mayurbhanj,Rasgobindapur,Khuntapal,Karanjapada,13
Mayurbhanj,Rasgobindapur,Khuntapal,Khandikhal,2
Mayurbhanj,Rasgobindapur,Nakichua,Ambdiha,16
Mayurbhanj,Rasgobindapur,Nakichua,Bhaliapada,8
Mayurbhanj,Rasgobindapur,Nakichua,Kanhupur,20
Mayurbhanj,Rasgobindapur,Nakichua,Nakichua,19
Mayurbhanj,Rasgobindapur,Nakichua,"Shyamananda
pur",15
Mayurbhanj,Rasgobindapur,Nalagaja,Jhirani,37
Mayurbhanj,Rasgobindapur,Saramula,Baghasahi,15
Mayurbhanj,Rasgobindapur,Saramula,Dhanasole,6
Mayurbhanj,Rasgobindapur,Sarumala,Astia,20
Mayurbhanj,Rasgobindapur,Sarumala,Parulia,16
Mayurbhanj,Rasgobindpur,Chatana,Jahari,10
Mayurbhanj,Rasgobindpur,Chatana,Palasbandha,71
Mayurbhanj,Rasgobindpur,Chatona,Raepal,16
Mayurbhanj,Rasgobindpur,Chhatana,Palasbandha,2
Mayurbhanj,Rasgobindpur,Deshol,Ramchandrapur,2
Mayurbhanj,Rasgobindpur,GadiHati,Tambakhuri,1
Mayurbhanj,Rasgobindpur,Nalagaja,Itahari,10
Mayurbhanj,Rasgobindpur,Nalagaja,Madhuria,20
Mayurbhanj,Rasgobindpur,Nalagaja,Podapada,8
Mayurbhanj,Rasgobindpur,Nalagaja,Rangiam,12
Mayurbhanj,Rasgobindpur,Raghupur,Phulobadia,6
Mayurbhanj,Rasgobindpur,Ramchandrapur,Ramchandrapur,4
Mayurbhanj,Rasgobindpur,Rasgobindpur,Ramchandrapur,2
Mayurbhanj,Rasgovinbdpur,Devsole,Musamari,1
Mayurbhanj,Rasgovinbdpur,Sarumula,Bhaliapada,1
Mayurbhanj,Rasgovindpur,Amarda,Badhimahan,1
Mayurbhanj,Rasgovindpur,Amarda,Badhimuhan,14
Mayurbhanj,Rasgovindpur,Amarda,Darakholi,3
Mayurbhanj,Rasgovindpur,Amarda,Darkholi,21
Mayurbhanj,Rasgovindpur,Amarda,Praharajpur,37
Mayurbhanj,Rasgovindpur,Amrada,Basuli,1
Mayurbhanj,Rasgovindpur,Andhari,Andhari,13
Mayurbhanj,Rasgovindpur,Bhaduasole,Bhaduasole,34
Mayurbhanj,Rasgovindpur,Debsole,Andhari,12
Mayurbhanj,Rasgovindpur,Debsole,Musamari,1
Mayurbhanj,Rasgovindpur,Devsole,Andhari,2
Mayurbhanj,Rasgovindpur,Devsole,Musamari,1
Mayurbhanj,Rasgovindpur,Jhatiada,Ghasmari,1
Mayurbhanj,Rasgovindpur,Jhatiada,Harinasole,20
Mayurbhanj,Rasgovindpur,Jhatiada,Jhatiada,12
Mayurbhanj,Rasgovindpur,Kamardiha,Jharia,47
Mayurbhanj,Rasgovindpur,Nakichua,Ambadiha,2
Mayurbhanj,Rasgovindpur,Nakichua,Bhaliapada,1
Mayurbhanj,Rasgovindpur,Nakichua,Kanhupur,15
Mayurbhanj,Rasgovindpur,Nakichua,Kanpur,36
Mayurbhanj,Rasgovindpur,Nakichua,Shyamanandapur,1
Mayurbhanj,Rasgovindpur,Nalagaja,Bahagadia,12
Mayurbhanj,Rasgovindpur,Nalagaja,Bhakasole,12
Mayurbhanj,Rasgovindpur,Nalagaja,Krushanachandrapur,11
Mayurbhanj,Rasgovindpur,Nalagaja,Mahulia,5
Mayurbhanj,Rasgovindpur,Nalagaja,Nuhyasole,3
Mayurbhanj,Rasgovindpur,Nalagaja,Raghunathpur,1
Mayurbhanj,Rasgovindpur,Nalagaja,Shobandihi,3
Mayurbhanj,Rasgovindpur,Nalagaja,Sunakania,3
Mayurbhanj,Rasgovindpur,Nalagaja,ukasole,1
Mayurbhanj,Rasgovindpur,Rasgovindpur,Nalagaja,1
Mayurbhanj,Rasgovindpur,Sarumula,Parulia,2
Mayurbhanj,SARASAKANA,Bagbuda,Kalapani,39
Mayurbhanj,SARASAKANA,Banakati,Kantapal,1
Mayurbhanj,SARASAKANA,Joka,Uparbeda,6
Mayurbhanj,SARASAKANA,Murunia,Mundhabani,21
Mayurbhanj,SHYAMAKHUNTA,Balidiha,Bhalubasa,2
Mayurbhanj,SHYAMAKHUNTA,Kalapathar,Bhalubasa,8
Mayurbhanj,SHYAMAKHUNTA,Khandia,Ikadapal,8
Mayurbhanj,SHYAMAKHUNTA,Kochilaghati,Gobindchandrapur,10
Mayurbhanj,SHYAMAKHUNTA,Kochilaghati,Godipokhari,70
Mayurbhanj,SHYAMAKHUNTA,Kochilaghati,Jogendranathpur,3
Mayurbhanj,SHYAMAKHUNTA,Kochilaghati,Kochilaghati,2
Mayurbhanj,SHYAMAKHUNTA,Kochilaghati,Pithabata,23
Mayurbhanj,SULIAPADA,Kanimahuli,Kunchisole,8
Mayurbhanj,SULIAPADA,Kanimahuli,Pandupal,14
Mayurbhanj,SULIAPADA,Kantisahi,Dhansole,36
Mayurbhanj,SULIAPADA,Kujidihi,Dhenkinengia,14
Mayurbhanj,SULIAPADA,Kujidihi,Dudhiasole,15
Mayurbhanj,SULIAPADA,Kujidihi,Katarikota,3
Mayurbhanj,SULIAPADA,Paktia,Nedasole,2
Mayurbhanj,SULIAPADA,Paktia,Singimara,1
Mayurbhanj,Samakhunta,Balidiha,Balidiha,7
Mayurbhanj,Samakhunta,Balidiha,Jungle Block,24
Mayurbhanj,Samakhunta,Baunsabila,Baunsabila,37
Mayurbhanj,Samakhunta,Bhaluki,Asanbani,17
Mayurbhanj,Samakhunta,Bhaluki,Jamsole,14
Mayurbhanj,Samakhunta,Bhaluki,Jungle Block,70
Mayurbhanj,Samakhunta,Bhaluki,Palpala,1
Mayurbhanj,Samakhunta,Itamundia,Itamundia,1
Mayurbhanj,Samakhunta,Kalapathar,Akarasila,16
Mayurbhanj,Samakhunta,Kalapathar,Alubani,38
Mayurbhanj,Samakhunta,Kalapathar,Bhalua,1
Mayurbhanj,Samakhunta,Kalapathar,Bhalubasa,24
Mayurbhanj,Samakhunta,Kalapathar,Chadakata,42
Mayurbhanj,Samakhunta,Kalapathar,Haladibari,15
Mayurbhanj,Samakhunta,Kalapathar,Hingalgadia,1
Mayurbhanj,Samakhunta,Kalapathar,Hinjalgadia,20
Mayurbhanj,Samakhunta,Kalapathar,Jhiliribani,17
Mayurbhanj,Samakhunta,Kalapathar,Kalapathar,40
Mayurbhanj,Samakhunta,Kalapathar,Kitadihi,11
Mayurbhanj,Samakhunta,Kalapathar,Mudrajodi,59
Mayurbhanj,Samakhunta,Kendua,Anayatpur,33
Mayurbhanj,Samakhunta,Kendua,Besarpani,19
Mayurbhanj,Samakhunta,Kendua,Duldharadhanagar,48
Mayurbhanj,Samakhunta,Khandia,Janudahi,22
Mayurbhanj,Samakhunta,Kochiladiha,Jhinei,7
Mayurbhanj,Samakhunta,Kochilaghati,Kakarapani,10
Mayurbhanj,Samakhunta,Kochilaghati,Khasadiha,7
Mayurbhanj,Samakhunta,KuchilaGhati,Gogendradas joda,22
Mayurbhanj,Samakhunta,KuchilaGhati,Gogendradas jota,1
Mayurbhanj,Samakhunta,Mahulia,Goudadiha,1
Mayurbhanj,Samakhunta,Mahulia,Jatipur,3
Mayurbhanj,Samakhunta,Mahulia,Mahulia,7
Mayurbhanj,Samakhunta,Rangamatia,Badsole,4
Mayurbhanj,Samakhunta,Rangamatia,Sansole,7
Mayurbhanj,Samakhunta,Rnagamatia,Jaganathpur,33
Mayurbhanj,Samakhunta,Rnagamatia,Jagannathpur,1
Mayurbhanj,Sarasakana,Sankhabhanga,Jaraki,7
Mayurbhanj,Saraskana,Bagbuda,Balidiha,64
Mayurbhanj,Saraskana,Bagbuda,Dumurdiha,1
Mayurbhanj,Saraskana,Bagbuda,Nota,14
Mayurbhanj,Saraskana,Bhursani,Bhursani,5
Mayurbhanj,Saraskana,Bhurushani,Nuagoan,46
Mayurbhanj,Saraskana,Bhurushani,Nuhamalia,26
Mayurbhanj,Saraskana,Dhangudisole,Ramchandrapur,76
Mayurbhanj,Saraskana,Dighi,Jodatikiri,4
Mayurbhanj,Saraskana,Jalada,Dumuria,12
Mayurbhanj,Saraskana,Jalda,Padmapur,6
Mayurbhanj,Saraskana,Jalda,Punasia,6
Mayurbhanj,Saraskana,Jhadapokharia,Arjundiha,42
Mayurbhanj,Saraskana,Jhadpokharia,Jaunti,2
Mayurbhanj,Saraskana,Jharapokharia,Andhari,20
Mayurbhanj,Saraskana,Jharapokharia,Dhanageri,70
Mayurbhanj,Saraskana,Jharapokharia,Salabani,2
Mayurbhanj,Saraskana,Jharpokharia,Ghiajodi,8
Mayurbhanj,Saraskana,Jharpokharia,Jharpokharia,7
Mayurbhanj,Saraskana,Jharpokharia,Salbani,10
Mayurbhanj,Saraskana,Joka,Ambadiha,49
Mayurbhanj,Saraskana,Joka,Digarisole,32
Mayurbhanj,Saraskana,Joka,Joka,19
Mayurbhanj,Saraskana,Joka,Kapadiha,23
Mayurbhanj,Saraskana,Joka,Sankhabhanga,2
Mayurbhanj,Saraskana,Pakharia,Saragachida,3
Mayurbhanj,Saraskana,Paktia,Barubeda,46
Mayurbhanj,Saraskana,Paktia,Bhadua,92
Mayurbhanj,Saraskana,Paktia,Dighi,94
Mayurbhanj,Saraskana,Pokhardiha,Dumurdiha,2
Mayurbhanj,Saraskana,Pokharia,Balidiha,1
Mayurbhanj,Saraskana,Pokharia,Darakoli,10
Mayurbhanj,Saraskana,Pokharia,Dumurdiha,1
Mayurbhanj,Saraskana,Pokharia,Jamukunda,1
Mayurbhanj,Saraskana,Pokharia,Jerkani,15
Mayurbhanj,Saraskana,Pokharia,Karunasole,164
Mayurbhanj,Saraskana,Pokharia,Khairabani,2
Mayurbhanj,Saraskana,Pokharia,Khairbani,12
Mayurbhanj,Saraskana,Pokharia,Palasbani,9
Mayurbhanj,Saraskana,Pokharia,Palashbani,3
Mayurbhanj,Saraskana,Pokharia,Satpautia,41
Mayurbhanj,Saraskana,Pokharia,Silphodi,7
Mayurbhanj,Saraskana,Pokharia,jamkunda,3
Mayurbhanj,Saraskana,Pokharidiha,Dumurdiha,137
Mayurbhanj,Saraskana,Rajaloka,Belbaria,12
Mayurbhanj,Saraskana,Rajaloka,Krushna Chandrapur,68
Mayurbhanj,Saraskana,Rajaloka,Rajaloka,6
Mayurbhanj,Saraskana,Rajaloka,Saragada,14
Mayurbhanj,Saraskana,Sankhabhanga,"Bhadua Samil
bachuribandha",11
Mayurbhanj,Saraskana,Sankhabhanga,Ghuma,22
Mayurbhanj,Saraskana,Sankhabhanga,Jarki,8
Mayurbhanj,Saraskana,Sankhabhanga,Jodajam,85
Mayurbhanj,Saraskana,Sankhabhanga,Kukudanda,14
Mayurbhanj,Saraskana,Sankhabhanga,Kukudaonda,26
Mayurbhanj,Saraskana,Sankhabhanga,Sankhabhanga,131
Mayurbhanj,Saraskana,Sankhabhanga,sankhabhanga,1
Mayurbhanj,Saraskana,Saraskana,Baghajhampa,42
Mayurbhanj,Saraskana,Saraskana,Gopinathpur,30
Mayurbhanj,Saraskana,Saraskana,Malkunda,58
Mayurbhanj,Saraskana,Saraskana,Nuhamalia,44
Mayurbhanj,Saraskana,Shirsha,Badakachimabila,4
Mayurbhanj,Saraskana,Shirsha,Birashingha,8
Mayurbhanj,Saraskana,Shirsha,Nuagoan,30
Mayurbhanj,Saraskana,Umadeipur,Bhandarikuda,2
Mayurbhanj,Saraskana,Umadeipur,Jharia,14
Mayurbhanj,Saraskana,Umadeipur,Kendumundi,37
Mayurbhanj,Saraskana,Umadeipursasan,Kendua,21
Mayurbhanj,Saraskona,Bagbuda,Dakhinasul,38
Mayurbhanj,Saraskona,Bagbuda,Gobindapur,8
Mayurbhanj,Saraskona,Bagbuda,Kalapani,102
Mayurbhanj,Saraskona,Bagbuda,Kundiapani,68
Mayurbhanj,Saraskona,Jalda,Panapasi,14
Mayurbhanj,Saraskona,Jharapokhria,Palasia,34
Mayurbhanj,Saraskona,Joka,Kopadiha,35
Mayurbhanj,Saraskona,Joka,Uparbeda,63
Mayurbhanj,Saraskona,Joka,Upparbeda,2
Mayurbhanj,Saraskona,Murunia,Machakandana,27
Mayurbhanj,Saraskona,Murunia,Mundabani,35
Mayurbhanj,Saraskona,Murunia,Murunia,32
Mayurbhanj,Saraskona,Pokharia,Bankisole,186
Mayurbhanj,Saraskona,Pokharia,Jarkani,32
Mayurbhanj,Saraskona,Pokharia,Kasiabeda,82
Mayurbhanj,Saraskona,Pokharia,Palasabani,40
Mayurbhanj,Saraskona,Pokharia,Pokharia,225
Mayurbhanj,Saraskona,Pokharia,Saragchhida,2
Mayurbhanj,Saraskona,Pokharia,Saragchida,57
Mayurbhanj,Saraskona,Pokharia,Silfodi,41
Mayurbhanj,Saraskona,Sankhabhanga,Bachhuribondha,1
Mayurbhanj,Saraskona,Sankhabhanga,Bachuribondha,43
Mayurbhanj,Saraskona,Shirsha,Nuagoan,2
Mayurbhanj,Saraskona,Umadeipur,Ghantiabuda,14
Mayurbhanj,Shamakhunta,Balidiha,Jangal Block,4
Mayurbhanj,Shamakhunta,Balidiha,Purunapani,5
Mayurbhanj,Shamakhunta,Baunsabila,Baunsabila,39
Mayurbhanj,Shamakhunta,Baunsabila,Baunsabilla,1
Mayurbhanj,Shamakhunta,Bhaluki,Fuljhara (s) Fatudihi,6
Mayurbhanj,Shamakhunta,Bhaluki,Jualirama,8
Mayurbhanj,Shamakhunta,Bhaluki,Matiali,8
Mayurbhanj,Shamakhunta,Kachilaghati,Gobinda chandrapur,32
Mayurbhanj,Shamakhunta,Kachilaghati,Godipokhari,35
Mayurbhanj,Shamakhunta,Kalapathar,Alubani,20
Mayurbhanj,Shamakhunta,Kalapathar,Mudrajodi,20
Mayurbhanj,Shamakhunta,Kalapathara,Alubani,48
Mayurbhanj,Shamakhunta,Kalapathara,Bhalubasa,62
Mayurbhanj,Shamakhunta,Kalapathara,Chadakata,58
Mayurbhanj,Shamakhunta,Kalapathara,Chanabadia,16
Mayurbhanj,Shamakhunta,Kalapathara,Chhadakata,3
Mayurbhanj,Shamakhunta,Kalapathara,Fbani Ho,1
Mayurbhanj,Shamakhunta,Kalapathara,Hinjalagodia,119
Mayurbhanj,Shamakhunta,Kalapathara,Jhiliribani,88
Mayurbhanj,Shamakhunta,Kendua,Kendujhari,57
Mayurbhanj,Shamakhunta,Kendua,"Saratchandra
pur",47
Mayurbhanj,Shamakhunta,Khandia,Goudaduma,6
Mayurbhanj,Shamakhunta,Khandia,Goudruhma,27
Mayurbhanj,Shamakhunta,Khandia,Inkidapal,4
Mayurbhanj,Shamakhunta,Khandia,Sankochiamara,20
Mayurbhanj,Shamakhunta,Khandia,Shankhadar,10
Mayurbhanj,Shamakhunta,Kochilaghati,Jangal Block,61
Mayurbhanj,Shamakhunta,Kochilaghati,Kochilaghati,42
Mayurbhanj,Shamakhunta,Kochilaghati,"Krushna
chandrapur",2
Mayurbhanj,Shamakhunta,Kochilaghaty,Tarajodi,11
Mayurbhanj,Shamakhunta,Kuchilaghati,Pithabata,19
Mayurbhanj,Shamakhunta,Mahulia,Itamundia,32
Mayurbhanj,Shamakhunta,Mahulia,Jatipur,6
Mayurbhanj,Shamakhunta,Mohulia,Mohulia,48
Mayurbhanj,Shamakhunta,Sindurgoura,Ambadubi,10
Mayurbhanj,Shamkhunta,Bhaluki,Ashanbani,27
Mayurbhanj,Shamkhunta,Khandia,Khandia,16
Mayurbhanj,SuKruli,Badagaon,Tulasibani,2
Mayurbhanj,SuKruli,Teronti,Gambharipal,9
Mayurbhanj,SuKruli,Teronti,Kujiaam,12
Mayurbhanj,SuKruli,Teronti,Tingiria,3
Mayurbhanj,Sukruli,Arjunbila,Adipur,38
Mayurbhanj,Sukruli,Arjunbila,Arjunbila,13
Mayurbhanj,Sukruli,Arjunbila,Baradapal,10
Mayurbhanj,Sukruli,Arjunbila,Ekaghari,2
Mayurbhanj,Sukruli,Arjunbila,Kashipal,10
Mayurbhanj,Sukruli,Arjunbila,Kumbhirda,1
Mayurbhanj,Sukruli,Arjunbila,Sialgothani,6
Mayurbhanj,Sukruli,Arjunbila,Uperdiha,1
Mayurbhanj,Sukruli,Arjunbilla,Upperdiha,1
Mayurbhanj,Sukruli,Bhramaraposi,Teranti,12
Mayurbhanj,Sukruli,Chaturanjali,Badpani,10
Mayurbhanj,Sukruli,Chaturanjali,Champarei,2
Mayurbhanj,Sukruli,Chaturanjali,Champerai,26
Mayurbhanj,Sukruli,Chaturanjali,Champrei,1
Mayurbhanj,Sukruli,Chaturanjali,Chaturanjali,15
Mayurbhanj,Sukruli,Chaturanjali,Gayalchatua,11
Mayurbhanj,Sukruli,Chaturanjali,Jethma,63
Mayurbhanj,Sukruli,Chaturanjali,Majurasahi,6
Mayurbhanj,Sukruli,Chaturanjali,Sarubil,86
Mayurbhanj,Sukruli,Chaturanjali,Sarubil( Hatibandha),12
Mayurbhanj,Sukruli,Chaturanjli,Champarai,2
Mayurbhanj,Sukruli,Galusahi,Budamara,22
Mayurbhanj,Sukruli,Galusahi,Budhamara,2
Mayurbhanj,Sukruli,Galusahi,Chandiahil,11
Mayurbhanj,Sukruli,Galusahi,Chandiahill,1
Mayurbhanj,Sukruli,Galusahi,Galusahi,114
Mayurbhanj,Sukruli,Galusahi,Khamrasahi,1
Mayurbhanj,Sukruli,Galusahi,Tutisahi,3
Mayurbhanj,Sukruli,Haladia,Badbil,33
Mayurbhanj,Sukruli,Haladia,Baria,14
Mayurbhanj,Sukruli,Haladia,Haladia,27
Mayurbhanj,Sukruli,Haladia,Kasia,35
Mayurbhanj,Sukruli,Haladia,Nuangon,1
Mayurbhanj,Sukruli,Jamunti,Ghagarda,14
Mayurbhanj,Sukruli,Jamunti,Gharmabeda,2
Mayurbhanj,Sukruli,Jamunti,Kusanpur,2
Mayurbhanj,Sukruli,Jamunti,Raidiha,14
Mayurbhanj,Sukruli,Jamuti,Ghagarda,14
Mayurbhanj,Sukruli,Jamuti,Gharamabeda,66
Mayurbhanj,Sukruli,Jamuti,Jamuti,64
Mayurbhanj,Sukruli,Jamuti,Kasiabeda,26
Mayurbhanj,Sukruli,Jamuti,Kusunpur,35
Mayurbhanj,Sukruli,Jamuti,Mahuliashol,1
Mayurbhanj,Sukruli,Jamuti,Panideuli,29
Mayurbhanj,Sukruli,Jamuti,Uperdiha,33
Mayurbhanj,Sukruli,Jhadghasda,Bangiriposi,8
Mayurbhanj,Sukruli,Jhadghasda,Jhadghasda,22
Mayurbhanj,Sukruli,Jhadghasda,Saradha,50
Mayurbhanj,Sukruli,Jhadghasda,Tangia,18
Mayurbhanj,Sukruli,Jhadghosada,Rautalipat,8
Mayurbhanj,Sukruli,Jhadghosada,Tutisahi,18
Mayurbhanj,Sukruli,Jhadghosda,Bangriposi,2
Mayurbhanj,Sukruli,Jhadghosda,Saradha,34
Mayurbhanj,Sukruli,Jhadgosada,Kudarsahi,22
Mayurbhanj,Sukruli,Khiching,Ghodeikudar,9
Mayurbhanj,Sukruli,Khiching,Jamdapal,19
Mayurbhanj,Sukruli,Khiching,Khiching,29
Mayurbhanj,Sukruli,Khiching,Parbatipur,27
Mayurbhanj,Sukruli,Nuabeda,Manoharpur,1
Mayurbhanj,Sukruli,Singida,Singida,4
Mayurbhanj,Sukruli,Sukruli,Mahuliasuli,14
Mayurbhanj,Sukruli,Sukruli,Pandarsil,10
Mayurbhanj,Sukruli,Sukruli,Pandrasil,10
Mayurbhanj,Sukruli,Teranli,Bhaliadiha,1
Mayurbhanj,Sukruli,Teranti,Askipal,6
Mayurbhanj,Sukruli,Teranti,Bhaliadiha,1
Mayurbhanj,Sukruli,Teranti,Godhimara,18
Mayurbhanj,Sukruli,Teranti,Govindasahi,8
Mayurbhanj,Sukruli,Teranti,Kujiam,17
Mayurbhanj,Sukruli,Teranti,Manoharapur,20
Mayurbhanj,Sukruli,Teranti,Manoharpur,8
Mayurbhanj,Sukruli,Teranti,Patua,8
Mayurbhanj,Sukruli,Teranti,Tingiria,10
Mayurbhanj,Sukruli,Teranty,Askipal,2
Mayurbhanj,Sukruli,Teranty,Badteranty,2
Mayurbhanj,Sukruli,Teranty,Teranty,2
Mayurbhanj,Sukuruli,Haladia,Deuli,30
Mayurbhanj,Sukuruli,Haladia,Pokharia,40
Mayurbhanj,Suliapada,Analkuda,Purunapani,4
Mayurbhanj,Suliapada,Anlakuda,Jhaliamara,18
Mayurbhanj,Suliapada,Anlakuda,Purunapani,19
Mayurbhanj,Suliapada,Badabhalia,Hatimada,49
Mayurbhanj,Suliapada,Badbhalia,Sanbhalia,5
Mayurbhanj,Suliapada,Baghada,Chauladahani,15
Mayurbhanj,Suliapada,Baghada,Dhabanisole,6
Mayurbhanj,Suliapada,Baghada,Gangasole,43
Mayurbhanj,Suliapada,Baghada,Kaptisole,23
Mayurbhanj,Suliapada,Baghada,Salabani,19
Mayurbhanj,Suliapada,Chuhat,Badnachana,7
Mayurbhanj,Suliapada,Chuhat,Bhola,2
Mayurbhanj,Suliapada,Chuhat,Chuhat,22
Mayurbhanj,Suliapada,Chuhat,Dhakhaman,19
Mayurbhanj,Suliapada,Chuhat,Handibhanga,40
Mayurbhanj,Suliapada,Chuhat,Jalaghati,154
Mayurbhanj,Suliapada,Chuhat,Jamsole,8
Mayurbhanj,Suliapada,Deuli,Badsole,1
Mayurbhanj,Suliapada,Deuli,Bijaykrushnach.pur,6
Mayurbhanj,Suliapada,Deuli,Kadapatia,11
Mayurbhanj,Suliapada,Fania,Banagaon,12
Mayurbhanj,Suliapada,Fania,Fania,32
Mayurbhanj,Suliapada,Fania,Gendakhale,9
Mayurbhanj,Suliapada,Fania,Gouduniadova,26
Mayurbhanj,Suliapada,Fania,Jambhilapal,3
Mayurbhanj,Suliapada,Fania,Majhianitofa,8
Mayurbhanj,Suliapada,Fania,Manda,6
Mayurbhanj,Suliapada,Fania,Tentaposi,14
Mayurbhanj,Suliapada,Kanimahuli,Juluk,4
Mayurbhanj,Suliapada,Kanimohuli,Badaputuka,23
Mayurbhanj,Suliapada,Kanimohuli,Sanaputuka,19
Mayurbhanj,Suliapada,Kantisahi,Bhaliasol,1
Mayurbhanj,Suliapada,Kantisahi,Bhaliasole,16
Mayurbhanj,Suliapada,Kantisahi,Dhansole,26
Mayurbhanj,Suliapada,Kantisahi,Lodhakundia,11
Mayurbhanj,Suliapada,Kantisahi,Murgapahadi,30
Mayurbhanj,Suliapada,Kantisahi,Patharnesa,142
Mayurbhanj,Suliapada,Kantisahi,Pokharia,15
Mayurbhanj,Suliapada,Kantisahi,Tadki,9
Mayurbhanj,Suliapada,Kohi,Pratapch.pur,1
Mayurbhanj,Suliapada,Kujidihi,Bada,18
Mayurbhanj,Suliapada,Kujidihi,Badda,1
Mayurbhanj,Suliapada,Kujidihi,Badsukhilakhal,11
Mayurbhanj,Suliapada,Mahabila,Mahabila,1
Mayurbhanj,Suliapada,Mahabila,Masinakati,6
Mayurbhanj,Suliapada,Mahabila,Pala,33
Mayurbhanj,Suliapada,Mahabila,Tilaujodia,4
Mayurbhanj,Suliapada,Mohabila,Mohabila,3
Mayurbhanj,Suliapada,Mohabila,Pal,18
Mayurbhanj,Suliapada,Mohabila,Pandusole,18
Mayurbhanj,Suliapada,Mohabila,Tilajodia,4
Mayurbhanj,Suliapada,Mohabilla,Pal,1
Mayurbhanj,Suliapada,Mohabilla,Tilajodia,1
Mayurbhanj,Suliapada,Nuagan,Mashinakati,9
Mayurbhanj,Suliapada,Nuagan,Padugirisole,47
Mayurbhanj,Suliapada,Nuagaon,Tolakchuan,24
Mayurbhanj,Suliapada,Salabani,Salabani,1
Mayurbhanj,Suliapada,Suliapada,Dhakhaman,12
Mayurbhanj,Suliapada,Suliapada,Patarnesa,12
Mayurbhanj,Suliapada,Ufalgadia,BadBanagan,20
Mayurbhanj,Suliapada,Ufalgadia,Chandabila,11
Mayurbhanj,Suliapada,Ufalgadia,Dhobanisole,7
Mayurbhanj,Suliapada,Ufalgadia,Kadakotha,14
Mayurbhanj,Suliapada,Ufalgadia,Kalajhari,8
Mayurbhanj,Suliapada,Ufalgadia,Kankini,15
Mayurbhanj,Suliapada,Ufalgadia,Sansole,43
Mayurbhanj,Suliapada,Ufalgadia,Telia,32
Mayurbhanj,Suliapada,Ufalgadia,Tilakpal,10
Mayurbhanj,Suliapada,Ufalgadia,Ufalgadia,6
Mayurbhanj,Suliapada,Ufalgodia,Dhobanisole,7
Mayurbhanj,Suliapada,Ufalgodia,Kalajhari,2
Mayurbhanj,Suliapada,Ufalgodia,Sankhuntapal,2
Mayurbhanj,Suliapada,Ufalgodia,Shanshasole,13
Mayurbhanj,Suliapada,Ufalgodia,Telia,14
Mayurbhanj,Suliapada,Ufalgodia,Tilakpal,10
Mayurbhanj,Suliapada,Uphalgadia,Bhandarisole,21
Mayurbhanj,Suliapada,Uphalgadia,Murgapahadi,3
Mayurbhanj,Suliapada,Uphalgadia,Palashdiha Samil Gandiadiha,3
Mayurbhanj,Suliapada,Uphalgadia,Telia,1
Mayurbhanj,Suliapada,Uphalgadia,Uphalgadia,1
Mayurbhanj,Suliapada,ufalgadia,Chandabila,1
Mayurbhanj,Suliapada,ufalgadia,Dhabanisole,7
Mayurbhanj,Thakurmunda,Bhaliadal,Asurkhal,83
Mayurbhanj,Thakurmunda,Bhaliadal,Baula,50
Mayurbhanj,Thakurmunda,Bhaliadal,Jambani,2
Mayurbhanj,Thakurmunda,Bhaliadal,Jamubani,101
Mayurbhanj,Thakurmunda,Champajhar,Bhejidiha,56
Mayurbhanj,Thakurmunda,Champajhar,Dangadiha,9
Mayurbhanj,Thakurmunda,Champajhar,Diliganj,30
Mayurbhanj,Thakurmunda,Champajhar,Dilliganj,1
Mayurbhanj,Thakurmunda,Champajhar,Jamukhanjari,2
Mayurbhanj,Thakurmunda,Champajhar,Kirkichipal,11
Mayurbhanj,Thakurmunda,Champajhar,Kokanda,24
Mayurbhanj,Thakurmunda,Champajhar,Mankadbeda,23
Mayurbhanj,Thakurmunda,Champajhar,Patrapada,23
Mayurbhanj,Thakurmunda,Champajhar,Sanbaliposi,11
Mayurbhanj,Thakurmunda,Digdhar,Khuntaposi,20
Mayurbhanj,Thakurmunda,Digdhar,Taramara,25
Mayurbhanj,Thakurmunda,Hatigada,Khaparkhai,2
Mayurbhanj,Thakurmunda,Hatigada,Sanmahuldiha,32
Mayurbhanj,Thakurmunda,Hatigoda,Ghodabindha,85
Mayurbhanj,Thakurmunda,Jarak,Dakeipal,21
Mayurbhanj,Thakurmunda,Jarak,Jarak,24
Mayurbhanj,Thakurmunda,Jarak,Kucheidihi,9
Mayurbhanj,Thakurmunda,Jarak,Panaposi,33
Mayurbhanj,Thakurmunda,Kendujiani,Dumuradiha,8
Mayurbhanj,Thakurmunda,Kendujiani,Padhiarsahi,22
Mayurbhanj,Thakurmunda,Kendujiani,Sarubali,4
Mayurbhanj,Thakurmunda,Kendujuani,Cheratangar,9
Mayurbhanj,Thakurmunda,Kendujuani,Dumurdiha,10
Mayurbhanj,Thakurmunda,Kendujuani,Kendujuani,19
Mayurbhanj,Thakurmunda,Kendujuani,Khuntakata,40
Mayurbhanj,Thakurmunda,Kendujuani,Sarubil,10
Mayurbhanj,Thakurmunda,Kesadiha,Kesadiha,17
Mayurbhanj,Thakurmunda,Kesdiha,Badaliposi,37
Mayurbhanj,Thakurmunda,Kesdiha,Badbaliposi,2
Mayurbhanj,Thakurmunda,Kesdiha,Purunapani,8
Mayurbhanj,Thakurmunda,Keshadiha,Badbaliposi,18
Mayurbhanj,Thakurmunda,Keshadiha,Balbaliposi,4
Mayurbhanj,Thakurmunda,Keshadiha,Keshadiha,17
Mayurbhanj,Thakurmunda,Khandabandh,Baliposi,7
Mayurbhanj,Thakurmunda,Padiabeda,Ambabeda,22
Mayurbhanj,Thakurmunda,Padiabeda,Boring,36
Mayurbhanj,Thakurmunda,Padiabeda,Kalasira,9
Mayurbhanj,Thakurmunda,Padiabeda,Padiabeda,31
Mayurbhanj,Thakurmunda,Padiabeda,Sanarugudibeda,8
Mayurbhanj,Thakurmunda,Salachua,Duarsuni,36
Mayurbhanj,Thakurmunda,Salchua,Baghamara (Baunsapani),10
Mayurbhanj,Thakurmunda,Salchua,Balidhia,9
Mayurbhanj,Thakurmunda,Salchua,Baunsapani,30
Mayurbhanj,Thakurmunda,Salchua,Kundei,50
Mayurbhanj,Thakurmunda,Salchua,Salchua,67
Mayurbhanj,Thakurmunda,Saleibeda,Badmahuldiha,28
Mayurbhanj,Thakurmunda,Saleibeda,Kasibeda,22
Mayurbhanj,Thakurmunda,Saleibeda,Rugudisahi,10
Mayurbhanj,Thakurmunda,Satkosia,Duarsuni,78
Mayurbhanj,Thakurmunda,Satkosia,Satkosia,103
Mayurbhanj,Thakurmunda,Talapada,Khadipal,10
Mayurbhanj,Thakurmunda,Thakurmu nda,Rugudi beda,2
Mayurbhanj,Thakurmunda,Thakurmunda,(Khejuria),1
Mayurbhanj,Thakurmunda,Thakurmunda,Chamakpur,30
Mayurbhanj,Thakurmunda,Thakurmunda,Khamdiha,68
Mayurbhanj,Thakurmunda,Thakurmunda,Khejuria,5
Mayurbhanj,Thakurmunda,Thakurmunda,Panasdiha,31
Mayurbhanj,Thakurmunda,Thakurmunda,Rugudibeda,51
Mayurbhanj,Thakurmunda,Thakurmunda,Sudarsanpur,1
Mayurbhanj,Thakurmunda,Thakurmunda,Thakurmunda,3
Mayurbhanj,Tiring,Bad Dalima,Bad Dalima,3
Mayurbhanj,Tiring,Bad Dalima,Mankididihi,9
Mayurbhanj,Tiring,Badadalima,Damadihi,1
Mayurbhanj,Tiring,Badalima,Balia Sahi,23
Mayurbhanj,Tiring,Badalima,Baliasahi,10
Mayurbhanj,Tiring,Badalima,Dalajodi,6
Mayurbhanj,Tiring,Badalima,Dama Dihi,10
Mayurbhanj,Tiring,Baddalima,Balia Sahi,1
Mayurbhanj,Tiring,Baddalima,Dama Dihi,2
Mayurbhanj,Tiring,Badnarani,Badnarani,2
Mayurbhanj,Tiring,Badnarani,Chandri,6
Mayurbhanj,Tiring,Badnarani,Deogan,4
Mayurbhanj,Tiring,Badnarani,Deugan,4
Mayurbhanj,Tiring,Badnarani,Maghua,1
Mayurbhanj,Tiring,Badnarani,Matkamdihi,4
Mayurbhanj,Tiring,Badnarani,Sindirighutu,3
Mayurbhanj,Tiring,Badnarani,Tudukam,1
Mayurbhanj,Tiring,Badnarini,Badnarini,2
Mayurbhanj,Tiring,Gitilata,Baladpada,29
Mayurbhanj,Tiring,Gitilata,Gitilata,15
Mayurbhanj,Tiring,Gitilata,Jadunathpur,8
Mayurbhanj,Tiring,Gitilata,Sankumrum,14
Mayurbhanj,Tiring,Kulughutu,Barudihi,35
Mayurbhanj,Tiring,Kulughutu,Kulughutu,5
Mayurbhanj,Tiring,Lupung,Bholagadia,11
Mayurbhanj,Tiring,Lupung,Dubulabeda,4
Mayurbhanj,Tiring,Lupung,Hensadihi,14
Mayurbhanj,Tiring,Lupung,Henseldihi,7
Mayurbhanj,Tiring,Lupung,Lupung,3
Mayurbhanj,Tiring,Lupung,Pandhada,2
Mayurbhanj,Tiring,Lupung,Raibadi,6
Mayurbhanj,Tiring,Naranpur,Raghunathpur,1
Mayurbhanj,Tiring,Narayanpur,Raghunathpur,10
Mayurbhanj,Tiring,Narayanpur,Satpuri,10
Mayurbhanj,Tiring,Pandupani,Badgobra,9
Mayurbhanj,Tiring,Pandupani,Jota,29
Mayurbhanj,Tiring,Rengalbeda,Bhagabandi,10
Mayurbhanj,Tiring,Rengalbeda,Sandalima,4
Mayurbhanj,Tiring,Sanbhundu,Badbhundu,4
Mayurbhanj,Tiring,Sanbhundu,Bankati,2
Mayurbhanj,Tiring,Sanbhundu,Changua,3
Mayurbhanj,Tiring,Sanbhundu,Talsa,16
Mayurbhanj,Tiring,Tiring,Badasiajang,7
Mayurbhanj,Udala,Badakhaman,Anantapur,20
Mayurbhanj,Udala,Badakhaman,Kutling,54
Mayurbhanj,Udala,Badakhaman,Manikpur,83
Mayurbhanj,Udala,Badasingaria,Adapal,10
Mayurbhanj,Udala,Badasingaria,Kuanrpal,26
Mayurbhanj,Udala,Badasingaria,Kunarpal,50
Mayurbhanj,Udala,Badasingaria,Pagadadar,42
Mayurbhanj,Udala,Badasingharia,Ambadiha,82
Mayurbhanj,Udala,Badkhaman,Anantapur,28
Mayurbhanj,Udala,Badkhaman,Badkhaman,30
Mayurbhanj,Udala,Badkhaman,Kutling,42
Mayurbhanj,Udala,Badkhaman,Kutling (Phuljhari),20
Mayurbhanj,Udala,Badkhaman,Manikpur,31
Mayurbhanj,Udala,Badsingaria,Angarpada,86
Mayurbhanj,Udala,Badsingaria,Badsingaria,132
Mayurbhanj,Udala,Badsingaria,Dugudha,64
Mayurbhanj,Udala,Badsingaria,Kuanrpal,161
Mayurbhanj,Udala,Badsingaria,Kuanrpal (Nuasahi),24
Mayurbhanj,Udala,Badsingaria,Kunarpal (Nuasahi),17
Mayurbhanj,Udala,Badsingaria,Sanpokhari,24
Mayurbhanj,Udala,Badsingaria,Sansingaria,6
Mayurbhanj,Udala,Bahbandh,Kanakapada,17
Mayurbhanj,Udala,Bahubandh,Bahubandh,110
Mayurbhanj,Udala,Bahubandh,Nabara,28
Mayurbhanj,Udala,Bahubandh,Salamundali,44
Mayurbhanj,Udala,Bahubandh,Urmal,74
Mayurbhanj,Udala,Khaladi,Beguniadiha,23
Mayurbhanj,Udala,Khaladi,Chuliaposi,48
Mayurbhanj,Udala,Khaladi,Dutikadeipur,36
Mayurbhanj,Udala,Khaladi,Jualia,49
Mayurbhanj,Udala,Khaladi,Kainsari,28
Mayurbhanj,Udala,Khaladi,Naraharipur,30
Mayurbhanj,Udala,Khaladi,Patpur,6
Mayurbhanj,Udala,Khaladi,Raidandia,48
Mayurbhanj,Udala,Khaladi,Rangamatia,57
Mayurbhanj,Udala,Kochiladiha,Bairatpur,72
Mayurbhanj,Udala,Kochiladiha,Kochiladiha,146
Mayurbhanj,Udala,Kochiladiha,Manidi,68
Mayurbhanj,Udala,Kundabai,Balabhadrapur,48
Mayurbhanj,Udala,Kundabai,Kundabai,59
Mayurbhanj,Udala,Kutling,Udala,26
Mayurbhanj,Udala,Nuagan,(Phulbadia),6
Mayurbhanj,Udala,Nuagan,Jamudiha,246
Mayurbhanj,Udala,Nuagan,Nuagan,10
Mayurbhanj,Udala,Patsanipur,Ambikadeipur,82
Mayurbhanj,Udala,Patsanipur,"Ambikadeipur
(Baniadhar)",11
Mayurbhanj,Udala,Patsanipur,Ambikadeipur (Baniadhar),32
Mayurbhanj,Udala,Patsanipur,Ambikadeipur (Hatikut),83
Mayurbhanj,Udala,Patsanipur,Barahmpur,15
Mayurbhanj,Udala,Patsanipur,Chandrapur,105
Mayurbhanj,Udala,Patsanipur,Kasikundal,4
Mayurbhanj,Udala,Patsanipur,Khaladi,54
Mayurbhanj,Udala,Patsanipur,Tentala,74
Mayurbhanj,Udala,Radho,Mauda,13
Mayurbhanj,Udala,S.C. Pur,Adipur,22
Mayurbhanj,Udala,S.C. Pur,Balichatra,29
Mayurbhanj,Udala,S.C. Pur,Balichhatra,1
Mayurbhanj,Udala,S.C. Pur,Damasahi,10
Mayurbhanj,Udala,S.C. Pur,Matihudi,12
Mayurbhanj,Udala,S.C. Pur,Musakhai,32
Mayurbhanj,Udala,S.C. Pur,Rajabasa,34
Mayurbhanj,Udala,S.C. Pur,S.C. Pur,11
Mayurbhanj,Udala,S.C.Pur,Chadada,62
Mayurbhanj,Udala,S.C.Pur,Hatasahi,2
Mayurbhanj,Udala,SC Pur,Balichatra,30
Mayurbhanj,Udala,SC Pur,Balichhatra,2
Mayurbhanj,Udala,SC Pur,Uper Taldida,154
Mayurbhanj,Udala,SC Pur,Upper Taldida,8
Mayurbhanj,karanjia,Bado Deuli,Sorodha,1
Mayurbhanj,karanjia,Bala,Bala,9
Mayurbhanj,karanjia,Bala,Diajodi,2
Mayurbhanj,karanjia,Chitraposi,Murgapato,1
Mayurbhanj,karanjia,Dari,Madarangajodi,2
Mayurbhanj,karanjia,Kerokera,Kerokera,1
Mayurbhanj,karanjia,Rasamatala,Kadambeda,7
Mayurbhanj,karanjia,Rasamatala,Kuduma,17
Mayurbhanj,pur,Nalagaja,Bhakasole,1
Mayurbhanj,pur,Nalagaja,Sunakania,1
Nayagarh,BLOCK,GRAM PANCHAYAT,VILLAGE,190
Nayagarh,DASPALLA,BANIGOCHHA,BANIBIRI,19
Nayagarh,DASPALLA,BANIGOCHHA,BANIGOCHHA,16
Nayagarh,DASPALLA,BANIGOCHHA,BANIGOCHHA KHESARA,12
Nayagarh,DASPALLA,BANIGOCHHA,BANIGOCHHA KHESERA/ KAMETI PANGA,12
Nayagarh,DASPALLA,BANIGOCHHA,BATAGAON,7
Nayagarh,DASPALLA,BANIGOCHHA,BHAGAMUNDA,5
Nayagarh,DASPALLA,BANIGOCHHA,BIDAPAJU,41
Nayagarh,DASPALLA,BANIGOCHHA,GARASA,13
Nayagarh,DASPALLA,BANIGOCHHA,GUMURUKHOLA,10
Nayagarh,DASPALLA,BANIGOCHHA,GURA,24
Nayagarh,DASPALLA,BANIGOCHHA,GURHA KHESERA,4
Nayagarh,DASPALLA,BANIGOCHHA,KULURUKUMPA,1
Nayagarh,DASPALLA,BANIGOCHHA,NEPHARI,17
Nayagarh,DASPALLA,BANIGOCHHA,PAJIGADU,10
Nayagarh,DASPALLA,BANIGOCHHA,PEMPEREDA,2
Nayagarh,DASPALLA,BANIGOCHHA,RAUJIHARI,27
Nayagarh,DASPALLA,BANIGOCHHA,SALABHANGA,7
Nayagarh,DASPALLA,BANIGOCHHA,TAKUDA,30
Nayagarh,DASPALLA,BANIGOCHHA,TAKUDA (DINGIBADIKHESERA),3
Nayagarh,DASPALLA,BANIGOCHHA,TANGANADI,20
Nayagarh,DASPALLA,BANIGOCHHA,TUMUNDIBIDA,10
Nayagarh,DASPALLA,BANIGOCHHA,UPARABIDA,14
Nayagarh,DASPALLA,BHOGABADI,BULUNDA,19
Nayagarh,DASPALLA,BHOGABADI,PUTUBARI,11
Nayagarh,DASPALLA,BHOGABADI,TANGASAHI,14
Nayagarh,DASPALLA,BUGUDA,BUGUDA COLONY,38
Nayagarh,DASPALLA,CHADEYAPALLI,CHADEYAPALLI,2
Nayagarh,DASPALLA,CHADHEYAPALLI,CHADEYAPALLI,21
Nayagarh,DASPALLA,CHADHEYAPALLI,HANUMANTA,17
Nayagarh,DASPALLA,CHADHEYAPALLI,JURAGANDA,53
Nayagarh,DASPALLA,CHADHEYAPALLI,MALIKASAHI,18
Nayagarh,DASPALLA,CHADHEYAPALLI,POLARA,7
Nayagarh,DASPALLA,DUDA,KANADI,19
Nayagarh,DASPALLA,GHOLA HANDI,NARADIGOCHHA,18
Nayagarh,DASPALLA,GHOLA HANDI,SANAKAMETI,22
Nayagarh,DASPALLA,GHUGUDIPADA,ALAPANGA,1
Nayagarh,DASPALLA,GHUGUDIPADA,BASANTAPUR,55
Nayagarh,DASPALLA,GHUGUDIPADA,BUDHAPADAR,8
Nayagarh,DASPALLA,GHUGUDIPADA,GUNDURASAHI,3
Nayagarh,DASPALLA,GHUGUDIPADA,KADALIBARI,23
Nayagarh,DASPALLA,GHUGUDIPADA,KHAJURIDIHI,22
Nayagarh,DASPALLA,GHUGUDIPADA,KHALIGHANTI,55
Nayagarh,DASPALLA,GHUGUDIPADA,KHALISAHI,21
Nayagarh,DASPALLA,GHUGUDIPADA,MAKARAPRASAD,48
Nayagarh,DASPALLA,GHUGUDIPADA,NEKARAGANDA,11
Nayagarh,DASPALLA,GHUGUDIPADA,RAIMADA,60
Nayagarh,DASPALLA,GHUGUDIPADA,RAIPALLI,4
Nayagarh,DASPALLA,GHUGUDIPADA,RANGAMATIA,1
Nayagarh,DASPALLA,GHUGUDIPADA,SANAKURUBARI,26
Nayagarh,DASPALLA,GOCHHABARI,GOCHHABARI,20
Nayagarh,DASPALLA,GRAM PANCHAYAT,GRAMASREE,13
Nayagarh,DASPALLA,GRAM PANCHAYAT,KAMETIPANGA,9
Nayagarh,DASPALLA,GRAM PANCHAYAT,NUDHAPANGA,29
Nayagarh,DASPALLA,GRAM PANCHAYAT,PHALAPAJU,16
Nayagarh,DASPALLA,GRAM PANCHAYAT,SIMANTAPUR,6
Nayagarh,DASPALLA,KALASAKHAMANA,BARANALA/JILINDA,13
Nayagarh,DASPALLA,KALASAKHAMANA,BARANALIA,12
Nayagarh,DASPALLA,KALASAKHAMANA,HANADIHA,12
Nayagarh,DASPALLA,KALASAKHAMANA,JARAKIBADI,12
Nayagarh,DASPALLA,KALASAKHAMANA,NIJANDHARKOT,8
Nayagarh,DASPALLA,KUJAMENDHI,BANDHAKHAMAN,12
Nayagarh,DASPALLA,KUJAMENDHI,BIJATAILA,5
Nayagarh,DASPALLA,KUJAMENDHI,DARSANIPADA (BIJATAILA),9
Nayagarh,DASPALLA,KUJAMENDHI,FALAPAJU,1
Nayagarh,DASPALLA,KUJAMENDHI,JHITIKABARI,4
Nayagarh,DASPALLA,KUJAMENDHI,KERABARI,22
Nayagarh,DASPALLA,KUJAMENDHI,KUJAMENDHI,1
Nayagarh,DASPALLA,KUJAMENDHI,KUMBHIKELA,33
Nayagarh,DASPALLA,KULURUKUMPHA,BHIMAKANDA,10
Nayagarh,DASPALLA,KULURUKUMPHA,DUDUKIPAJU,10
Nayagarh,DASPALLA,KULURUKUMPHA,GANDHARIKHOLA,1
Nayagarh,DASPALLA,KULURUKUMPHA,GUNDURIBARI,11
Nayagarh,DASPALLA,KULURUKUMPHA,HALADIAPAHAD,2
Nayagarh,DASPALLA,KULURUKUMPHA,JANIPADAR,20
Nayagarh,DASPALLA,KULURUKUMPHA,KRUSHNA PRASAD,15
Nayagarh,DASPALLA,KULURUKUMPHA,KULURUKUMPA,43
Nayagarh,DASPALLA,KULURUKUMPHA,TALADIKIRI.,14
Nayagarh,DASPALLA,NACHHIPUR,ALAPANGA,32
Nayagarh,DASPALLA,NACHHIPUR,ARAKHATAILA,47
Nayagarh,DASPALLA,NACHHIPUR,DIMIRIA,3
Nayagarh,DASPALLA,NACHHIPUR,NIJ-GAMBHARIKHOLA,34
Nayagarh,DASPALLA,NACHHIPUR,ODABIKRI,3
Nayagarh,DASPALLA,NACHHIPUR,RAISARA,7
Nayagarh,DASPALLA,NACHHIPUR,TALASAHI,7
Nayagarh,DASPALLA,NUAGAON,ABHAYAPUR,27
Nayagarh,DASPALLA,NUAGAON,JURAGANDA,1
Nayagarh,DASPALLA,NUAGAON,NUAGAON,1
Nayagarh,DASPALLA,NUAGAON,SIMANTAPUR,2
Nayagarh,DASPALLA,POKHARI GOCHHA,BEBIRI,19
Nayagarh,DASPALLA,POKHARI GOCHHA,KARADABANI,14
Nayagarh,DASPALLA,POKHARI GOCHHA,PEHELAJU,2
Nayagarh,DASPALLA,POKHARI GOCHHA,PILLIPAJU,28
Nayagarh,DASPALLA,POKHARI GOCHHA,PIMPALPADAR,35
Nayagarh,DASPALLA,POKHARI GOCHHA,POKHARIGOCHHA,36
Nayagarh,DASPALLA,POKHARI GOCHHA,SUNDARTAILA,25
Nayagarh,DASPALLA,POKHARI GOCHHA,TANGISAHI,10
Nayagarh,DASPALLA,SARIGANDA,BADAKAMETI,6
Nayagarh,DASPALLA,SARIGANDA,BARAPALLI,36
Nayagarh,DASPALLA,SARIGANDA,BEHERASAHI,10
Nayagarh,DASPALLA,SARIGANDA,DALIPADAR,22
Nayagarh,DASPALLA,SARIGANDA,DIMIRIKUTI,11
Nayagarh,DASPALLA,SARIGANDA,FULARA,13
Nayagarh,DASPALLA,SARIGANDA,GOTHASAHI,18
Nayagarh,DASPALLA,SARIGANDA,KUTIBARI,27
Nayagarh,DASPALLA,SARIGANDA,NELIGUDA,2
Nayagarh,DASPALLA,SARIGANDA,SALIAGOCHHA,26
Nayagarh,DASPALLA,SARIGANDA,SANAKURUDANGI,20
Nayagarh,DASPALLA,SARIGANDA,SATAJHARI,2
Nayagarh,DASPALLA,TAKERA,BUGUDA,10
Nayagarh,DASPALLA,TAKERA,BURUSAHI,16
Nayagarh,DASPALLA,TAKERA,GOPALPUR,17
Nayagarh,DASPALLA,TAKERA,JHINTIKABARI,6
Nayagarh,DASPALLA,TAKERA,MITUKULI,11
Nayagarh,DASPALLA,TAKERA,MUNDULI GAON,11
Nayagarh,DASPALLA,TAKERA,PAHELAJU,5
Nayagarh,DASPALLA,TAKERA,PEHELAJU,7
Nayagarh,DASPALLA,TAKERA,PUTUBARI,18
Nayagarh,DASPALLA,TAKERA,RATHIPUR,49
Nayagarh,DASPALLA,TAKERA,TAKARA,1
Nayagarh,DASPALLA,TAKERA,TAKERA,16
Nayagarh,DASPALLA,TENDABADI,GANDERI,5
Nayagarh,DASPALLA,TENDABADI,GUNTHAPAJU,31
Nayagarh,DASPALLA,TENDABADI,KHALAMADA,6
Nayagarh,DASPALLA,TENDABADI,LEMBUGOCHHA (JAMUSAHI),3
Nayagarh,DASPALLA,TUMANDI,ANDHARTAILA,8
Nayagarh,DASPALLA,TUMANDI,BEBIRI,1
Nayagarh,DASPALLA,TUMANDI,BOIPAJU,16
Nayagarh,DASPALLA,TUMANDI,GADAGADI,12
Nayagarh,DASPALLA,TUMANDI,KADALIBARI,14
Nayagarh,DASPALLA,TUMANDI,KHAJURIDIHI,1
Nayagarh,DASPALLA,TUMANDI,NARAJAPADA,16
Nayagarh,DASPALLA,TUMANDI,NUDHAPANGA,11
Nayagarh,DASPALLA,TUMANDI,PHULARA,14
Nayagarh,DASPALLA,TUMANDI,TANGISAHI,3
Nayagarh,DASPALLA,TUMANDI,TUMANDI,35
Nayagarh,GANIA,BADASILINGA,ALAPANGA,16
Nayagarh,GANIA,BADASILINGA,ARAKHATAILA,47
Nayagarh,GANIA,BADASILINGA,BADASILINGA,31
Nayagarh,GANIA,BADASILINGA,BARANALA/JILINDA,64
Nayagarh,GANIA,BADASILINGA,BEDADI,11
Nayagarh,GANIA,BADASILINGA,BIDAPAJU,21
Nayagarh,GANIA,BADASILINGA,BINDHAGIRI,5
Nayagarh,GANIA,BADASILINGA,DANKARSAHI,11
Nayagarh,GANIA,BADASILINGA,DHIPISAHI,29
Nayagarh,GANIA,BADASILINGA,DHUAPAJU,11
Nayagarh,GANIA,BADASILINGA,DUISING,33
Nayagarh,GANIA,BADASILINGA,GEREGEDI,6
Nayagarh,GANIA,BADASILINGA,GOCHHABARI,35
Nayagarh,GANIA,BADASILINGA,INDAGADU,1
Nayagarh,GANIA,BADASILINGA,MAKARPRASAD,44
Nayagarh,GANIA,BADASILINGA,NEKARAGANDA,11
Nayagarh,GANIA,BADASILINGA,NUAPADA,1
Nayagarh,GANIA,BADASILINGA,RAIMADA,35
Nayagarh,GANIA,BADASILINGA,SAKINI,7
Nayagarh,GANIA,BADASILINGA,SANSILINGA,5
Nayagarh,GANIA,BADASILINGA,TALASAHI,7
Nayagarh,GANIA,BADASILINGA,TOLAKAPATIA,13
Nayagarh,GANIA,CHHAMUNDIA,BETHIASAHI,41
Nayagarh,GANIA,CHHAMUNDIA,BIDAPAJU,5
Nayagarh,GANIA,CHHAMUNDIA,DANKARSAHI,11
Nayagarh,GANIA,CHHAMUNDIA,KUTURI,29
Nayagarh,GANIA,CHHAMUNDIA,MALASHPADAR,4
Nayagarh,GANIA,CHHAMUNDIA,RAIMADA,27
Nayagarh,GANIA,CHHAMUNDIA,SAKINI,7
Nayagarh,GANIA,CHHAMUNDIA,TALASAHI,7
Nayagarh,GANIA,CHHAMUNDIA,TOLAKAPATIA,13
Nayagarh,GANIA,KARADAPADA,NUAPADA,73
Nayagarh,KHANDAPADA,BENAGADIA,IJATGHODAMARI,14
Nayagarh,KHANDAPADA,GADIASAHI,SADHUAPALLI,21
Nayagarh,KHANDAPADA,KIAJHARA,BADAKHAJURIA,13
Nayagarh,KHANDAPADA,KIAJHARA,GIRIDIPALLI,4
Nayagarh,KHANDAPADA,KIAJHARA,PETAPALLI,12
Nayagarh,KHANDAPADA,KIAJHARA,SANAKHAJURIA,15
Nayagarh,KHANDAPADA,KIAJHARA,TIKIRIA,8
Nayagarh,KHANDAPADA,KOSAKA,GURIABARI,14
Nayagarh,KHANDAPADA,KOSAKA,KRUSHNAPALLI,16
Nayagarh,KHANDAPADA,KOSAKA,RATAKHANDA,16
Nayagarh,KHANDAPADA,SIDHAMULA,HATIAPALLI,14
Nayagarh,KHANDAPADA,SINGAPADA,BADAJHADA,12
Nayagarh,KHANDAPADA,SINGAPADA,GHODAMARI NUAGAON,12
Nayagarh,KHANDAPADA,SINGAPADA,SAMBARBINDHA,21
Nayagarh,KHANDAPADA,SINGAPADA,SERENDA,10
Nayagarh,NUAGAON,BAHADAJHOLA,KALIAMBA,9
Nayagarh,NUAGAON,BAHADAJHOLA,RAIPALLI,2
Nayagarh,NUAGAON,BERUHANBARI,BAUNSAKHOLA,13
Nayagarh,NUAGAON,BERUHANBARI,BELADWAR,12
Nayagarh,NUAGAON,BERUHANBARI,BURUDEI,10
Nayagarh,NUAGAON,BERUHANBARI,CHAKUNDAMADA,4
Nayagarh,NUAGAON,BERUHANBARI,MANTUKHAMAN,15
Nayagarh,NUAGAON,BERUHANBARI,ODAKAPA,14
Nayagarh,NUAGAON,GRAM PANCHAYAT,BANDHAKHAMAN,1
Nayagarh,NUAGAON,GRAM PANCHAYAT,BEBIRI,1
Nayagarh,NUAGAON,GRAM PANCHAYAT,FALAPAJU,1
Nayagarh,NUAGAON,GRAM PANCHAYAT,GUNDURASAHI,3
Nayagarh,NUAGAON,GRAM PANCHAYAT,KHALISAHI,20
Nayagarh,NUAGAON,GRAM PANCHAYAT,LEMBUGOCHHA (JAMUSAHI),3
Nayagarh,NUAGAON,GRAM PANCHAYAT,MAKARAPALLI,25
Nayagarh,NUAGAON,GRAM PANCHAYAT,MANTHUKHAMAN,3
Nayagarh,NUAGAON,GRAM PANCHAYAT,PHULARA,5
Nayagarh,NUAGAON,GRAM PANCHAYAT,RAIPALLI,4
Nayagarh,NUAGAON,GRAM PANCHAYAT,RAISARA,7
Nayagarh,NUAGAON,GRAM PANCHAYAT,TANGISAHI,3
Nayagarh,NUAGAON,GUMI,BARAKOLA,23
Nayagarh,NUAGAON,GUMI,MURIAMBA,24
Nayagarh,NUAGAON,JAKEDA,BADIBARI,25
Nayagarh,NUAGAON,JAKEDA,CHHANABANIA,25
Nayagarh,NUAGAON,JAKEDA,DIMIRIA,13
Nayagarh,NUAGAON,JAKEDA,GHODAKABARI,28
Nayagarh,NUAGAON,JAKEDA,GUNDURASAHI,11
Nayagarh,NUAGAON,JAKEDA,JAKADA,11
Nayagarh,NUAGAON,JAKEDA,JAKEDA,37
Nayagarh,NUAGAON,JAKEDA,KANDHAKHALAMADA,24
Nayagarh,NUAGAON,JAKEDA,KENDUBANIA,7
Nayagarh,NUAGAON,JAKEDA,MANTUKHAMAN,7
Nayagarh,NUAGAON,JAKEDA,SANAJIRI,14
Nayagarh,NUAGAON,KAPTAPALLI,DENGABADI,13
Nayagarh,NUAGAON,KAPTAPALLI,KAPTAPALLI,20
Nayagarh,NUAGAON,KAPTAPALLI,KORAGADU,22
Nayagarh,NUAGAON,KAPTAPALLI,PHULARA,8
Nayagarh,NUAGAON,MAICHHELI,BHUINRAGADI,20
Nayagarh,NUAGAON,MALISAHI,CHAKAPATHAR,29
Nayagarh,NUAGAON,MALISAHI,DHODAPALLI,7
Nayagarh,NUAGAON,MALISAHI,GOCHHABARI,23
Nayagarh,NUAGAON,MALISAHI,KHANGURI,15
Nayagarh,NUAGAON,MALISAHI,RAJANPALLI,10
Nayagarh,NUAGAON,MALISAHI,SANAHAMARA,19
Nayagarh,NUAGAON,MALISAHI,SANDHAMARA,30
Nayagarh,NUAGAON,NUAGAON,BHUINRAGADI,33
Nayagarh,NUAGAON,NUAGAON,KACHAPALLI.,15
Nayagarh,NUAGAON,NUAGAON,KANJIAMBA,37
Nayagarh,ODAGAON,BANTHAPUR,DURUDA,36
Nayagarh,ODAGAON,BANTHAPUR,NIHALPRASAD,5
Nayagarh,ODAGAON,BANTHAPUR,PODASAHI,11
Nayagarh,ODAGAON,BANTHAPUR,TULUBI,15
Nayagarh,ODAGAON,ROHIBANKA,BAGHUA,20
Nayagarh,RANAPUR,BONDHAMUNDA,AKHUPADAR,2
Nayagarh,RANAPUR,BONDHAMUNDA,BRAHMANKUMEI,12
Nayagarh,RANAPUR,BONDHAMUNDA,BRAMHANKUMEI.,12
Nayagarh,RANAPUR,BONDHAMUNDA,NATHPUR,12
Nayagarh,RANAPUR,PATIA,KADAMJHOLA,32
Nayagarh,RANAPUR,RAIPADA,RANIGADIA,10
Nuapada,BLOCK,GRAM PANCHAYAT,VILLAGE,108
Nuapada,BODEN,BABEBIR,BABEBIR,7
Nuapada,BODEN,BHAINSADANI,BHAINSADANI,23
Nuapada,BODEN,BHAINSADANI,DHOBEI,25
Nuapada,BODEN,BHAINSADANI,KOTAGAON,2
Nuapada,BODEN,BHAINSADANI,KOTGAON,31
Nuapada,BODEN,BHAINSADANI,PATADARAHA,39
Nuapada,BODEN,BHAINSADANI,PATADARHA,211
Nuapada,BODEN,BHAINSADANI,REDHAMAL,24
Nuapada,BODEN,BHAINSADANI,RUNDI,58
Nuapada,BODEN,BODEN,TEMRI,43
Nuapada,BODEN,BOIRGAON,BAGLORE,50
Nuapada,BODEN,BOIRGAON,BOIRGAON,2
Nuapada,BODEN,BOIRGAON,CHIKALCHUAN,22
Nuapada,BODEN,BOIRGAON,KHADUPANI,43
Nuapada,BODEN,BOIRGAON,MAHULPADAR,66
Nuapada,BODEN,BOIRGAON,SUNAMUDI,81
Nuapada,BODEN,DOMJHAR,MARGAON,31
Nuapada,BODEN,DOMJHAR,SALEPADA,10
Nuapada,BODEN,FARASARA,BHERUAMAL,25
Nuapada,BODEN,FARASARA,JUBARJAPUR,24
Nuapada,BODEN,FARASARA,PUTUPADA,4
Nuapada,BODEN,KARANGAMAL,KARANGAMAL,9
Nuapada,BODEN,KARLAKOT,KIREKELA,21
Nuapada,BODEN,KARLAKOT,SAHAJMUNDA,3
Nuapada,BODEN,KARLAKOT,SARGIMUNDA,82
Nuapada,BODEN,KHAIRA,AMERA,21
Nuapada,BODEN,KHAIRA,KHAIRA,20
Nuapada,BODEN,NAGPADA,BHUIPANI,117
Nuapada,BODEN,NAGPADA,JHARNAMAL,28
Nuapada,BODEN,NAGPADA,MAKARBIRLI,22
Nuapada,BODEN,NAGPADA,NAGPADA,78
Nuapada,BODEN,NAGPADA,SIRLI,41
Nuapada,KHARIAR,BADI,JUNANI,2
Nuapada,KHARIAR,BARGAON,PODAPALI,6
Nuapada,KHARIAR,BARGAON,THELKODUNGARI,3
Nuapada,KHARIAR,BHOJPUR,CHANABEDA,3
Nuapada,KHARIAR,BHOJPUR,ROHENPADAR,22
Nuapada,KHARIAR,BIRIGHAT,BIRIGHAT,50
Nuapada,KHARIAR,BIRIGHAT,KUSHAMAL,10
Nuapada,KHARIAR,DABRI,DABRI,34
Nuapada,KHARIAR,DABRI,KODALDUNGARI,17
Nuapada,KHARIAR,KHASABAHAL,ARTATRANAPUR,1
Nuapada,KHARIAR,KHASABAHAL,KHAIRBHADI,11
Nuapada,KHARIAR,KHASABAHAL,NUARAJPUR,6
Nuapada,KHARIAR,KIRIKITA,JUNAPANI,25
Nuapada,KHARIAR,KIRIKITA,KIRIKITA,67
Nuapada,KHARIAR,LANJI,BHIMAPADAR,4
Nuapada,KHARIAR,LANJI,DUMERJOR,12
Nuapada,KHARIAR,LANJI,KARANDOBA,35
Nuapada,KHARIAR,LANJI,KENDUGUDA,38
Nuapada,KHARIAR,LANJI,LANJI,46
Nuapada,KHARIAR,LANJI,MANTRITARAI,45
Nuapada,KHARIAR,NEHENA,BADADOHEL,5
Nuapada,KHARIAR,NEHENA,LACHHIPUR,6
Nuapada,KHARIAR,RANIMUNDA,KAMPANIGUMA,41
Nuapada,KHARIAR,RANIMUNDA,KOTAMAL,5
Nuapada,KHARIAR,RANIMUNDA,MAHULKOT,13
Nuapada,KHARIAR,RANIMUNDA,PALMA,35
Nuapada,KHARIAR,RANIMUNDA,RANIMUNDA,26
Nuapada,KHARIAR,RANIMUNDA,SAMADAPADAR,19
Nuapada,KHARIAR,RANIMUNDA,SAMADPADAR,54
Nuapada,KHARIAR,SANMAHESWAR,KULIGAON,11
Nuapada,KOMNA,AGREN,AGREN,14
Nuapada,KOMNA,BUDHIKOMNA,PANDRAPATHAR,35
Nuapada,KOMNA,DARLIPADA,BALIKHAMAR,39
Nuapada,KOMNA,DARLIPADA,DARLIPADA,31
Nuapada,KOMNA,GANDAMER,DANJHOLA,8
Nuapada,KOMNA,JADAMUNDA,THONGO,3
Nuapada,KOMNA,JATGARH,BALIPATI,23
Nuapada,KOMNA,JATGARH,GADGADBAHALI,22
Nuapada,KOMNA,JATGARH,JATAGARH,31
Nuapada,KOMNA,JATGARH,JATGARH,22
Nuapada,KOMNA,JATGARH,SHIHNAMUNDA,6
Nuapada,KOMNA,JHAGRAHI,CHHATA,9
Nuapada,KOMNA,JHAGRAHI,DHORLAMUNDA,78
Nuapada,KOMNA,JHAGRAHI,JHAGRAHI,8
Nuapada,KOMNA,KANDETARA,KANDETARA,33
Nuapada,KOMNA,KANDETARA,MUSAPALI,6
Nuapada,KOMNA,KOMNA,BHARUAMUNDA,29
Nuapada,KOMNA,KOMNA,KOMNA,12
Nuapada,KOMNA,KOMNA,POINER,23
Nuapada,KOMNA,KONABIRA,BAHALMUNDA,7
Nuapada,KOMNA,KURESWAR,DOHELPADA,10
Nuapada,KOMNA,KURESWAR,KHAIRBHADI,16
Nuapada,KOMNA,KURESWAR,KURESWAR,4
Nuapada,KOMNA,KURESWAR,RENG,10
Nuapada,KOMNA,KURUMPURI,CHOUKAPADA,4
Nuapada,KOMNA,KURUMPURI,DIAMUNDA,24
Nuapada,KOMNA,KURUMPURI,KURUMPURI,15
Nuapada,KOMNA,KURUMPURI,LIMDIHI,16
Nuapada,KOMNA,KURUMPURI,MUNDAPALA,18
Nuapada,KOMNA,MICHHAPALI,BATIBAHAL,14
Nuapada,KOMNA,MICHHAPALI,CHERECHUAN,24
Nuapada,KOMNA,MICHHAPALI,KHOLIGAON,27
Nuapada,KOMNA,MICHHAPALI,LITIBAHAL,20
Nuapada,KOMNA,MICHHAPALI,MAJHAGAON,8
Nuapada,KOMNA,MICHHAPALI,MICHHAPALI,39
Nuapada,KOMNA,NUAGAON,KAMKEDA,21
Nuapada,KOMNA,NUAGAON,THUTIBAR,3
Nuapada,KOMNA,PENDRABAN,BAHABAL,17
Nuapada,KOMNA,PENDRABAN,CHANDOPALA,27
Nuapada,KOMNA,PENDRABAN,DHARAMSAGAR,13
Nuapada,KOMNA,PENDRABAN,JHIKIDUNGARI,5
Nuapada,KOMNA,RAJANA,BELGOAN,12
Nuapada,KOMNA,RAJANA,DEODARHA,48
Nuapada,KOMNA,SAMAR SING,BHURUKADHODA,69
Nuapada,KOMNA,SIALATI,BAGAMUNDA,3
Nuapada,KOMNA,SIALATI,BELARDANA,2
Nuapada,KOMNA,SIALATI,BHALUKONA,20
Nuapada,KOMNA,SIALATI,SIALATI,23
Nuapada,KOMNA,SOSENG,ADAR,48
Nuapada,KOMNA,SOSENG,BHAOSIL,50
Nuapada,KOMNA,SOSENG,DEOSIL,53
Nuapada,KOMNA,SOSENG,JALMADEI,23
Nuapada,KOMNA,SOSENG,RUPIAM,43
Nuapada,KOMNA,SOSENG,SOSENG,76
Nuapada,KOMNA,SUNABEDA,GATIBEDA,146
Nuapada,KOMNA,SUNABEDA,JAMGAON,101
Nuapada,KOMNA,SUNABEDA,JUNAPANI,34
Nuapada,KOMNA,SUNABEDA,KOKED,44
Nuapada,KOMNA,SUNABEDA,KOTRABEDA,23
Nuapada,KOMNA,SUNABEDA,SHIBANARAYANPUR,43
Nuapada,KOMNA,SUNABEDA,SUNABEDA,117
Nuapada,KOMNA,TARBOD,TARBOD,3
Nuapada,NUAPADA,AMANARA,DALDALI,24
Nuapada,NUAPADA,AMANARA,MUSURANGI,30
Nuapada,NUAPADA,AMANARA,PATALGHUTKRI,3
Nuapada,NUAPADA,AMSENA,KALYANPUR,2
Nuapada,NUAPADA,BHALESWAR,AMODI,23
Nuapada,NUAPADA,BHALESWAR,BAROKOTHI,10
Nuapada,NUAPADA,BHARUAMUNDA,BHARUAMUNDA,86
Nuapada,NUAPADA,BHARUAMUNDA,CHHOTALODRA,25
Nuapada,NUAPADA,BHARUAMUNDA,CHHOTLODRA,8
Nuapada,NUAPADA,BHARUAMUNDA,KATINGPANI,56
Nuapada,NUAPADA,BHARUAMUNDA,LODRA,44
Nuapada,NUAPADA,BIROMAL,BIROMAL,21
Nuapada,NUAPADA,BISORA,MASANKUNDA,4
Nuapada,NUAPADA,BOIRBHADI,MAGURPANI,22
Nuapada,NUAPADA,BOIRBHADI,SARAIPALI,1
Nuapada,NUAPADA,CHICHIRIPANI,CHICHIRIPANI,1
Nuapada,NUAPADA,CHULABAHATA,PANDRIPANI,22
Nuapada,NUAPADA,CHULABHAT,BHAINSADADAR,3
Nuapada,NUAPADA,CHULABHAT,BHALUPANI,8
Nuapada,NUAPADA,CHULABHAT,GANGADIGARH,62
Nuapada,NUAPADA,CHULABHAT,PAKHANPADAR,35
Nuapada,NUAPADA,CHULABHAT,PANDRIPANI,27
Nuapada,NUAPADA,CHULABHAT,SANTOSHPADA,43
Nuapada,NUAPADA,CHULABHATA,GANGADIGARH,18
Nuapada,NUAPADA,CHULABHATA,PANDRIPANI,53
Nuapada,NUAPADA,CHULBHATA,PANDRIPANI,5
Nuapada,NUAPADA,DARLIMUNDA,DARLIMUNDA,69
Nuapada,NUAPADA,DARLIMUNDA,KHALIAPANI,7
Nuapada,NUAPADA,DHARAMBANDHA,DHARAMBANDHA,29
Nuapada,NUAPADA,JAMPANI,CHHINDPANI,76
Nuapada,NUAPADA,JAMPANI,CHICHIRIPANI,72
Nuapada,NUAPADA,JAMPANI,JAMPANI,18
Nuapada,NUAPADA,JAMPANI,TONGOPANI,10
Nuapada,NUAPADA,KENDUBAHARA,FARAFOUJA,7
Nuapada,NUAPADA,KENDUBAHARA,SIRIGIDI,51
Nuapada,NUAPADA,KERMELI,GOLABANDH,15
Nuapada,NUAPADA,KERMELI,KANKERMANJI,5
Nuapada,NUAPADA,KERMELI,KERMELI,15
Nuapada,NUAPADA,KERMELI,PATHIAPALI,39
Nuapada,NUAPADA,KOTENCHUAN,CHHERILENDI,7
Nuapada,NUAPADA,KOTENCHUAN,JAMUDARAHA,147
Nuapada,NUAPADA,KOTENCHUAN,KOTENCHUAN,2
Nuapada,NUAPADA,KOTENCHUAN,SIALATI,20
Nuapada,NUAPADA,KOTENCHUAN,SUNARITAL,2
Nuapada,NUAPADA,KULIABANDHA,BHANPUR,21
Nuapada,NUAPADA,KULIABANDHA,BHOTHA,28
Nuapada,NUAPADA,MOTA NUAPADA,KALAMIDADAR,19
Nuapada,NUAPADA,MOTA NUAPADA,KUKURIMUNDI,37
Nuapada,NUAPADA,MOTA NUAPADA,SETH JAMPANI,1
Nuapada,NUAPADA,SAHIPALA,KHAIRANI,38
Nuapada,NUAPADA,SAHIPALA,PIPALCHHENDI,6
Nuapada,NUAPADA,SAHIPALA,SAHIPALA,32
Nuapada,SINAPALI,BARGAON,BARGAON,14
Nuapada,SINAPALI,BHARUAMUNDA,GOVINDPUR,25
Nuapada,SINAPALI,GANDABAHALI,GANDABAHALI,6
Nuapada,SINAPALI,GHANTIGUDA,KARLAPANI,48
Nuapada,SINAPALI,GHATMAL,BADMULA,12
Nuapada,SINAPALI,GHATMAL,CHITARAMA,22
Nuapada,SINAPALI,GHATMAL,DUMERBAHAL,15
Nuapada,SINAPALI,GHATMAL,GADIAJORE,17
Nuapada,SINAPALI,GHATMAL,GENDULPANI,38
Nuapada,SINAPALI,GHATMAL,JAMABAHALI,8
Nuapada,SINAPALI,GHATMAL,JOGABHATA,55
Nuapada,SINAPALI,GHATMAL,KANETGHATAMAL,86
Nuapada,SINAPALI,GHATMAL,NUAKHALIA,14
Nuapada,SINAPALI,GHATMAL,PANDRIPANI,20
Nuapada,SINAPALI,GHATMAL,SINDURSIL,1
Nuapada,SINAPALI,GHATMAL,TALAKOT,127
Nuapada,SINAPALI,GHATMAL,TILEIPALNA,20
Nuapada,SINAPALI,GODAL,BRAHAMANPADA,31
Nuapada,SINAPALI,GORLA,KUSUMUKHUNTA,12
Nuapada,SINAPALI,GORLA,MAHESWAR,11
Nuapada,SINAPALI,JHARBANDHA,JHARBANDHA,23
Nuapada,SINAPALI,KENDUMUNDA,DHUNGIAMUNDA,16
Nuapada,SINAPALI,KENDUMUNDA,GOVINDPUR,17
Nuapada,SINAPALI,KENDUMUNDA,GUJIADUNGARI,4
Nuapada,SINAPALI,KENDUMUNDA,JAMPANI,12
Nuapada,SINAPALI,KENDUMUNDA,SIALATI,6
Nuapada,SINAPALI,KHAIRABHADI,KHAIRBHADI,8
Nuapada,SINAPALI,KHAIRPADAR,KATHIBADI,40
Nuapada,SINAPALI,KHAIRPADAR,SARDHAPUR,3
Nuapada,SINAPALI,KHAIRPADAR,SARDHARPUR,19
Nuapada,SINAPALI,KUSUMJORE,HALDIKHOL,25
Nuapada,SINAPALI,KUSUMJORE,NUAGUDA,48
Nuapada,SINAPALI,LITIGUDA,LITIGUDA,35
Nuapada,SINAPALI,MAKHAPADAR,JAMALIPADAR,8
Nuapada,SINAPALI,MAKHAPADAR,KOPIA,47
Nuapada,SINAPALI,MAKHAPADAR,LIAD,1
Nuapada,SINAPALI,MAKHAPADAR,MALAPADA,14
Nuapada,SINAPALI,MAKHAPADAR,SITALKHALIA,10
Nuapada,SINAPALI,NANGALBOD,AKHADABHATA,48
Nuapada,SINAPALI,NANGALBOD,BHATAPANI,34
Nuapada,SINAPALI,NANGALBOD,BHULIABHATA,15
Nuapada,SINAPALI,NANGALBOD,DABADA,22
Nuapada,SINAPALI,NANGALBOD,DANGARGAON,12
Nuapada,SINAPALI,NANGALBOD,GOLABEDA,17
Nuapada,SINAPALI,NANGALBOD,KARADUNGARI,31
Nuapada,SINAPALI,NANGALBOD,NANGALBOD,132
Nuapada,SINAPALI,NANGALBOD,NUAMALPADA,54
Nuapada,SINAPALI,NANGALBOD,PHOOLCHI,6
Nuapada,SINAPALI,NANGALBOD,TANKAMAL,23
Nuapada,SINAPALI,NEELJI,REBADI,5
Nuapada,SINAPALI,NUAPADA,PATIALPADA,13
Nuapada,SINAPALI,NUAPADA,SANDHABAHALI,4
Nuapada,SINAPALI,SINAPALI,KAPSI,7
Nuapada,SINAPALI,TIMANPUR,RANIMUNDA,18
Rayagada,B.CUTTACK,ANAJODI,ANAJODI,5
Rayagada,B.CUTTACK,B.CUTTACK,GADABAGUDA,8
Rayagada,B.CUTTACK,BADALIMA,BADALIMA,2
Rayagada,B.CUTTACK,BATIGUMA,BATIGUMA,78
Rayagada,B.CUTTACK,BETHIAPADA,BETHIAPADA,5
Rayagada,B.CUTTACK,BETHIAPADA,KARLAKONA,13
Rayagada,B.CUTTACK,BHAILAPADAR,BHAILAPADAR,3
Rayagada,B.CUTTACK,BHATPUR,BHATAPUR,73
Rayagada,B.CUTTACK,BHATPUR,KANEDI,30
Rayagada,B.CUTTACK,BHATPUR,PUTRUGUDA,3
Rayagada,B.CUTTACK,CHANCHADAGUDA,HURUGUDI,18
Rayagada,B.CUTTACK,CHANCHADAGUDA,SOURAGUDA,12
Rayagada,B.CUTTACK,CHANCHARAGUDA,BALAPAI,5
Rayagada,B.CUTTACK,CHANCHARAGUDA,BERADALIGUDA,5
Rayagada,B.CUTTACK,CHANCHARAGUDA,CHICHANGABARI,2
Rayagada,B.CUTTACK,CHANCHARAGUDA,HURUGUDI,5
Rayagada,B.CUTTACK,CHANCHARAGUDA,KINJAMJODI,22
Rayagada,B.CUTTACK,CHANCHARAGUDA,SANYASIGUDA,8
Rayagada,B.CUTTACK,CHANCHARAGUDA,SAURAGUDA,5
Rayagada,B.CUTTACK,CHATIKONA,GOTIGUDA,3
Rayagada,B.CUTTACK,CHATIKONA,KARNAGUDA,5
Rayagada,B.CUTTACK,CHATIKONA,PENDIPADAR,7
Rayagada,B.CUTTACK,CHATIKONA,PURUGUDA,8
Rayagada,B.CUTTACK,DUKUM,BADERPADAR,5
Rayagada,B.CUTTACK,DUKUM,BALAKUPA,2
Rayagada,B.CUTTACK,DUKUM,BANDICHUAN,9
Rayagada,B.CUTTACK,DUKUM,BERDANGPADAR,3
Rayagada,B.CUTTACK,DUKUM,BONDICHUAN,9
Rayagada,B.CUTTACK,DUKUM,JUGAPADAR,6
Rayagada,B.CUTTACK,DUKUM,LAKHABHATA,9
Rayagada,B.CUTTACK,DUKUM,LAKHABHATTA,3
Rayagada,B.CUTTACK,DUKUM,MARCHAPADI,15
Rayagada,B.CUTTACK,DUKUM,MARICHAPADU,35
Rayagada,B.CUTTACK,DUKUM,PINDA,28
Rayagada,B.CUTTACK,DUKUM,RUPAPADAR,5
Rayagada,B.CUTTACK,DUKUMO,BONDILI,2
Rayagada,B.CUTTACK,DUMURINELLI,CHELIANALA,1
Rayagada,B.CUTTACK,DURGI,BANDHUGUDA,2
Rayagada,B.CUTTACK,DURGI,CHENGILI,1
Rayagada,B.CUTTACK,DURGI,DHARMAGUDA,3
Rayagada,B.CUTTACK,DURGI,DHUABADI,6
Rayagada,B.CUTTACK,DURGI,HADAGUDA,3
Rayagada,B.CUTTACK,DURGI,HAJARIDANGA,9
Rayagada,B.CUTTACK,DURGI,KACHAPAI,4
Rayagada,B.CUTTACK,DURGI,KUDABHATTA,5
Rayagada,B.CUTTACK,DURGI,KUNAM PADAR,4
Rayagada,B.CUTTACK,DURGI,TALABARANGAPADAR,4
Rayagada,B.CUTTACK,GANDILI,GANDILI,52
Rayagada,B.CUTTACK,HAJA-RIDANG,BADAKIRIBIRI,7
Rayagada,B.CUTTACK,HAJA-RIDANG,RAMBU,11
Rayagada,B.CUTTACK,HATA MUNIGUDA,DUARGUDI,18
Rayagada,B.CUTTACK,HATAMUNIGUDA,DUARGUDI,23
Rayagada,B.CUTTACK,HATAMUNIGUDA,KADIGUMA,9
Rayagada,B.CUTTACK,HATAMUNIGUDA,PARAMAGUDA,7
Rayagada,B.CUTTACK,HATAMUNIGUDA,PENJA(TANDA),46
Rayagada,B.CUTTACK,HATOMUNIGUDA,GHANTIKHAL,25
Rayagada,B.CUTTACK,JHIGIDI,BALAKUPA,17
Rayagada,B.CUTTACK,JHIGIDI,DAMAKUPA,6
Rayagada,B.CUTTACK,JHIGIDI,DAMBAKUPA,17
Rayagada,B.CUTTACK,JHIGIDI,LELINKAPADAR,28
Rayagada,B.CUTTACK,JHIGIDI,MUNDIGUDA,12
Rayagada,B.CUTTACK,JHIGIDI,PANASAPADAR,19
Rayagada,B.CUTTACK,JHIGIDI,PENDIPADAR,1
Rayagada,B.CUTTACK,JHIGIDI,RATATIKIRI,11
Rayagada,B.CUTTACK,JHIGIDI,URLAJODI,3
Rayagada,B.CUTTACK,KANDHABALIJODI,KANDHABALIJODI,7
Rayagada,B.CUTTACK,KANKUBADI,BADA GOTIGUDA,3
Rayagada,B.CUTTACK,KANKUBADI,BANDAIGUDA,16
Rayagada,B.CUTTACK,KANKUBADI,DEGALBUDUNI,5
Rayagada,B.CUTTACK,KANKUBADI,GATIGUDA,12
Rayagada,B.CUTTACK,KANKUBADI,GATIGUDA (BADA),14
Rayagada,B.CUTTACK,KANKUBADI,GHASAPADU,3
Rayagada,B.CUTTACK,KANKUBADI,GOTIGUDA,29
Rayagada,B.CUTTACK,KANKUBADI,JABAGUDA,18
Rayagada,B.CUTTACK,KANKUBADI,KANKUBADI,13
Rayagada,B.CUTTACK,KANKUBADI,MANDAPAI,8
Rayagada,B.CUTTACK,KATRUPALI,KATRUPALI,2
Rayagada,B.CUTTACK,KAUGUDA,KAUGUDA,2
Rayagada,B.CUTTACK,KONABAI,BODOMERIDI,4
Rayagada,B.CUTTACK,KONABAI,KONABAI (TOTAGUDA),5
Rayagada,B.CUTTACK,KONABAI,LIBHIRIKONA,19
Rayagada,B.CUTTACK,KUNABANDILI,KUNABANDILI,6
Rayagada,B.CUTTACK,KURLI,ARISAKANI,10
Rayagada,B.CUTTACK,KURLI,BANDILI,43
Rayagada,B.CUTTACK,KURLI,BHATIGUMA,11
Rayagada,B.CUTTACK,KURLI,HINGABADI,24
Rayagada,B.CUTTACK,KURLI,HUNDAJALI,34
Rayagada,B.CUTTACK,KURLI,HUTESHI,23
Rayagada,B.CUTTACK,KURLI,JANGAJODI,5
Rayagada,B.CUTTACK,KURLI,JANGJODI,31
Rayagada,B.CUTTACK,KURLI,KADRAGUMA,32
Rayagada,B.CUTTACK,KURLI,KHAJURI,116
Rayagada,B.CUTTACK,KURLI,KHAMBESI,128
Rayagada,B.CUTTACK,KURLI,KUDBELIPADAR,7
Rayagada,B.CUTTACK,KURLI,KURLI,37
Rayagada,B.CUTTACK,KURLI,LAHUNIKHUNTE,8
Rayagada,B.CUTTACK,KURLI,MUNDABALLI,35
Rayagada,B.CUTTACK,KURLI,PATALAMBA,20
Rayagada,B.CUTTACK,KURLI,RADANGA,26
Rayagada,B.CUTTACK,KURLI,RADANGI,16
Rayagada,B.CUTTACK,KURLI,SAGADI,14
Rayagada,B.CUTTACK,KUTRAGADA,LAHARAGUDI,3
Rayagada,B.CUTTACK,KUTRAGADA,TADINGIPAI,2
Rayagada,B.CUTTACK,KUTRAGODA,KUSUMAGUDA,3
Rayagada,B.CUTTACK,KUTRAGODA,LAHARGUDI,4
Rayagada,B.CUTTACK,KUTRAGODA,MATRAGUDI,8
Rayagada,B.CUTTACK,PAIKADAKULAGUDA,BANDHUGUDA,3
Rayagada,B.CUTTACK,PAIKADAKULAGUDA,BUDAHADA,16
Rayagada,B.CUTTACK,PAIKADAKULAGUDA,SIKABANDHA,17
Rayagada,B.CUTTACK,PAIKADAKULGUDA,KANDHA DAKULGUDA,15
Rayagada,B.CUTTACK,PAIKODAKULGUDA,SINDHIPANGA,5
Rayagada,B.CUTTACK,PAIKORANIPINDA,DAKODAMIRI,2
Rayagada,B.CUTTACK,RASIKOLA,TALAGHUSURI,16
Rayagada,B.CUTTACK,RASKOLA,TAGAPADAR,14
Rayagada,B.CUTTACK,SAGADA,SINDHABA,43
Rayagada,B.CUTTACK,SAHADA,BUDAGUDA,6
Rayagada,B.CUTTACK,SAHADA,GAGAN MATI,8
Rayagada,B.CUTTACK,SARADHAPUR,GUNDRIPADAR,7
Rayagada,B.CUTTACK,SERKAPADI,SERKAPADI,21
Rayagada,B.CUTTACK,SHARADHAPURI,DAMBAGUDA,9
Rayagada,B.CUTTACK,SRAMBI,SRAMBI,36
Rayagada,B.CUTTACK,TAMILI,TAMILI,20
Rayagada,B.CUTTACK,TELENGAPADAR,ANKULAPADAR,6
Rayagada,B.CUTTACK,TELENGAPADAR,ANKULIPADAR,4
Rayagada,B.CUTTACK,THUAPADI,BODOLIMA,28
Rayagada,B.CUTTACK,THUAPADI,THUAPADI,8
Rayagada,B.CUTTACK,TURIGUDA,GAYALGUDA,15
Rayagada,B.CUTTACK,TURIGUDA,RAMANA,21
Rayagada,BISSAM CUTTACK,BATAPUR,BADABRUDABADI,4
Rayagada,BISSAM CUTTACK,BHATAPUR,GOUDAGUDA,15
Rayagada,BISSAM CUTTACK,BISSAM CUTTACK,BORIKHAL,27
Rayagada,BISSAM CUTTACK,BISSAM CUTTACK,PANASAGUDA,10
Rayagada,BISSAM CUTTACK,DUKUMO,KACHAPAJU,16
Rayagada,BISSAM CUTTACK,HATA BHATAPUR,PUTRUGUDA,13
Rayagada,BISSAM CUTTACK,HATA MUNIGUDA,DABUTIKAPADU,23
Rayagada,BISSAM CUTTACK,HATA MUNIGUDA,PUSUGUDA,12
Rayagada,BISSAM CUTTACK,JHIDIGI,NIRUGUNDI,8
Rayagada,BISSAM CUTTACK,JHINGIDI,LELINGPADAR,3
Rayagada,BISSAM CUTTACK,KANKUBADI,MANDAPAI,17
Rayagada,BISSAM CUTTACK,THUAPADI,PURUNAPANI,2
Rayagada,BISSAMCUTACK,CHATIKONA,JHIMIRIGUDA,3
Rayagada,BISSAMCUTACK,DUKUM,NARIGAPANGA,3
Rayagada,BISSAMCUTTACK,BETHIAPADA,KODAVATA,12
Rayagada,BISSAMCUTTACK,CHANCHADAGUDA,GARADI,41
Rayagada,BISSAMCUTTACK,DUKUM,DETIPADA,2
Rayagada,BISSAMCUTTACK,KANKUBADI,BANDEIGUDA,17
Rayagada,BISSAMCUTTACK,KANKUBADI,DEGALBUDUNI,14
Rayagada,BISSAMCUTTACK,KANKUBADI,JAMBUGUDA,25
Rayagada,BISSAMCUTTACK,KUMBHARADHAMANI/KANKUB ADI,MANDAPAI,14
Rayagada,BISSAMCUTTACK,RASIKOLA,HARAGULI,1
Rayagada,CHANDRAPUR,ASADA,BADIGUDI,1
Rayagada,CHANDRAPUR,BIJAPUR,BIJAPUR,16
Rayagada,CHANDRAPUR,BIJAPUR,DHUSAPANG,12
Rayagada,CHANDRAPUR,BIJAPUR,GANDAGUDI,79
Rayagada,CHANDRAPUR,BIJAPUR,KAMIPADAR,25
Rayagada,CHANDRAPUR,BIJAPUR,KOMAPADAR,25
Rayagada,CHANDRAPUR,BIJAPUR,LUNDUGUDA,40
Rayagada,CHANDRAPUR,BIJAPUR,MARICHAGUDA,29
Rayagada,CHANDRAPUR,BIJAPUR,MURAGUDI,62
Rayagada,CHANDRAPUR,BIJAPUR,NUAGANA,44
Rayagada,CHANDRAPUR,BIJAPUR,SIKARAGUDI,68
Rayagada,CHANDRAPUR,BIJAPUR,SURESHI,22
Rayagada,CHANDRAPUR,BUDUBALI,AMBALIMA,30
Rayagada,CHANDRAPUR,BUDUBALI,BADAGALIGUDA,64
Rayagada,CHANDRAPUR,BUDUBALI,BADIMUNDA,16
Rayagada,CHANDRAPUR,BUDUBALI,BUDIGHATI,12
Rayagada,CHANDRAPUR,BUDUBALI,JARAPA,76
Rayagada,CHANDRAPUR,BUDUBALI,JARIGUMA,23
Rayagada,CHANDRAPUR,BUDUBALI,JOGIBANDHA,19
Rayagada,CHANDRAPUR,BUDUBALI,KHAMBARIGUDA,37
Rayagada,CHANDRAPUR,BUDUBALI,KURUMGUDA,11
Rayagada,CHANDRAPUR,BUDUBALI,KURUMUGUDA,21
Rayagada,CHANDRAPUR,BUDUBALI,MUNDAMA,12
Rayagada,CHANDRAPUR,BUDUBALI,NEHURIPANGA,37
Rayagada,CHANDRAPUR,BUDUBALI,PADI,14
Rayagada,CHANDRAPUR,BUDUBALI,PENAKADU,39
Rayagada,CHANDRAPUR,BUDUBALI,SANAGALIGUDA,19
Rayagada,CHANDRAPUR,BUDUBALI,SORUPADU,10
Rayagada,CHANDRAPUR,CHANDRAPUR,ADAMA,12
Rayagada,CHANDRAPUR,CHANDRAPUR,AJIPONGA,45
Rayagada,CHANDRAPUR,CHANDRAPUR,BANDHIRI,156
Rayagada,CHANDRAPUR,CHANDRAPUR,BANDIRI,24
Rayagada,CHANDRAPUR,CHANDRAPUR,BHOGOBADI,25
Rayagada,CHANDRAPUR,CHANDRAPUR,BIDIBADERI,31
Rayagada,CHANDRAPUR,CHANDRAPUR,BONDAGUDI,23
Rayagada,CHANDRAPUR,CHANDRAPUR,CHANDRAPUR,52
Rayagada,CHANDRAPUR,CHANDRAPUR,DARAGAD (BANDARI),10
Rayagada,CHANDRAPUR,CHANDRAPUR,GALUMGUDA,16
Rayagada,CHANDRAPUR,CHANDRAPUR,GANDESI,22
Rayagada,CHANDRAPUR,CHANDRAPUR,GERANGAGUDA,72
Rayagada,CHANDRAPUR,CHANDRAPUR,GILANGKUPUDA,7
Rayagada,CHANDRAPUR,CHANDRAPUR,GIRIJAPANGA,32
Rayagada,CHANDRAPUR,CHANDRAPUR,KANGADIMA,5
Rayagada,CHANDRAPUR,CHANDRAPUR,KHARIGUDA,32
Rayagada,CHANDRAPUR,CHANDRAPUR,KURTIGADU,37
Rayagada,CHANDRAPUR,CHANDRAPUR,KUTAMA,21
Rayagada,CHANDRAPUR,CHANDRAPUR,MERIAPATA,21
Rayagada,CHANDRAPUR,CHANDRAPUR,MUCHULIGUDI,25
Rayagada,CHANDRAPUR,CHANDRAPUR,PATTALI,71
Rayagada,CHANDRAPUR,CHANDRAPUR,PESHOTOTA,9
Rayagada,CHANDRAPUR,CHANDRAPUR,PUDAGUDA,17
Rayagada,CHANDRAPUR,CHANDRAPUR,RANAGUDA,1
Rayagada,CHANDRAPUR,CHANDRAPUR,RAPTABALI,31
Rayagada,CHANDRAPUR,CHANDRAPUR,SADARBALI,9
Rayagada,CHANDRAPUR,CHANDRAPUR,SARIKIMA,23
Rayagada,CHANDRAPUR,CHANDRAPUR,TANGADAPANGA,13
Rayagada,CHANDRAPUR,DANGASARADA,KUTUDUKUPPA,35
Rayagada,CHANDRAPUR,DANGASORADA,BALAKABAJU,53
Rayagada,CHANDRAPUR,DANGASORADA,BANDILI,6
Rayagada,CHANDRAPUR,DANGASORADA,DABERI,59
Rayagada,CHANDRAPUR,DANGASORADA,DIALGUDI,16
Rayagada,CHANDRAPUR,DANGASORADA,GAIGUDA,22
Rayagada,CHANDRAPUR,DANGASORADA,GUMUKUDI,24
Rayagada,CHANDRAPUR,DANGASORADA,KERENJA,34
Rayagada,CHANDRAPUR,DANGASORADA,KHARIGUDA,5
Rayagada,CHANDRAPUR,DANGASORADA,KODIGUDA(GARDENBHATA),35
Rayagada,CHANDRAPUR,DANGASORADA,KURMAJHODI,12
Rayagada,CHANDRAPUR,DANGASORADA,KUTUDUKUPA,40
Rayagada,CHANDRAPUR,DANGASORADA,NUNDURUGUDA,11
Rayagada,CHANDRAPUR,DANGASORADA,RANAGUDA,66
Rayagada,CHANDRAPUR,DANGASORADA,RAYALAGUDA,22
Rayagada,CHANDRAPUR,DANGASORADA,UABALI,8
Rayagada,CHANDRAPUR,DANGASORODA,GANGARAPADA,32
Rayagada,CHANDRAPUR,DANGASORODA,KILUNDI,13
Rayagada,CHANDRAPUR,DANGASORODA,KUTINGAGUDA,35
Rayagada,CHANDRAPUR,DANGOSARODA,BORIKHAL,20
Rayagada,CHANDRAPUR,DANGOSARODA,GARJANAGUDI,47
Rayagada,CHANDRAPUR,DANGOSARODA,JUBA,14
Rayagada,CHANDRAPUR,DANGOSARODA,JUGAPADAR,64
Rayagada,CHANDRAPUR,DANGOSARODA,SURUNGAGUDI,22
Rayagada,CHANDRAPUR,DANGOSORADA,BHALUGUDA,4
Rayagada,CHANDRAPUR,DANGOSORADA,JODINGI,31
Rayagada,CHANDRAPUR,DANGOSORADA,KERENJA,18
Rayagada,CHANDRAPUR,DANGOSORADA,KINJERIMALA,6
Rayagada,CHANDRAPUR,DANGOSORADA,MUCHIGUDA,17
Rayagada,CHANDRAPUR,DANGOSORADA,PAJIGARENGA,23
Rayagada,CHANDRAPUR,DANGSORADA,BORIKHAL,45
Rayagada,CHANDRAPUR,DANGSORADA,GOIGUDA,34
Rayagada,CHANDRAPUR,GULUMUNDA,HURIGUDA,6
Rayagada,CHANDRAPUR,GULUNTHI,MOHIPANGA,1
Rayagada,CHANDRAPUR,HAMUMANTAPUR,GAYAPANGA,9
Rayagada,CHANDRAPUR,HANUMANTAPUR,BANGESI,14
Rayagada,CHANDRAPUR,HANUMANTAPUR,DABIRBANDHA,12
Rayagada,CHANDRAPUR,HANUMANTAPUR,JAMBAKHAL,51
Rayagada,CHANDRAPUR,HANUMANTAPUR,JAMBUGUDA,21
Rayagada,CHANDRAPUR,HANUMANTAPUR,LAXMIPUR,6
Rayagada,CHANDRAPUR,HANUMANTAPUR,MANGALALIMA,8
Rayagada,CHANDRAPUR,HANUMANTAPUR,MARAGUDI,9
Rayagada,CHANDRAPUR,HANUMANTAPUR,PANJAMA,16
Rayagada,CHANDRAPUR,HANUMANTAPUR,PANKALAGUDI,16
Rayagada,CHANDRAPUR,HANUMANTHPUR,BADALIKOTA,22
Rayagada,CHANDRAPUR,HANUMANTHPUR,RAIBIJI,17
Rayagada,CHANDRAPUR,HANUMANTPUR,LAXMIPUR,16
Rayagada,CHANDRAPUR,HANUMANTPUR,PALAKAPADAR,11
Rayagada,CHANDRAPUR,HANUMATHAPUR,MUDIGUDA,68
Rayagada,CHANDRAPUR,HANUMATHAPUR,SITAGUDI,28
Rayagada,CHANDRAPUR,HUNUMANTAPUR,KALINGAPANGA,15
Rayagada,CHANDRAPUR,HUNUMANTAPUR,KENDEDI,15
Rayagada,CHANDRAPUR,PISKAPANGA,ALIGANDA,40
Rayagada,CHANDRAPUR,PISKAPANGA,BALYAPADAR,17
Rayagada,CHANDRAPUR,PISKAPANGA,JARAPA,41
Rayagada,CHANDRAPUR,PISKAPANGA,TANGADAPA,27
Rayagada,CHANDRAPUR,TURIGUDA,KARLAKONA,16
Rayagada,CHANDRAPUR,TURIGUDA,MADU,3
Rayagada,CHANDRAPUR,TURIGUDA,MAHAPADAR,2
Rayagada,CHANDRAPUR,TURIGUDA,PANCHUBADI,3
Rayagada,CHANDRAPUR,TURIGUDA,TELAPADA,14
Rayagada,CHANDRAPUR,TURIGUDA,UPARPANCHUBADI,13
Rayagada,GUDARI,ASADA,BADIGUDI,7
Rayagada,GUDARI,ASADA,BAMUNIDANGARA,30
Rayagada,GUDARI,ASADA,BAMUNIDANGER,25
Rayagada,GUDARI,ASADA,DIMIRIGUDA,63
Rayagada,GUDARI,ASADA,DUMBAGUDA,27
Rayagada,GUDARI,ASADA,JAMBAGUDA,18
Rayagada,GUDARI,ASADA,JAMBOGUDA,14
Rayagada,GUDARI,ASADA,KUJARIGAM,11
Rayagada,GUDARI,ASADA,KUJARIGAON,2
Rayagada,GUDARI,ASADA,MULIPUT,28
Rayagada,GUDARI,ASODA,BAMUNIDANGARA,17
Rayagada,GUDARI,BIJAPUR,MALANGABAJU,40
Rayagada,GUDARI,BORIPADAR,BORIPADAR,22
Rayagada,GUDARI,CHANDRAPUR,BURLENDI,48
Rayagada,GUDARI,HANUMANTHPUR,UAPUCHI,31
Rayagada,GUDARI,KADAMA,ANUGURUTHI,12
Rayagada,GUDARI,KADAMA,DENDUGUDA,18
Rayagada,GUDARI,KADAMA,KANDHACHAKUNDA,64
Rayagada,GUDARI,KADAMA,LADIGUDA,54
Rayagada,GUDARI,KADAMA,PARIKUPUDA,47
Rayagada,GUDARI,KADAMA,SIRIPALI,55
Rayagada,GUDARI,KARLAGHATI,LUHAKAMBA,26
Rayagada,GUDARI,KARLAGHATI,SAMBARALENDI,47
Rayagada,GUDARI,KHARADANGAR,KHARADANGAR,12
Rayagada,GUDARI,KHARIGUDA,DELIBONDHO,48
Rayagada,GUDARI,KHARIGUDA,KHARIGUDA,40
Rayagada,GUDARI,KHARIGUDA,KUTINGOPADAR,10
Rayagada,GUDARI,KHARIGUDA,SANOGORO,24
Rayagada,GUDARI,KHARIGUDA,URLAKANA,51
Rayagada,GUDARI,KHIRAGUDA,MAKAGUDA,51
Rayagada,GUDARI,KODAMA,MADHUKUPUDA,47
Rayagada,GUDARI,KODAMA,NILAGUDA,46
Rayagada,GUDARI,KODAMA,SANAKHARIKUTI,20
Rayagada,GUDARI,M.K. RAI,KUTRADHAR,28
Rayagada,GUDARI,M.K.RAI,BURLENDI (SUNDHIBILO),21
Rayagada,GUDARI,M.K.RAI,M.K.RAI,19
Rayagada,GUDARI,MADHUBAN,ANDHARLIMA,15
Rayagada,GUDARI,MADHUBAN,BADARAUTOGUDA,29
Rayagada,GUDARI,MADHUBAN,BALIGUDA,50
Rayagada,GUDARI,MADHUBAN,BODO RAUTOGUDA,31
Rayagada,GUDARI,MADHUBAN,KANDHRAGUDA,37
Rayagada,GUDARI,MADHUBAN,PANIDANGAR,19
Rayagada,GUDARI,MADHUBAN,PITAMAHAL,28
Rayagada,GUDARI,MADHUBANA,BADARAUTOGUDA,1
Rayagada,GUDARI,MADHUBANA,BALIGUDA,29
Rayagada,GUDARI,MADHUBANA,JIMARAO,18
Rayagada,GUDARI,MADHUBANA,MADHUBANA,19
Rayagada,GUDARI,MADHUBANA,SIBALINGAPUR,31
Rayagada,GUDARI,MADHUBANA,TALATAMPARA,26
Rayagada,GUDARI,MULIPUT,MULIPUT,16
Rayagada,GUDARI,PENDILI,ARJUNGUDA,11
Rayagada,GUDARI,PENDILI,BADAGUDA,29
Rayagada,GUDARI,PENDILI,GOBADAPODAR,31
Rayagada,GUDARI,PENDILI,HANDAPEA,25
Rayagada,GUDARI,PENDILI,PANCHUPANDABA,22
Rayagada,GUDARI,PENDILI,RANGAMATI,77
Rayagada,GUDARI,PENDILI,TEMBAGUDA,27
Rayagada,GUDARI,RAMCHANDRAPUR,RAMCHANDRAPUR,18
Rayagada,GUDARI,S.PENDILI,MUCHULI PANGA,17
Rayagada,GUDARI,S.PENDILI,MUCHULIPANGA,27
Rayagada,GUDARI,SAHAHUMA,BIRISA,6
Rayagada,GUDARI,SANAHUMA,BARJIGUDA,26
Rayagada,GUDARI,SANAHUMA,BENTGUDA,27
Rayagada,GUDARI,SANAHUMA,HARISH CHANDRAGUDA,19
Rayagada,GUDARI,SANAHUMA,KIRIDI,9
Rayagada,GUDARI,SANAHUMMA,PANGANAPADAR,3
Rayagada,GUDARI,SANOHUMA,KINIDI,51
Rayagada,GUDARI,SANOHUMA,NEHURUPODA,10
Rayagada,GUDARI,SIRIGUDA,ARJUNAGUDA,10
Rayagada,GUDARI,SIRIGUDA,BADAPONKALO,57
Rayagada,GUDARI,SIRIGUDA,BALIPANGA,23
Rayagada,GUDARI,SIRIGUDA,BHURUKUDU,38
Rayagada,GUDARI,SIRIGUDA,DHOBABILA,7
Rayagada,GUDARI,SIRIGUDA,GARHIBANDHA,7
Rayagada,GUDARI,SIRIGUDA,GUMMI,65
Rayagada,GUDARI,SIRIGUDA,LUHAGUMI,5
Rayagada,GUDARI,SIRIGUDA,MUSAPADAR,19
Rayagada,GUDARI,SIRIGUDA,RENGAM,73
Rayagada,GUDARI,SIRIGUDA,SIRIGUDA,29
Rayagada,GUDARI,TALAMANIPADAR,TALAMANIPADAR,14
Rayagada,GUNDARI,SIRIGUDA,BALLIPANGA,44
Rayagada,GUNUPLUR,REGEDA,CHINARIGUDA,32
Rayagada,GUNUPUR,ABADA,ABADDA,59
Rayagada,GUNUPUR,AGULA,MERIAPANGA,73
Rayagada,GUNUPUR,ARAGADA,ARAGADA,13
Rayagada,GUNUPUR,ASADA,BADIGUDA (RAJUBALI),19
Rayagada,GUNUPUR,ASADA,RAMULUGUDA,15
Rayagada,GUNUPUR,ASADA,SILIMI,5
Rayagada,GUNUPUR,BADASANGIDI,GOTIAPADAR,17
Rayagada,GUNUPUR,BADIGAN,BADIGAN,20
Rayagada,GUNUPUR,BADIGUDI,BADIGUDI,8
Rayagada,GUNUPUR,BAGASALA,SRIRAMPUR,4
Rayagada,GUNUPUR,BAIRAMA,BAIRAMA,6
Rayagada,GUNUPUR,BHAMINI,GOPALPUR,10
Rayagada,GUNUPUR,BHEEMPUR,TINIAMBA,18
Rayagada,GUNUPUR,BHIMAPUR,NUAGAON,11
Rayagada,GUNUPUR,BHIMPAUR,SERIGUMA,61
Rayagada,GUNUPUR,BHIMPUR,BHIMPUR,28
Rayagada,GUNUPUR,BHIMPUR,DINABANDHUPUR,38
Rayagada,GUNUPUR,BHIMPUR,MALAPADAR,12
Rayagada,GUNUPUR,BHIMPUR,SANKERI,11
Rayagada,GUNUPUR,BHIMPUR,SIMMA,17
Rayagada,GUNUPUR,BHIMPUR,TINIAMBA,27
Rayagada,GUNUPUR,BIJAPUR,PANKALGUDA,48
Rayagada,GUNUPUR,BUDAMANDI,BUDAMANDI,2
Rayagada,GUNUPUR,BUDUBALI,BARIGUDA,35
Rayagada,GUNUPUR,BUDUBALI,CHOTARIGAM,27
Rayagada,GUNUPUR,BUDUBALI,GADABALI,20
Rayagada,GUNUPUR,BUDUBALI,GEDAPADAR,20
Rayagada,GUNUPUR,BUDUBALI,PATNAGUDI,23
Rayagada,GUNUPUR,CHALAKAMBA,NUAGUON,11
Rayagada,GUNUPUR,CHALKAMABA,LIMAMEDA,6
Rayagada,GUNUPUR,CHANDILIGUDA,CHANDILIGUDA,15
Rayagada,GUNUPUR,CHANDRAPUR,AJIPANGA,5
Rayagada,GUNUPUR,CHANDRAPUR,BANDIRI,66
Rayagada,GUNUPUR,CHANDRAPUR,BELAMGUDA,27
Rayagada,GUNUPUR,CHANDRAPUR,BURLENDI,1
Rayagada,GUNUPUR,CHANDRAPUR,CHOTARIGAM,24
Rayagada,GUNUPUR,CHANDRAPUR,KIRAMA,28
Rayagada,GUNUPUR,CHANDRAPUR,KRUPAGUDA,10
Rayagada,GUNUPUR,CHANDRAPUR,LATIGUDA,10
Rayagada,GUNUPUR,CHANDRAPUR,MAKANGUDI,71
Rayagada,GUNUPUR,CHANDRAPUR,MERIPATA (GALUGUDA),10
Rayagada,GUNUPUR,CHANDRAPUR,MUNARIGAM,46
Rayagada,GUNUPUR,CHANDRAPUR,RAPTABALI,40
Rayagada,GUNUPUR,CHANDRAPUR,SARIKAMA,30
Rayagada,GUNUPUR,CHINASARI,GADIABANG,62
Rayagada,GUNUPUR,CHINASARI,KHILAMUNDA,12
Rayagada,GUNUPUR,DAMBASORA,LOBA,13
Rayagada,GUNUPUR,DANDASORADA,DIMIRIGUDA,21
Rayagada,GUNUPUR,DUKAM,DUKAM,4
Rayagada,GUNUPUR,GADIAKHALA,GADIAKHALA,2
Rayagada,GUNUPUR,GHANANTRI,AMBABADI,19
Rayagada,GUNUPUR,GHANANTRI,BHULUMUNDA,2
Rayagada,GUNUPUR,GHANATRI,TARAMAL,6
Rayagada,GUNUPUR,GHUMURPUT,GHUMURPUT,2
Rayagada,GUNUPUR,GOGUPADU,ADAMGUDA,35
Rayagada,GUNUPUR,GOGUPADU,SULUDI,3
Rayagada,GUNUPUR,GOLAPADAR,KUKURUGUDA,2
Rayagada,GUNUPUR,GOTHALAPADAR,BADA SANGIDI,14
Rayagada,GUNUPUR,GOTHALAPADAR,GOTALPADAR,1
Rayagada,GUNUPUR,GOTHALAPADAR,KEBITI,7
Rayagada,GUNUPUR,GOTHALAPADAR,KUKURAGUDA,65
Rayagada,GUNUPUR,GOTHALAPADAR,KUKUROGUDA (SRIRAMPUR),35
Rayagada,GUNUPUR,GOTHALAPADAR,KUKURUGUDA,9
Rayagada,GUNUPUR,GOTHALAPADAR,KUSUMUGUDA,17
Rayagada,GUNUPUR,GOTHALAPADAR,SAHASANGIDI,5
Rayagada,GUNUPUR,GOTHALAPADAR,SANAIGUDA,19
Rayagada,GUNUPUR,GOTHALAPADAR,SRIRAMPUR,43
Rayagada,GUNUPUR,GOTHALPADAR,KUKURUGUDA,10
Rayagada,GUNUPUR,GOTHOLOPADAR,KUKURUGUDA,10
Rayagada,GUNUPUR,GOTHOLOPADARA,LAMBINGI,12
Rayagada,GUNUPUR,GOTHOLPADAR,KAKITARA,30
Rayagada,GUNUPUR,GUDA,GUDA,5
Rayagada,GUNUPUR,GULLUNTHI,DHARAKHUNTI,5
Rayagada,GUNUPUR,GUNJUGUDA,GUNJUGUDA,1
Rayagada,GUNUPUR,GUNUPUR,MERINGI,5
Rayagada,GUNUPUR,HANUMANTHAPUR,RAIBIJI,13
Rayagada,GUNUPUR,JAGADALPUR,SANANARINGIPANGA,3
Rayagada,GUNUPUR,JAGANATHPUR,KOTHAGUDA,3
Rayagada,GUNUPUR,JAGANATHPUR,SINGUBAI,2
Rayagada,GUNUPUR,JAGANNASTHPUR,DEBARGUDA,3
Rayagada,GUNUPUR,JAGANNATHPUR,BADA BIRIDI,8
Rayagada,GUNUPUR,JAGANNATHPUR,BADABARIDI,17
Rayagada,GUNUPUR,JAGANNATHPUR,BAINAPADAR,27
Rayagada,GUNUPUR,JAGANNATHPUR,BARIDI,10
Rayagada,GUNUPUR,JAGANNATHPUR,BASANAGUDA,1
Rayagada,GUNUPUR,JAGANNATHPUR,DEBARAGUDA,23
Rayagada,GUNUPUR,JAGANNATHPUR,DERAGUDA,1
Rayagada,GUNUPUR,JAGANNATHPUR,HATIBADI,13
Rayagada,GUNUPUR,JAGANNATHPUR,JAGANNATHPUR,8
Rayagada,GUNUPUR,JAGANNATHPUR,JAMUGUDA,4
Rayagada,GUNUPUR,JAGANNATHPUR,KATAGUDA,16
Rayagada,GUNUPUR,JAGANNATHPUR,MALATIPUR,23
Rayagada,GUNUPUR,JAGANNATHPUR,RAIGUDA,15
Rayagada,GUNUPUR,JAGANNATHPUR,SANABARIDI,10
Rayagada,GUNUPUR,JAGANNATHPUR,SITAPUR,28
Rayagada,GUNUPUR,JAGANNATHPUR,TAMILIGUDA,26
Rayagada,GUNUPUR,JAGANNATHPUR,TUMIKIMANAGUDA/BAINAPADAR,22
Rayagada,GUNUPUR,JALTAR,BASENG GARJANG,4
Rayagada,GUNUPUR,JALTAR,BASINARJANG,1
Rayagada,GUNUPUR,JALTAR,BASINGARJANG,17
Rayagada,GUNUPUR,JALTAR,GARMUL,9
Rayagada,GUNUPUR,JALTAR,GARMULU,6
Rayagada,GUNUPUR,JALTAR,JALTAR,7
Rayagada,GUNUPUR,JALTAR,JAMBAGUDA,9
Rayagada,GUNUPUR,JALTAR,LUNGRUTAL,6
Rayagada,GUNUPUR,JALTAR,NUAGAON,10
Rayagada,GUNUPUR,JALTAR,PANASA,20
Rayagada,GUNUPUR,JALTAR,PANSA,1
Rayagada,GUNUPUR,JALTAR,TALASING,2
Rayagada,GUNUPUR,JAMUGUDA,JAMUGUDA,54
Rayagada,GUNUPUR,JHIGIDI,MUNDA,5
Rayagada,GUNUPUR,KANDHA RELLA,KANDHA RELLA,4
Rayagada,GUNUPUR,KHARIGUDA,BADAKHARIKUTI,19
Rayagada,GUNUPUR,KHARIGUDA,BAGHAMARI,23
Rayagada,GUNUPUR,KHARIGUDA,TALAKHARIGUDA,21
Rayagada,GUNUPUR,KHARIGUDA,TALAKHETAGUDA,7
Rayagada,GUNUPUR,KHARIGUDA,UPARKHETAGUDA,37
Rayagada,GUNUPUR,KUJARIGAM,KUJARIGAM,21
Rayagada,GUNUPUR,KULUSING,TADA,24
Rayagada,GUNUPUR,KURUDI,KURUDI,11
Rayagada,GUNUPUR,KUTINGPADAR,KUTINGPADAR,3
Rayagada,GUNUPUR,LIKITIPADAR,KINDRAGUDA,5
Rayagada,GUNUPUR,MADHUBANA,SIBOLINGOPUR,35
Rayagada,GUNUPUR,MARAMA,BATAGUMARIGUDA,8
Rayagada,GUNUPUR,MARAMA,ETIMANAGUDA,16
Rayagada,GUNUPUR,MARAMA,GUMUKODI,14
Rayagada,GUNUPUR,MARAMA,MARAMA,22
Rayagada,GUNUPUR,MARAMA,MULUMANGUDA,28
Rayagada,GUNUPUR,MARAMA,PARIDI,29
Rayagada,GUNUPUR,MARAMA,SAPARAGUDA,13
Rayagada,GUNUPUR,MARAMA,TEMBAGUDA,8
Rayagada,GUNUPUR,MARAMA,UPAR GUMURIGUDA,2
Rayagada,GUNUPUR,MARMA,GUMURUGUDA,10
Rayagada,GUNUPUR,MORAMA,GOMUGUDA,20
Rayagada,GUNUPUR,MORAMA,GUMURUGUDA,6
Rayagada,GUNUPUR,MORAMA,KATAGUDA,21
Rayagada,GUNUPUR,MORMA,KOSAGUMARIGUDA,26
Rayagada,GUNUPUR,MOROMA,MOROMA,31
Rayagada,GUNUPUR,MOROMA,NERADIMANGUDA,16
Rayagada,GUNUPUR,NILAMGUDA,NALAPANDA,7
Rayagada,GUNUPUR,NILAMGUDA,OMADINGI,10
Rayagada,GUNUPUR,NILAMGUDA,OMODINGI,6
Rayagada,GUNUPUR,NUAGUDA,NANDRA,11
Rayagada,GUNUPUR,PALLADA,PALLADA,9
Rayagada,GUNUPUR,PARIKHITI,PURUTIGUDA,4
Rayagada,GUNUPUR,PUTTASING,BOREI,4
Rayagada,GUNUPUR,RASIKHALA,TADA,17
Rayagada,GUNUPUR,REGADA,BOOTHINGGUDA,5
Rayagada,GUNUPUR,REGADA,NAUDA,2
Rayagada,GUNUPUR,REGADA,REGADA,5
Rayagada,GUNUPUR,REGEDA,BANDHUGUDA,7
Rayagada,GUNUPUR,REGEDA,CHINARIGUDA,42
Rayagada,GUNUPUR,REGEDA,KARNAGUDA,4
Rayagada,GUNUPUR,REGEDA,KURUGUDA,18
Rayagada,GUNUPUR,REGEDA,LABAGUDA,15
Rayagada,GUNUPUR,REGEDA,NARASINGMUNDA,3
Rayagada,GUNUPUR,REGEDA,NAUDA,86
Rayagada,GUNUPUR,REGEDA,REGADA,7
Rayagada,GUNUPUR,REGEDA,SUBUDHIGUDA,11
Rayagada,GUNUPUR,SABARADA,SABARADA,9
Rayagada,GUNUPUR,SAGADA,ABADA,96
Rayagada,GUNUPUR,SAGADA,ABATI,16
Rayagada,GUNUPUR,SAGADA,ANJARSING,30
Rayagada,GUNUPUR,SAGADA,GUDADA,38
Rayagada,GUNUPUR,SAGADA,KERABA,55
Rayagada,GUNUPUR,SAGADA,KEREBA,30
Rayagada,GUNUPUR,SAGADA,KULUSING,68
Rayagada,GUNUPUR,SAGADA,KURUDI,45
Rayagada,GUNUPUR,SAGADA,MARAKUI,15
Rayagada,GUNUPUR,SAGADA,RAELPADAR,40
Rayagada,GUNUPUR,SAGADA,RAILPADAR,40
Rayagada,GUNUPUR,SAGADA,REGEDESING,27
Rayagada,GUNUPUR,SAGADA,SAGADA,143
Rayagada,GUNUPUR,SAGADA,SUNDHABA,11
Rayagada,GUNUPUR,SAGADA,TARABIL,14
Rayagada,GUNUPUR,SAGADA,TARBEL,134
Rayagada,GUNUPUR,SAGADA,TERBEL,23
Rayagada,GUNUPUR,SIRIGUDA,MUSKI,65
Rayagada,GUNUPUR,SIRIGUDA,RAM NAGAR,1
Rayagada,GUNUPUR,SIRIGUDA,RAMNAGAR,6
Rayagada,GUNUPUR,SIRIGUDA,SIDHAGUDA,49
Rayagada,GUNUPUR,SIRIGUDA,SIRIGUDA,55
Rayagada,GUNUPUR,SIRIJHOLI,BADA AMBAGUDA,23
Rayagada,GUNUPUR,SIRIJHOLLI,ALAMGUDA,27
Rayagada,GUNUPUR,SIRIJHOLLI,PAGADABILLI,15
Rayagada,GUNUPUR,SUNDHIDHAMUNI,GADIAKHALA,1
Rayagada,GUNUPUR,SUNDHIDHAMUNI,TANDIKONA,3
Rayagada,GUNUPUR,TALANA,BANDAGUDA,30
Rayagada,GUNUPUR,TALANA,SINGJANGRING,40
Rayagada,GUNUPUR,TIDINGPADAR,TIDINGPADAR,38
Rayagada,GUNUPUR,TITIMIRI,ANGARBA,9
Rayagada,GUNUPUR,TITIMIRI,ANKROLI,43
Rayagada,GUNUPUR,TITIMIRI,BANDHUGUDA,72
Rayagada,GUNUPUR,TITIMIRI,ENGARABA,7
Rayagada,GUNUPUR,TITIMIRI,ENGARBA,54
Rayagada,GUNUPUR,TITIMIRI,LAXMIPUR,11
Rayagada,GUNUPUR,TITIMIRI,LAXMIPURE,16
Rayagada,GUNUPUR,TITIMIRI,PATRAPUR/LAXMIPUR,22
Rayagada,GUNUPUR,TITIMIRI,TAJUL,7
Rayagada,GUNUPUR,TITIMIRI,TITIMIRI,77
Rayagada,GUNUPUR,UKKAMBA,RAIGUDA,15
Rayagada,K.SINGPUR,BUDAGUDA,CHAMARJODI,27
Rayagada,K.SINGPUR,BUDAGUDA,KADALICHUAN,39
Rayagada,K.SINGPUR,BUDAGUDA,KIRIKALPADU,15
Rayagada,K.SINGPUR,BUDAGUDA,KONDAKORA,25
Rayagada,K.SINGPUR,BUDAGUDA,PODACHUAN,25
Rayagada,K.SINGPUR,DHAMUNIPANGA,GUGURMUNDI,3
Rayagada,K.SINGPUR,DHAMUNIPANGA,KULUMUNHI,20
Rayagada,K.SINGPUR,DHAMUNIPANGA,SURUMALI,10
Rayagada,K.SINGPUR,DHAMUNIPONGA,KALIAGUDA,3
Rayagada,K.SINGPUR,DHAMUNIPONGA,KATIKINALA,22
Rayagada,K.SINGPUR,DHAMUNIPONGA,NARINGITOLA,6
Rayagada,K.SINGPUR,DHAMUNIPONGA,RABUGUDA,21
Rayagada,K.SINGPUR,DUMURIPADAR,DUMURIPADAR,7
Rayagada,K.SINGPUR,K.SINGPUR,GIRIAGUDA,12
Rayagada,K.SINGPUR,K.SINGPUR,INTALIGUDA,6
Rayagada,K.SINGPUR,K.SINGPUR,JAMPADAR,22
Rayagada,K.SINGPUR,K.SINGPUR,KUSABETI,17
Rayagada,K.SINGPUR,K.SINGPUR,PATTABANDHA,7
Rayagada,K.SINGPUR,K.SINGPUR,RAMBU,1
Rayagada,K.SINGPUR,K.SINGPUR,SAJADASAPATI,6
Rayagada,K.SINGPUR,K.SINGPUR,TARALABADI,26
Rayagada,K.SINGPUR,K.SINGPUR,TEN TIKIRI,5
Rayagada,K.SINGPUR,K.SINGPUR,TOTA BHALLERI,17
Rayagada,K.SINGPUR,K.SINGPUR,UPPER ANCHALBADI,23
Rayagada,K.SINGPUR,KARAPA,DIMIRIBADI,14
Rayagada,K.SINGPUR,KARAPA,KRUSHNAPATRAGUDA,6
Rayagada,K.SINGPUR,KARAPA,PADULGUDA,10
Rayagada,K.SINGPUR,KARPA,MURKAKANA,26
Rayagada,K.SINGPUR,MAJHIGUDA,HOMEOGUDA,34
Rayagada,K.SINGPUR,MAJHIGUDA,KOTAGUDA,24
Rayagada,K.SINGPUR,MAJHIGUDA,KOTALPADU,13
Rayagada,K.SINGPUR,MAJHIGUDA,KURADI,7
Rayagada,K.SINGPUR,MAJHIGUDA,NIMAJHOLA,2
Rayagada,K.SINGPUR,MAJHIGUDA,PAMADA,6
Rayagada,K.SINGPUR,NARAYANPUR,BADA KUANGO,10
Rayagada,K.SINGPUR,NARAYANPUR,BHATAPARASI,6
Rayagada,K.SINGPUR,NARAYANPUR,KUSUMASILA,6
Rayagada,K.SINGPUR,NARAYANPUR,SANA KUANGU,15
Rayagada,K.SINGPUR,NARAYANPUR,TALARAMBU,46
Rayagada,K.SINGPUR,NARAYANPUR,UPER RAMBU,55
Rayagada,K.SINGPUR,PALAMA,PIDUA,41
Rayagada,K.SINGPUR,PARSALI,BANGAPADI,11
Rayagada,K.SINGPUR,PARSALI,BHITARJHOLA,9
Rayagada,K.SINGPUR,PARSALI,CHATIKONA,28
Rayagada,K.SINGPUR,PARSALI,GUMMA,33
Rayagada,K.SINGPUR,PARSALI,KALTIPADAR,7
Rayagada,K.SINGPUR,PARSALI,KOLTIPADAR,7
Rayagada,K.SINGPUR,PARSALI,KURSAMUHI,14
Rayagada,K.SINGPUR,PARSALI,LAKHAPADAR,62
Rayagada,K.SINGPUR,PARSALI,MAYABALI,14
Rayagada,K.SINGPUR,PARSALI,NISHIKHAL,26
Rayagada,K.SINGPUR,PARSALI,PAKERI,44
Rayagada,K.SINGPUR,PARSALI,PANCHAKUDI,28
Rayagada,K.SINGPUR,PARSALI,PARAMALI,18
Rayagada,K.SINGPUR,PARSALI,PARSALI,12
Rayagada,K.SINGPUR,PARSALI,PATALAMBA,23
Rayagada,K.SINGPUR,PARSALI,TAMAKASILA,15
Rayagada,K.SINGPUR,PARSALI,TENTULIPADAR,13
Rayagada,K.SINGPUR,POLAMA,CHALUNIGUDA,8
Rayagada,K.SINGPUR,POLAMA,DANTILING,29
Rayagada,K.SINGPUR,POLAMA,MANDIPADAR,23
Rayagada,K.SINGPUR,POLAMA,PALLIGAM,1
Rayagada,K.SINGPUR,POLAMA,PONGILI,62
Rayagada,K.SINGPUR,POLAMA,RINJABADI,42
Rayagada,K.SINGPUR,PUJARIGUDA,BINISHPUR,17
Rayagada,K.SINGPUR,PUJARIGUDA,BINISPUR,37
Rayagada,K.SINGPUR,PUJARIGUDA,DIBALPADU,21
Rayagada,K.SINGPUR,PUJARIGUDA,DULUNIGUDA (GOPALPUR),7
Rayagada,K.SINGPUR,PUJARIGUDA,HAJARIDANGA,5
Rayagada,K.SINGPUR,PUJARIGUDA,K.PARIGUDA,12
Rayagada,K.SINGPUR,PUJARIGUDA,KANDHA PARADIGUDA,24
Rayagada,K.SINGPUR,PUJARIGUDA,LATAGUDA,27
Rayagada,K.SINGPUR,PUJARIGUDA,PUJARIGUDA,23
Rayagada,K.SINGPUR,PUJARIGUDA,RAHIGUDI,6
Rayagada,K.SINGPUR,PUJARIGUDA,RAOUTPARIGUDA,16
Rayagada,K.SINGPUR,SERIGUMA,CHARAPAI,9
Rayagada,K.SINGPUR,SERIGUMMA,BALAPAI,3
Rayagada,K.SINGPUR,SERIGUMMA,BISIPRASKA,14
Rayagada,K.SINGPUR,SERIGUMMA,DEOUGUMMA,11
Rayagada,K.SINGPUR,SERIGUMMA,KESINGI,23
Rayagada,K.SINGPUR,SERIGUMMA,KUSAPAI,5
Rayagada,K.SINGPUR,SERIGUMMA,TADIGUDA,37
Rayagada,K.SINGPUR,SIKARAPAI,BHALUMASKA,5
Rayagada,K.SINGPUR,SIKARPAI,BELKONA,23
Rayagada,K.SINGPUR,SIKARPAI,KOTALANGA,17
Rayagada,K.SINGPUR,SIKARPAI,LELIBADI,10
Rayagada,K.SINGPUR,SIKARPAI,PENDAPRASKA,34
Rayagada,K.SINGPUR,SIKARPAI,SIKARPAI,29
Rayagada,K.SINGPUR,SINGARI,BADADENGENELI,10
Rayagada,K.SINGPUR,SINGARI,BARIBHATA,15
Rayagada,K.SINGPUR,SINGARI,BARIGUDA,7
Rayagada,K.SINGPUR,SINGARI,KHAMBARIBHATA,2
Rayagada,K.SINGPUR,SINGARI,KORANJA,15
Rayagada,K.SINGPUR,SINGARI,LAMBA,25
Rayagada,K.SINGPUR,SINGARI,MELEKAJUBA,1
Rayagada,K.SINGPUR,SINGARI,PALKHAMA,4
Rayagada,K.SINGPUR,SINGARI,SANA DANGANELI,26
Rayagada,K.SINGPUR,SINGARI,TIDIMASKA,4
Rayagada,K.SINGPUR,SUNAKHANDI,BADAGHODAGHATI,14
Rayagada,K.SINGPUR,SUNAKHANDI,BADALITIPALI,38
Rayagada,K.SINGPUR,SUNAKHANDI,BADALITIPALLI,3
Rayagada,K.SINGPUR,SUNAKHANDI,BARIAPADA,31
Rayagada,K.SINGPUR,SUNAKHANDI,JAGANNATHPUR,10
Rayagada,K.SINGPUR,SUNAKHANDI,KADRAKA BANDALI,43
Rayagada,K.SINGPUR,SUNAKHANDI,KHAJURIGUDA,12
Rayagada,K.SINGPUR,SUNAKHANDI,NIRGUNDI,7
Rayagada,K.SINGPUR,SUNAKHANDI,PARTIBEDA,19
Rayagada,K.SINGPUR,SUNAKHANDI,RAILIMA,49
Rayagada,K.SINGPUR,SUNAKHANDI,SANAGHODAGHATI,37
Rayagada,K.SINGPUR,SUNAKHANDI,SANALITIPALI,11
Rayagada,K.SINGPUR,SUNAKHANDI,SUNAKHANDI,17
Rayagada,K.SINGPUR,SUNAKHANDI,TEVAPADA,20
Rayagada,K.SINGPUR,SUNAKHANDI,TIKARPADA,11
Rayagada,KASHIPUR,CHANDRAGIRI,DANDABADI,68
Rayagada,KASHIPUR,CHANDRAGIRI,JAGABASAKEBIDI,45
Rayagada,KASHIPUR,DANGASIL,RAIMACHA PURUNAPADAR,41
Rayagada,KASHIPUR,DONGASIL,TENTULIPADA,26
Rayagada,KASHIPUR,GORAKHPUR,LAMBIRI,44
Rayagada,KASHIPUR,MANDIBISI,BAHARAPADA MAJHI,58
Rayagada,KASHIPUR,MANDIBISI,BHITARACHARA,20
Rayagada,KASHIPUR,MANDIBISI,ROSTUGUDA,34
Rayagada,KASHIPUR,SANKARADA,ATAKONA,13
Rayagada,KASHIPUR,SANKARADA,BADAPUKEL,35
Rayagada,KASHIPUR,SANKARADA,BAHARKUTUMI,23
Rayagada,KASHIPUR,SANKARADA,DUMBURIJODI,28
Rayagada,KASHIPUR,SANKARADA,GHUMURPUT,23
Rayagada,KASHIPUR,SANKARADA,GOBARGHATI,17
Rayagada,KASHIPUR,SANKARADA,MINADURGA,12
Rayagada,KASHIPUR,SANKARADA,NAJA,14
Rayagada,KASHIPUR,SANKARADA,RAULI,61
Rayagada,KASHIPUR,SANKARDA,BHITARKUMUTI,29
Rayagada,KASHIPUR,SIRIPAI,BALANGIRI,5
Rayagada,KASHIPUR,TIKIRI,KALIAPADA,15
Rayagada,KASHIPUR,TIKIRI,SARGIGUDA,22
Rayagada,KASHIPUR KASHIPUR,GORAKHPUR MANDIBISI,LAMBIRI BHITARACHARA,1
Rayagada,KOLNARA,BADAKHILAPADAR,LANGALPAI,56
Rayagada,KOLNARA,BANKILI,BADA CHAMPIA,47
Rayagada,KOLNARA,BANKILI,BHAGUDI,56
Rayagada,KOLNARA,BANKILI,KANKUBADI,25
Rayagada,KOLNARA,BANKILI,LADIRI,35
Rayagada,KOLNARA,BHOIMADA,MANDIADAMBU,32
Rayagada,KOLNARA,BHOIMODA,BHOIMODA,55
Rayagada,KOLNARA,BHOIMODA,JUMBURI,19
Rayagada,KOLNARA,BHOIMODA,KALKAMASA,10
Rayagada,KOLNARA,BHOIMODA,LENDA,18
Rayagada,KOLNARA,BHOIMODA,LEPANA,36
Rayagada,KOLNARA,BHOIMODA,PALABI,4
Rayagada,KOLNARA,BHOIMODA,PEHELA,47
Rayagada,KOLNARA,BHOIMODA,TEDA,27
Rayagada,KOLNARA,BHOIMODA,WARDHA,25
Rayagada,KOLNARA,DUMURIGUDA,DUMURIGUDA,4
Rayagada,KOLNARA,DUNUDULI,PATRAPUT,18
Rayagada,KOLNARA,DUNUDULI,PITESU,20
Rayagada,KOLNARA,DUNUDULI,TANDIPUR,19
Rayagada,KOLNARA,GADISESKHAL,ANANDAPADU,34
Rayagada,KOLNARA,GADISESKHAL,REVOLKONA,32
Rayagada,KOLNARA,JHARADI,JHARADI,106
Rayagada,KOLNARA,JORADI,KANDACHAMPIA,30
Rayagada,KOLNARA,KAILASHAPUR,CHAMPAKANA,60
Rayagada,KOLNARA,KAILASHPUR,ATTARADA,32
Rayagada,KOLNARA,KAILASHPUR,CHAMPAKANA,46
Rayagada,KOLNARA,KAILASHPUR,CHANDILIMATE,14
Rayagada,KOLNARA,KAILASHPUR,GIRILIPADAR,18
Rayagada,KOLNARA,KAILASHPUR,GOTIGUDA,5
Rayagada,KOLNARA,KAILASHPUR,GUNJARIMETA,2
Rayagada,KOLNARA,KAILASHPUR,GURADAPADAR,1
Rayagada,KOLNARA,KAILASHPUR,KAILASHPUR (KEUNJHARI),44
Rayagada,KOLNARA,KAILASHPUR,KIAMUNDA,8
Rayagada,KOLNARA,KAILASHPUR,KIYAMUNDA,62
Rayagada,KOLNARA,KAILASHPUR,KUNJHARI,16
Rayagada,KOLNARA,KAILASHPUR,MADAL JANI,3
Rayagada,KOLNARA,KAILASHPUR,NUNDURUKONA,62
Rayagada,KOLNARA,KAILASHPUR,SANAKHILAPADAR,6
Rayagada,KOLNARA,KAILASHPUR,SANKULIPADAR,13
Rayagada,KOLNARA,KAILASHPUR,TARLABADI,69
Rayagada,KOLNARA,KAILASHPUR,TENTULIPADAR,30
Rayagada,KOLNARA,KARTIKAGUDA,GERAPUT,11
Rayagada,KOLNARA,KHADAPADA,PINDA,16
Rayagada,KOLNARA,KHEDAPADA,BALIKHAMAR,4
Rayagada,KOLNARA,KHEDAPADA,GOUDA GUDA,20
Rayagada,KOLNARA,KHEDAPADA,GOUDAGUDA,4
Rayagada,KOLNARA,KHEDAPADA,KIRIKINDA,6
Rayagada,KOLNARA,KHEDAPADA,SANAKHILAPADAR,1
Rayagada,KOLNARA,KOLANARA,ANAKABADI,8
Rayagada,KOLNARA,KOLANARA,JAMULELIBADI,2
Rayagada,KOLNARA,KOLNARA,BHUJABALA,38
Rayagada,KOLNARA,MUKUNADAPUR,GARUDAPADAR,57
Rayagada,KOLNARA,MUKUNDAPUR,BANDGUDA,4
Rayagada,KOLNARA,MUKUNDAPUR,KARANJHOLI,16
Rayagada,KOLNARA,MUKUNDAPUR,PUJARI GUDA,24
Rayagada,KOLNARA,MUKUNDAPUR,PUJARIGUDA,6
Rayagada,KOLNARA,MUKUNDPUR,BHEJA,26
Rayagada,KOLNARA,MUKUNDPUR,BONDAGUDA,48
Rayagada,KOLNARA,MUKUNDPUR,CHITIKAPANGO,54
Rayagada,KOLNARA,PARADIGUDA,PARADIGUDA,4
Rayagada,KOLNARA,REKHA PADAR,TUMBA,33
Rayagada,KOLNARA,REKHAPADAR,BELANGPADAR,11
Rayagada,KOLNARA,REKHAPADAR,BURJUGUDA,7
Rayagada,KOLNARA,REKHAPADAR,JANGADAPADAR,13
Rayagada,KOLNARA,REKHAPADAR,JHILIGUDA,35
Rayagada,KOLNARA,REKHAPADAR,KARIPADAR,4
Rayagada,KOLNARA,REKHAPADAR,KHILLIPAI,6
Rayagada,KOLNARA,REKHAPADAR,PUDUGUDA,7
Rayagada,KOLNARA,REKHAPADAR,SALIBI,72
Rayagada,KOLNARA,SURI,HAJARIDANGA,4
Rayagada,KOLNARA,SURI,JAGRITIGUDA,6
Rayagada,KOLNARA,SURI,MONISINGI,23
Rayagada,KOLNARA,SURI,RADHANGI,99
Rayagada,KOLNARA,THERUBALI,PUJARIGUDA,9
Rayagada,KOLNARA,THERUBALI,SILIPUT,8
Rayagada,MUNIGUDA,AGALA,KURUMAJODI,3
Rayagada,MUNIGUDA,AGUL,PANCHUBAI,3
Rayagada,MUNIGUDA,AGULA,BHIMAPUR,2
Rayagada,MUNIGUDA,AGULA,DAMBALU,8
Rayagada,MUNIGUDA,AGULA,HUMAPUNJI,9
Rayagada,MUNIGUDA,AGULA,KANDHAMADAKHAL,11
Rayagada,MUNIGUDA,AGULA,KURMAJODI,4
Rayagada,MUNIGUDA,AGULA,NIALI,20
Rayagada,MUNIGUDA,AGULA,TEMPADAR,13
Rayagada,MUNIGUDA,AGULO,BHIMPUR,6
Rayagada,MUNIGUDA,AGULO,TEMAPADAR,9
Rayagada,MUNIGUDA,AMALABHATTA,KUMUDABALI,11
Rayagada,MUNIGUDA,AUGULA,JUGAPADAR,20
Rayagada,MUNIGUDA,BANGANA,JAGADALPUR,2
Rayagada,MUNIGUDA,BHAIRABAGADA,BHAIRABAGADA,5
Rayagada,MUNIGUDA,DIMIRIGUDA,BAUSUNI,5
Rayagada,MUNIGUDA,DIMIRIGUDA,KADILIARAPA,2
Rayagada,MUNIGUDA,DIMIRIGUDA,KHAMBESI,8
Rayagada,MUNIGUDA,DIMIRIGUDA,TIKARPADA,6
Rayagada,MUNIGUDA,DIMRIGUDA,SANASURUBARU,5
Rayagada,MUNIGUDA,ICHHAPUR,BAITANDAR,3
Rayagada,MUNIGUDA,ICHHAPUR,KUTURIPADAR,13
Rayagada,MUNIGUDA,ICHHAPUR,PERAMERA,5
Rayagada,MUNIGUDA,JAGADALAPUR,HATICHANCHADA,9
Rayagada,MUNIGUDA,JAGADALAPUR,PUGUDABALI,6
Rayagada,MUNIGUDA,JAGADALAPUR,SOLAGUDI,17
Rayagada,MUNIGUDA,JAGADALAPUR,SORISAPADAR,4
Rayagada,MUNIGUDA,JAGADALPUR,BADAMUDRA,12
Rayagada,MUNIGUDA,JAGADALPUR,BANGANA,8
Rayagada,MUNIGUDA,JAGADALPUR,GOTIGUDA,8
Rayagada,MUNIGUDA,JAGADALPUR,GUDANGA,1
Rayagada,MUNIGUDA,JAGADALPUR,GUDANGO,5
Rayagada,MUNIGUDA,JAGADALPUR,GUNDRIGUDA,14
Rayagada,MUNIGUDA,JAGADALPUR,SANANARINGIPANGA,7
Rayagada,MUNIGUDA,JAGADALPUR,SOLAGUDI,14
Rayagada,MUNIGUDA,JAGADALPUR,TULSIPADAR,3
Rayagada,MUNIGUDA,KUMUDABALI,DEOKUPULI,7
Rayagada,MUNIGUDA,KUMUDABALI,DEV KUPULI,9
Rayagada,MUNIGUDA,KUMUDABALI,KORAMOHAN,20
Rayagada,MUNIGUDA,KUMUDABALI,PADMAPUR,9
Rayagada,MUNIGUDA,KUMUDABALI,SINGARI,3
Rayagada,MUNIGUDA,KUMUDABALI,TIVAPADAR,2
Rayagada,MUNIGUDA,KUMUDABALI,TOBHAPADAR,2
Rayagada,MUNIGUDA,KUMUDABALLI,DEOKUPULI,7
Rayagada,MUNIGUDA,KUMUDABALLI,KAMALA BADA,3
Rayagada,MUNIGUDA,KURLI,KARADAPANGA,40
Rayagada,MUNIGUDA,MUNIKHOL,AMBADHUNI,50
Rayagada,MUNIGUDA,MUNIKHOL,DENGUNI,64
Rayagada,MUNIGUDA,MUNIKHOL,DHAMONOPANGA,35
Rayagada,MUNIGUDA,MUNIKHOL,GARATA,13
Rayagada,MUNIGUDA,MUNIKHOL,GULUGULA,31
Rayagada,MUNIGUDA,MUNIKHOL,GUNJAPAI,20
Rayagada,MUNIGUDA,MUNIKHOL,KOTA,16
Rayagada,MUNIGUDA,MUNIKHOL,KUCHERLI,16
Rayagada,MUNIGUDA,MUNIKHOL,MANDA,12
Rayagada,MUNIGUDA,MUNIKHOL,PENUBALI (GAILUNGA),2
Rayagada,MUNIGUDA,MUNIKHOL,SAKATA,20
Rayagada,MUNIGUDA,MUNIKHOL,SALAPAJHOLA,20
Rayagada,MUNIGUDA,MUNIKHOL,SUTAGUNI,29
Rayagada,MUNIGUDA,MUNIKHOLA,KALIARIPETA,29
Rayagada,MUNIGUDA,MUNIKHOLA,ODOPANGA,16
Rayagada,MUNIGUDA,RAGHUBARI,ALIBHATA,3
Rayagada,MUNIGUDA,RAGHUBARI,KADAGHATI,4
Rayagada,MUNIGUDA,RAGHUBARI,KREKASURU,4
Rayagada,MUNIGUDA,S.DHAMUNI,KALMAGUDA,23
Rayagada,MUNIGUDA,SARADHAPUR,BADAKANDULPADA,4
Rayagada,MUNIGUDA,SARADHAPUR,DAMBAGUDA,12
Rayagada,MUNIGUDA,SARADHAPUR,GUNDRIGUDA,16
Rayagada,MUNIGUDA,SARADHAPUR,KATADABHATA,13
Rayagada,MUNIGUDA,SARADHAPUR,KOTADABHATTA,4
Rayagada,MUNIGUDA,SARADHAPUR,KUJINGI,13
Rayagada,MUNIGUDA,SARADHAPUR,KUMUDAPADAR,6
Rayagada,MUNIGUDA,SARADHAPUR,LUNDRUBADI,13
Rayagada,MUNIGUDA,SARADHAPUR,PARITOLA,8
Rayagada,MUNIGUDA,SARADHAPUR,THUDAGUDI,6
Rayagada,MUNIGUDA,SARADHAPUR,TIKARAPADA,17
Rayagada,MUNIGUDA,SIBAPADAR,BATUDI,18
Rayagada,MUNIGUDA,SIBAPADAR,DAMBASI,2
Rayagada,MUNIGUDA,SIBAPADAR,DURUKILIMA,8
Rayagada,MUNIGUDA,SIBAPADAR,GANDHICHUAN,5
Rayagada,MUNIGUDA,SIBAPADAR,KESARAPADI,19
Rayagada,MUNIGUDA,SIVAPADAR,JHIKIMIKI,1
Rayagada,MUNIGUDA,SIVAPADAR,KARAMANA,1
Rayagada,MUNIGUDA,TELANGA PADAR,KANADI PADAR,4
Rayagada,MUNIGUDA,TELANGAPADAR,BADA BANKILI,4
Rayagada,MUNIGUDA,TELANGAPADAR,DHEPAGUDI,25
Rayagada,MUNIGUDA,TELANGAPADAR,GANGAR PADAR,14
Rayagada,MUNIGUDA,TELANGAPADAR,MADHUMUNDA,14
Rayagada,MUNIGUDA,TELENGAPADAR,ANKULAPADAR,34
Rayagada,MUNIGUDA,TELENGAPADAR,BADA BANKILI,5
Rayagada,MUNIGUDA,TELENGAPADAR,DEV KUPULI,1
Rayagada,MUNIGUDA,TELENGAPADAR,GANGARAPADA,48
Rayagada,MUNIGUDA,TELENGAPADAR,GARLAGUDI,12
Rayagada,MUNIGUDA,TELENGAPADAR,MADHUMUNDA,4
Rayagada,MUNIGUDA,TELENGAPADAR,PATANGPADAR,17
Rayagada,MUNIGUDA,TELENGAPADAR,SALAMA,29
Rayagada,MUNIGUDA,TELENGAPADAR,SANOBANKILI,7
Rayagada,MUNIGUDA,TELENGAPADAR,SELAMA,1
Rayagada,MUNIGUDA,TELENGAPADAR,TARABADI,22
Rayagada,NAME OF THE BLOCK,NAME OF THE GRAM PANCHAYAT,NAME OF THE VILLAGE,550
Rayagada,PADMAPUR,AKHUSINGH,S.SINGHPUR,18
Rayagada,PADMAPUR,DERIGA,SUKALAPADU,26
Rayagada,PADMAPUR,DERIGAON,BALIPANGA,12
Rayagada,PADMAPUR,DERIGAON,JAYAPANGA,12
Rayagada,PADMAPUR,GULUGUDA,ASARAGUDI,2
Rayagada,PADMAPUR,GULUGUDA,B LUGURIMUNDI,19
Rayagada,PADMAPUR,GULUGUDA,GULUGUDA,25
Rayagada,PADMAPUR,GULUGUDA,PUSHIGUDA (GULUGUDA),14
Rayagada,PADMAPUR,GULUGUDA,PUSIGUDA,9
Rayagada,PADMAPUR,GULUGUDA,S.LUGURUMUNDI,9
Rayagada,PADMAPUR,GULUGUDA,SARTELI,11
Rayagada,PADMAPUR,GULUGUDA,SIMIRI,18
Rayagada,PADMAPUR,GULUGUDA,SURYAGUDA,28
Rayagada,PADMAPUR,GULUGUDA,TABLAGUDA,2
Rayagada,PADMAPUR,JATHILI,NUAGAM,32
Rayagada,PADMAPUR,JATILI,NUAGAN(MALATIPUR),4
Rayagada,PADMAPUR,JATILI,SARGIGUDA,4
Rayagada,PADMAPUR,JATILI,SOURARELA,22
Rayagada,PADMAPUR,LIKITIPADAR,KINDRAGUDA,4
Rayagada,PADMAPUR,LIKITIPADAR,KURUNDI,52
Rayagada,PADMAPUR,LIKITIPADAR,LIKITIPADAR,150
Rayagada,PADMAPUR,LIKITIPADAR,PIRIDIPANGA,17
Rayagada,PADMAPUR,LIKITIPADAR,SAURAPALLI,65
Rayagada,PADMAPUR,LIKITIPADAR,THUAGUDI,16
Rayagada,PADMAPUR,LIKITIPADARA,BADAPALLI,66
Rayagada,PADMAPUR,NUAGADA,GUJIGUDA,16
Rayagada,PADMAPUR,NUAGADA,GUNDURIPADAR,3
Rayagada,PADMAPUR,NUAGADA,NANDRA,8
Rayagada,PADMAPUR,NUAGADA,PAJILIBANDHA,24
Rayagada,PADMAPUR,NUAGADA,PANGIDIKUA,14
Rayagada,PADMAPUR,NUAGADA,PARIMA,3
Rayagada,PADMAPUR,NUAGODO,BANDAGUDI,24
Rayagada,PADMAPUR,TEMBAGUDA,BALIGUDA,10
Rayagada,PADMAPUR,TEMBAGUDA,HARALAGUDA,78
Rayagada,PADMAPUR,TEMBAGUDA,HARLAGUDA,1
Rayagada,PADMAPUR,TEMBAGUDA,JARIPANGA,70
Rayagada,PADMAPUR,TEMBAGUDA,KHAMBARIGUDA,17
Rayagada,PADMAPUR,TEMBAGUDA,TARALENDI,20
Rayagada,PADMAPUR,TEMBAGUDA,TEMBAGUDA,45
Rayagada,PADMAPUR,TEMMAGUDA,DAKRAM,12
Rayagada,PADMAPUR,TEMMAGUDA,MILIKAPANGA,29
Rayagada,RAMAANGUDA,G GULUMUNDA,ANANDPUR,9
Rayagada,RAMAANGUDA,G GULUMUNDA,CHAKUNDA,16
Rayagada,RAMAANGUDA,GAGUPADU,BADAGUDA,18
Rayagada,RAMAANGUDA,GAGUPADU,KADAMDI,17
Rayagada,RAMAANGUDA,GAGUPADU,KAMUPADAR,15
Rayagada,RAMAANGUDA,PARIKHATI,DEULA,16
Rayagada,RAMAANGUDA,PARIKHITI,PURITIGUDA,10
Rayagada,RAMANAGUDA,AGULA,BHIMPUR,20
Rayagada,RAMANAGUDA,BADAGUDA,BADAGUDA,18
Rayagada,RAMANAGUDA,BHAMINI,ANTARJHOLI,1
Rayagada,RAMANAGUDA,BHAMINI,GUMUDA LAXMIPUR,3
Rayagada,RAMANAGUDA,BHAMINI,KITLOPADU,2
Rayagada,RAMANAGUDA,BHAMINI,SUTARAJPUR,96
Rayagada,RAMANAGUDA,BOOPTHING,PITALAMANGI,18
Rayagada,RAMANAGUDA,BOOTHING,BOOTHING,9
Rayagada,RAMANAGUDA,BOOTHING,GARANDA,18
Rayagada,RAMANAGUDA,BOOTHING,GORONDA,17
Rayagada,RAMANAGUDA,BOOTHING,HAJARIDANG,16
Rayagada,RAMANAGUDA,BOOTHING,NOUPANDA,1
Rayagada,RAMANAGUDA,BOOTHING,PIRIBA,20
Rayagada,RAMANAGUDA,BOOTHING,PODOBASING,11
Rayagada,RAMANAGUDA,BUTING,PIRABA,8
Rayagada,RAMANAGUDA,BUTINGI,BUTING/PAKALAMANGI,27
Rayagada,RAMANAGUDA,G.GULUMUNDA,BADO BANGI,23
Rayagada,RAMANAGUDA,G.GULUMUNDA,CHAKUNDA,24
Rayagada,RAMANAGUDA,G.GULUMUNDA,G.GULUMUNDA,18
Rayagada,RAMANAGUDA,G.GULUMUNDA,KAPURIGUDA,41
Rayagada,RAMANAGUDA,G.GULUMUNDA,KITLOPADU,22
Rayagada,RAMANAGUDA,G.GULUMUNDA,KOITHAPADARA/G.GULUMUNDA,2
Rayagada,RAMANAGUDA,G.GULUMUNDA,KUSUMAPADAR,7
Rayagada,RAMANAGUDA,G.GULUMUNDA,PODALAPADAR,12
Rayagada,RAMANAGUDA,G.GULUMUNDA,RAMGIRI,7
Rayagada,RAMANAGUDA,GARANDA,LAMINGI,36
Rayagada,RAMANAGUDA,GOGUPADU,ACHABA,39
Rayagada,RAMANAGUDA,GOGUPADU,ACHPAGUDA,26
Rayagada,RAMANAGUDA,GOGUPADU,ADABAI/PALIKIDANG,19
Rayagada,RAMANAGUDA,GOGUPADU,ADAMAGUDA,6
Rayagada,RAMANAGUDA,GOGUPADU,ADAMGUDA,44
Rayagada,RAMANAGUDA,GOGUPADU,AMBAGUDA,11
Rayagada,RAMANAGUDA,GOGUPADU,BADAGUDA,7
Rayagada,RAMANAGUDA,GOGUPADU,GOGUPADU,9
Rayagada,RAMANAGUDA,GOGUPADU,GOTTA,19
Rayagada,RAMANAGUDA,GOGUPADU,JHALINGGUDA,9
Rayagada,RAMANAGUDA,GOGUPADU,JHARING,13
Rayagada,RAMANAGUDA,GOGUPADU,JHARLING,39
Rayagada,RAMANAGUDA,GOGUPADU,JHARLINGGUDA,6
Rayagada,RAMANAGUDA,GOGUPADU,KAPURIGUDA,5
Rayagada,RAMANAGUDA,GOGUPADU,KATIKI,12
Rayagada,RAMANAGUDA,GOGUPADU,KERANDIGUDA,98
Rayagada,RAMANAGUDA,GOGUPADU,KERANDIGUDA (PALAKIDANG),10
Rayagada,RAMANAGUDA,GOGUPADU,KERUDANG,1
Rayagada,RAMANAGUDA,GOGUPADU,KIRUDANGU,9
Rayagada,RAMANAGUDA,GOGUPADU,PALIKIDANGA,124
Rayagada,RAMANAGUDA,GOGUPADU,PALIKIDANGU,4
Rayagada,RAMANAGUDA,GOGUPADU,PALINKIDANGA,8
Rayagada,RAMANAGUDA,GOGUPADU,SIKALLA,5
Rayagada,RAMANAGUDA,GOGUPADU,SIKILA,9
Rayagada,RAMANAGUDA,GOGUPADU,SOURAGUDA,16
Rayagada,RAMANAGUDA,GOGUPADU,SULUDI,63
Rayagada,RAMANAGUDA,GORANDA,HAJARDANG,9
Rayagada,RAMANAGUDA,GOSAINGULUMUNDA,KITALPADU,10
Rayagada,RAMANAGUDA,GOTHALAPADAR,LAMANGI,9
Rayagada,RAMANAGUDA,GUGUPADAU,KATIKI,3
Rayagada,RAMANAGUDA,GUGUPADU,BODAGUDA,1
Rayagada,RAMANAGUDA,GUGUPADU,SULUDIPAKA,5
Rayagada,RAMANAGUDA,GULLUNTHI,MOHIPANGA,16
Rayagada,RAMANAGUDA,GULUMUNDA,ANTIMUNINGA,2
Rayagada,RAMANAGUDA,GULUMUNDA,BADABANGI,4
Rayagada,RAMANAGUDA,GULUMUNDA,BANGI M.I.P COLONY,8
Rayagada,RAMANAGUDA,GULUMUNDA,CHAKUNDA,24
Rayagada,RAMANAGUDA,GULUMUNDA,CHAKUNDA RAMGIRI,13
Rayagada,RAMANAGUDA,GULUMUNDA,PARLA,53
Rayagada,RAMANAGUDA,GULUNTHI,APAMANAGUDA,18
Rayagada,RAMANAGUDA,GULUNTHI,BADAMULUNGI,4
Rayagada,RAMANAGUDA,GULUNTHI,BADAMUNINGA,4
Rayagada,RAMANAGUDA,GULUNTHI,DHARAKHUNTI,11
Rayagada,RAMANAGUDA,GULUNTHI,KAMANAGUDA,1
Rayagada,RAMANAGUDA,GULUNTHI,MAHIPANGA,6
Rayagada,RAMANAGUDA,GULUNTHI,MOHIPANGA,14
Rayagada,RAMANAGUDA,GULUNTHI,SABORODA,2
Rayagada,RAMANAGUDA,GULUNTHI,SARISAPADAR,21
Rayagada,RAMANAGUDA,GULUNTHI,SORISAPADAR,1
Rayagada,RAMANAGUDA,GULUNTHI,SORISHAPADAR,12
Rayagada,RAMANAGUDA,GULUNTHI,SOURAGUDA,8
Rayagada,RAMANAGUDA,GULUNTHI,TIMILIGUDA,7
Rayagada,RAMANAGUDA,GULUNTHI,TUMBAKONA,10
Rayagada,RAMANAGUDA,KUJENDRI,NARAYANGUDA,9
Rayagada,RAMANAGUDA,KUJENDRI,RAJABIKRAMPUR,1
Rayagada,RAMANAGUDA,NILAMGUDA,KONDAJAMGUDA,23
Rayagada,RAMANAGUDA,NILAMGUDA,MULIGUDA,7
Rayagada,RAMANAGUDA,NILAMGUDA,NALAPANDA,14
Rayagada,RAMANAGUDA,NILAMGUDA,NILAMGUDA,24
Rayagada,RAMANAGUDA,NILAMGUDA,OMEDINGI,8
Rayagada,RAMANAGUDA,NILAMGUDA,PADIDI,28
Rayagada,RAMANAGUDA,NILAMGUDA,SOPARAIGUDA,6
Rayagada,RAMANAGUDA,NILAMGUDA,SORIS PADAR,10
Rayagada,RAMANAGUDA,NILAMGUDA,SUBAI,23
Rayagada,RAMANAGUDA,NILAMGUDA,SUNDHI DHEPAGUDA,14
Rayagada,RAMANAGUDA,NILAMGUDA,SUNDHIDHEPAGUDA,9
Rayagada,RAMANAGUDA,OMEDINGI,NILAMGUDA,1
Rayagada,RAMANAGUDA,OMEDINGI,OMEDINGI,1
Rayagada,RAMANAGUDA,PARIKHITI,BININDA,15
Rayagada,RAMANAGUDA,PARIKHITI,BINONDO,11
Rayagada,RAMANAGUDA,PARIKHITI,CHAKRABHATA,4
Rayagada,RAMANAGUDA,PARIKHITI,CHAKUNDA,20
Rayagada,RAMANAGUDA,PARIKHITI,DEULA,5
Rayagada,RAMANAGUDA,PARIKHITI,GUMAGUDA,36
Rayagada,RAMANAGUDA,PARIKHITI,KHILAPADAR,8
Rayagada,RAMANAGUDA,PARIKHITI,KONDAJAM,27
Rayagada,RAMANAGUDA,PARIKHITI,KOTAGUDA,1
Rayagada,RAMANAGUDA,PARIKHITI,OMDING,2
Rayagada,RAMANAGUDA,PARIKHITI,RAMANAGUDA,90
Rayagada,RAMANAGUDA,PARIKHITI,TUMBIGUDA,4
Rayagada,RAMANAGUDA,PARIKHITIL,JHINJIRIBADI,9
Rayagada,RAMANAGUDA,PARIKHITIL,NARANGBADI,5
Rayagada,RAMANAGUDA,PARIKITI,GUMAGUDA,3
Rayagada,RAMANAGUDA,PARIKITI,KATAGUDA,10
Rayagada,RAMANAGUDA,PARIKITI,LINGARAI,10
Rayagada,RAMANAGUDA,PARIKITI,PARIKITI,19
Rayagada,RAMANAGUDA,PARIKITI,RAMANAGUDA/TUMBIGUDA,7
Rayagada,RAMANAGUDA,PENEKAM,DUMBURI,9
Rayagada,RAMANAGUDA,PENEKAM,KATAGUDA,10
Rayagada,RAMANAGUDA,PENEKAM,PADALPADAR,5
Rayagada,RAMANAGUDA,PENEKAM,SERIGUDA,8
Rayagada,RAMANAGUDA,PENKAM,DASARDANG,14
Rayagada,RAMANAGUDA,PENKAM,KATAGUDA,10
Rayagada,RAMANAGUDA,PENKAM,KURSLI,6
Rayagada,RAMANAGUDA,PENKAM,KURUSILI COLONY,14
Rayagada,RAMANAGUDA,PENKAM,PADALPADAR,7
Rayagada,RAMANAGUDA,PENKAM,PEDALPADAR/KATAGUDA,9
Rayagada,RAMANAGUDA,PENKAM,TAMINGI,23
Rayagada,RAMANAGUDA,PIRIKHITI,KONDAJAM,21
Rayagada,RAMANAGUDA,S.DHAMUNI,CHEKAGUDA,5
Rayagada,RAMANAGUDA,S.DHAMUNI,DURUGUDA,5
Rayagada,RAMANAGUDA,S.DHAMUNI,KANAPULUSI,3
Rayagada,RAMANAGUDA,SHRIJHOLI,RAMANAGUDA,29
Rayagada,RAMANAGUDA,SUDIDHAMUNI,SUDIDHAMUNI,8
Rayagada,RAMANAGUDA,SUNDHIDAMUNI,DURUGUDA,50
Rayagada,RAMANAGUDA,SUNDHIDHAMINI,SUNDHIDHAMINI,37
Rayagada,RAMANAGUDA,SUNDHIDHAMUNI,BADU,6
Rayagada,RAMANAGUDA,SUNDHIDHAMUNI,BATAPULISI,12
Rayagada,RAMANAGUDA,SUNDHIDHAMUNI,BATAPULUSI,9
Rayagada,RAMANAGUDA,SUNDHIDHAMUNI,DURUGUDA,2
Rayagada,RAMANAGUDA,SUNDHIDHAMUNI,KANIPULISI,1
Rayagada,RAMANAGUDA,SUNDHIDHAMUNI,KARADA,10
Rayagada,RAMANAGUDA,SUNDHIDHAMUNI,RUGUDUBAI,1
Rayagada,RAMANAGUDA,SUNDHIDHAMUNI,TANDIKONA,1
Rayagada,RAMANAGUDA,SUNDHIDHAMUNI,TASKI,12
Rayagada,RAMANAGUDA,SUNDIDHAMUNI,BADAMUNINGA,15
Rayagada,RAMANAGUDA,SUNDIDHAMUNI,BATAPULISI,5
Rayagada,RAMANAGUDA,SUNDIDHAMUNI,BIRUBAI,19
Rayagada,RAMANAGUDA,SUNDIDHAMUNI,CHEKAGUDA,19
Rayagada,RAMANAGUDA,SUNDIDHAMUNI,DAMBAPULISI,15
Rayagada,RAMANAGUDA,SUNDIDHAMUNI,DURUKUPA,19
Rayagada,RAMANAGUDA,SUNDIDHAMUNI,PENDRAGUDA,3
Rayagada,RAMANAGUDA,SUNDIDHAMUNI,RANGAMATI,10
Rayagada,RAMANAGUDA,SUNDIDHAMUNI,SUNDIDHAMUNI,40
Rayagada,RAYAGADA,ALINGIGUDA,ALINGIGUDA,6
Rayagada,RAYAGADA,ANGUR,ANGUR,27
Rayagada,RAYAGADA,BADA ALUBADI,BADA ALUBADI,5
Rayagada,RAYAGADA,BADA ALUBADI,ERAMUNDA,50
Rayagada,RAYAGADA,BADA IRUKUBADI,PANASAHI,15
Rayagada,RAYAGADA,BALINGI,BALINGI,4
Rayagada,RAYAGADA,BALINGI,KANABESU,1
Rayagada,RAYAGADA,BANKILI,KHAMBESI,18
Rayagada,RAYAGADA,DHAMUNIPANGA,DAMANIMA,11
Rayagada,RAYAGADA,GUMMA,KANABESU,2
Rayagada,RAYAGADA,HAJARIDANGA,HAJARIDANGA,4
Rayagada,RAYAGADA,HIKARPADA,HIKARPADA,11
Rayagada,RAYAGADA,JAMBILIMA,JAMBILIMA,6
Rayagada,RAYAGADA,JEMADEIPENTHO,BADARAISING,19
Rayagada,RAYAGADA,KAMPAMALIGAM,KASILI,5
Rayagada,RAYAGADA,KARLAKANA,KARLAKANA,57
Rayagada,RAYAGADA,KARLAKONA,KURUMUPETA,17
Rayagada,RAYAGADA,KARTIKAGUDA,ANUGUDA,15
Rayagada,RAYAGADA,KARUBAI,SIGURU,55
Rayagada,RAYAGADA,KOLNARA,NILABHADRA,41
Rayagada,RAYAGADA,KULLI,UTKAPADU,6
Rayagada,RAYAGADA,KUMBHIKOTA,ALINGIGUDA,3
Rayagada,RAYAGADA,KUMBHIKOTA,CHAMPIKOTA,36
Rayagada,RAYAGADA,KUMBHIKOTA,HAJARIDANGA,7
Rayagada,RAYAGADA,KUMBHIKOTA,HIMARPADI,41
Rayagada,RAYAGADA,KUMBHIKOTA,KANIKATIJHOLA,19
Rayagada,RAYAGADA,KUMBHIKOTA,KASAKONA,24
Rayagada,RAYAGADA,KUMBHIKOTA,KUMBHIKOTA,65
Rayagada,RAYAGADA,KUMBHIKOTA,MARDIPADI,11
Rayagada,RAYAGADA,KUMBHIKOTA,PENDELI,12
Rayagada,RAYAGADA,KUMBHIKOTA,RAFAKANA,5
Rayagada,RAYAGADA,KUMBHIKOTA,RAFUKONA,7
Rayagada,RAYAGADA,KUMBHIKOTA,RAPHUKONA,28
Rayagada,RAYAGADA,KUTULI,KUTULI,68
Rayagada,RAYAGADA,KUTULI,RAFAKONA,1
Rayagada,RAYAGADA,KUTULI,RAPHUKONA,1
Rayagada,RAYAGADA,MALIGAON,MANTRAJHOLA,14
Rayagada,RAYAGADA,MATIKONA,KHANDESU,28
Rayagada,RAYAGADA,MATIKONA,SIRISAPADU,13
Rayagada,RAYAGADA,NAKATI,BADACHEKA,101
Rayagada,RAYAGADA,NAKATI,NAKATI,51
Rayagada,RAYAGADA,NAKITI,BADASARUNUNDA,20
Rayagada,RAYAGADA,NAKITI,REGADA,52
Rayagada,RAYAGADA,PENTA,AMALABHATA,3
Rayagada,RAYAGADA,PENTA,PENTA,36
Rayagada,RAYAGADA,PENTA,SINDHUBADI,10
Rayagada,RAYAGADA,PITAMAHAL,BEHERAGUDA,13
Rayagada,RAYAGADA,PITAMAHAL,JAGANATHPUR,5
Rayagada,RAYAGADA,PUNJAPAI,PUNJAPAI,1
Rayagada,RAYAGADA,RAPA,RAPA,6
Rayagada,RAYAGADA,SANAKUSAPADU,SANAKUSAPADU,38
Rayagada,RAYAGADA,SANTA BARIGAN,SANTA BARIGAN,5
Rayagada,RAYAGADA,SURI,ALINGIGUDA,2
Rayagada,RAYAGADA,SURI,HAJARIDANGA,10
Rayagada,RAYAGADA,TADAMA,LUHAKHAL,22
Sambalpur,BAMRA,BABUNIKTIMAL,BABUNIKTIMAL,37
Sambalpur,BAMRA,BABUNIKTIMAL,BADIJOR,6
Sambalpur,BAMRA,BABUNIKTIMAL,BADIJOR R/F,5
Sambalpur,BAMRA,BABUNIKTIMAL,BARAKHANDIA,42
Sambalpur,BAMRA,BABUNIKTIMAL,BELMUNDA,13
Sambalpur,BAMRA,BABUNIKTIMAL,BELMUNDA (REM),5
Sambalpur,BAMRA,BABUNIKTIMAL,CHARBHAYA,11
Sambalpur,BAMRA,BABUNIKTIMAL,DAITARIPALI,16
Sambalpur,BAMRA,BABUNIKTIMAL,DUKHUJHARMUNDA,25
Sambalpur,BAMRA,BABUNIKTIMAL,JURABAHAL,18
Sambalpur,BAMRA,BABUNIKTIMAL,KANDHABALANDA,35
Sambalpur,BAMRA,BABUNIKTIMAL,LANGABAHAL,15
Sambalpur,BAMRA,BABUNIKTIMAL,MAHAPATRABALANDA,4
Sambalpur,BAMRA,BABUNIKTIMAL,RENGALKHANDI,16
Sambalpur,BAMRA,BABUNIKTIMAL,SUKHAPADAN,14
Sambalpur,BAMRA,BABUNIKTIMAL,SUKHAPADAN R/F,7
Sambalpur,BAMRA,BAUNSLAGA,BADAPADA,4
Sambalpur,BAMRA,BAUNSLAGA,BADAPADA (REM) R/F,6
Sambalpur,BAMRA,BAUNSLAGA,BAMPHEI,21
Sambalpur,BAMRA,BAUNSLAGA,BAUNSLAGA,14
Sambalpur,BAMRA,BAUNSLAGA,BILEIGHATI,37
Sambalpur,BAMRA,BAUNSLAGA,GURLA,14
Sambalpur,BAMRA,BAUNSLAGA,GURLA (REM),3
Sambalpur,BAMRA,BAUNSLAGA,NUNIAMUNDA,3
Sambalpur,BAMRA,GARPOSH,BADFIRINGIBAHAL,20
Sambalpur,BAMRA,GARPOSH,GARPOSH,12
Sambalpur,BAMRA,GARPOSH,GHANSARA,3
Sambalpur,BAMRA,GARPOSH,MAHULMUNDA,11
Sambalpur,BAMRA,GARPOSH,SANDUMERMUNDA,11
Sambalpur,BAMRA,GOBINDAPUR,BADDUMERMUNDA (REM),1
Sambalpur,BAMRA,GOBINDAPUR,HARIPADA,15
Sambalpur,BAMRA,GOBINDAPUR,MITUPADA,3
Sambalpur,BAMRA,GOBINDPUR,BADDUMERMUNDA,5
Sambalpur,BAMRA,GOBINDPUR,GOBINDPUR,18
Sambalpur,BAMRA,JARABAGA,BETHJHARAN (REM),2
Sambalpur,BAMRA,JARABAGA,BETJHARAN,29
Sambalpur,BAMRA,JARABAGA,BETJHARAN (REM),3
Sambalpur,BAMRA,JARABAGA,BILUNG,42
Sambalpur,BAMRA,JARABAGA,DANGAKHUNTI,10
Sambalpur,BAMRA,JARABAGA,DUMUKU,58
Sambalpur,BAMRA,JARABAGA,JARABAGA,74
Sambalpur,BAMRA,JARABAGA,KANDHAKULEI,5
Sambalpur,BAMRA,JARABAGA,KARLIADIHI,22
Sambalpur,BAMRA,JARABAGA,KARLIADIHI 2ND,16
Sambalpur,BAMRA,JARABAGA,KINABAGA,4
Sambalpur,BAMRA,JARABAGA,KUNTARABAHAL,44
Sambalpur,BAMRA,JARABAGA,LAPADA,15
Sambalpur,BAMRA,JARABAGA,LAPADA (REM ),1
Sambalpur,BAMRA,JARABAGA,SARGIDIHI,64
Sambalpur,BAMRA,JARABAGA,UTTARGAON,10
Sambalpur,BAMRA,KABARIBAHAL,BALADMAL,38
Sambalpur,BAMRA,KABARIBAHAL,BANDHAKANI,58
Sambalpur,BAMRA,KABARIBAHAL,KABARIBAHAL,60
Sambalpur,BAMRA,KABARIBAHAL,PANPOSH,2
Sambalpur,BAMRA,KESAIBAHAL,BHIKAPALI,27
Sambalpur,BAMRA,KESAIBAHAL,BRAHMANIMUNDA,16
Sambalpur,BAMRA,KESAIBAHAL,DANGAJOR,112
Sambalpur,BAMRA,KESAIBAHAL,KESAIBAHAL,116
Sambalpur,BAMRA,KESAIBAHAL,MUNDAKATA,55
Sambalpur,BAMRA,KESAIBAHAL,P. NIKTIMAL,67
Sambalpur,BAMRA,KESAIBAHAL,PARIMUNDA,74
Sambalpur,BAMRA,KESAIBAHAL,SALOHI,44
Sambalpur,BAMRA,KESAIBAHAL,SOLBAGA,89
Sambalpur,BAMRA,KINABAGA,BIHABALI,62
Sambalpur,BAMRA,KINABAGA,DALKIBAHAL,7
Sambalpur,BAMRA,KINABAGA,DANGAJOR,16
Sambalpur,BAMRA,KINABAGA,KHAMBAGADA,6
Sambalpur,BAMRA,KINABAGA,KINABAGA,49
Sambalpur,BAMRA,KINABAGA,KOLHABAHAL,15
Sambalpur,BAMRA,KUTARIMAL,BURBUDA,20
Sambalpur,BAMRA,KUTARIMAL,GHUMUNDUMAL,6
Sambalpur,BAMRA,KUTARIMAL,JOGIMUNDA,13
Sambalpur,BAMRA,KUTARIMAL,LOLOBIRA,31
Sambalpur,BAMRA,KUTARIMAL,MARHAPADA,1
Sambalpur,BAMRA,KUTARIMAL,RAGHUNATHPALI,10
Sambalpur,BAMRA,KUTARIMAL,SANFIRINGIBAHAL,30
Sambalpur,BAMRA,KUTARIMAL,TATARANGA,2
Sambalpur,BAMRA,LARIAPALI,BADKHALIA,37
Sambalpur,BAMRA,LARIAPALI,GAILJHAMPA,48
Sambalpur,BAMRA,LARIAPALI,GHUGHAR,5
Sambalpur,BAMRA,LARIAPALI,GHUGHAR (REM),4
Sambalpur,BAMRA,LARIAPALI,KHOLBILUNG,15
Sambalpur,BAMRA,LARIAPALI,KULADERA,27
Sambalpur,BAMRA,LARIAPALI,LARIAPALI,56
Sambalpur,BAMRA,LARIAPALI,NUADIHI,116
Sambalpur,BAMRA,LARIAPALI,NUADIHI(REM),5
Sambalpur,BAMRA,LARIAPALI,RENGALBEDA,22
Sambalpur,BAMRA,LARIAPALI,RENGALBEDA (REM),8
Sambalpur,BAMRA,LARIAPALI,SAGARPALI,30
Sambalpur,BAMRA,LARIAPALI,SANDUMERMUNDA,18
Sambalpur,BAMRA,MAHULPALI,CHHATABAR,1
Sambalpur,BAMRA,MAHULPALI,CHHATIPOSH,6
Sambalpur,BAMRA,MAHULPALI,CHHATIPOSH (REM),3
Sambalpur,BAMRA,MAHULPALI,JHAGADATIRIA,27
Sambalpur,BAMRA,MAHULPALI,LANGPOSH,37
Sambalpur,BAMRA,MAHULPALI,RAJBANDH,15
Sambalpur,BAMRA,MAHULPALI,TALSARA,9
Sambalpur,BAMRA,MAHULPALI,TANGARPALI,28
Sambalpur,BAMRA,PINDHAPATHAR,BELAPADA,3
Sambalpur,BAMRA,PINDHAPATHAR,MAHULCHAPAL,18
Sambalpur,BAMRA,PINDHAPATHAR,PARMANPUR,56
Sambalpur,BAMRA,PINDHAPATHAR,PARMANPUR REM,11
Sambalpur,BAMRA,PINDHAPATHAR,PINDHAPATHAR,105
Sambalpur,BAMRA,PINDHAPATHAR,PINDHAPATHAR 2ND,4
Sambalpur,BAMRA,PINDHAPATHAR,TITRIPOSI,18
Sambalpur,BAMRA,RABGA,DAHAMUNDA,24
Sambalpur,BAMRA,RABGA,JURAPALI,16
Sambalpur,BAMRA,RABGA,KADALIJHARAN,11
Sambalpur,BAMRA,RABGA,KICHINDA,11
Sambalpur,BAMRA,RABGA,NUAPALI,19
Sambalpur,BAMRA,RABGA,RABGA,10
Sambalpur,BAMRA,RABGA,RABGA (REM),3
Sambalpur,BAMRA,RABGA,SIMILIBAHAL,13
Sambalpur,BAMRA,RABGA,SIMILIBAHAL (REM),3
Sambalpur,BAMRA,RABGA,SUNAMUNDA,3
Sambalpur,BAMRA,RANGIATIKIRA,KAHAPANI,3
Sambalpur,BAMRA,RANGIATIKIRA,RAJABASA (REM),3
Sambalpur,BAMRA,RANGIATIKIRA,RANGIATIKIRA,25
Sambalpur,BAMRA,RANGIATIKIRA,RENGAPADA,43
Sambalpur,BAMRA,RANGIATIKRA,CHARICHUAN,12
Sambalpur,BAMRA,RANGIATIKRA,GARDEGA,20
Sambalpur,BAMRA,RANGIATIKRA,GHUNGHUTI,61
Sambalpur,BAMRA,RANGIATIKRA,JUNANI,13
Sambalpur,BAMRA,RANGIATIKRA,RAJABASA,15
Sambalpur,BAMRA,RANGIATIKRA,SADHAPADA,8
Sambalpur,BAMRA,SAGARA,FATATANGAR,63
Sambalpur,BAMRA,SAGARA,FATATANGAR (REM),1
Sambalpur,BAMRA,SAGARA,JURAJAM,2
Sambalpur,BAMRA,SAGARA,LUHURANIBERNI,11
Sambalpur,BAMRA,SAGARA,LUHURANIBERNI (2ND),6
Sambalpur,BAMRA,SAGARA,LUHURANIBERNI (REM),3
Sambalpur,BAMRA,SAGARA,MUNDALASA,13
Sambalpur,BAMRA,SAGARA,SAGARA,7
Sambalpur,BAMRA,TUREI,AINLADHIPA,10
Sambalpur,BAMRA,TUREI,BALITUREI,42
Sambalpur,BAMRA,TUREI,DAMAMUNDA,47
Sambalpur,BAMRA,TUREI,KURMULOI,24
Sambalpur,BAMRA,TUREI,MANDIAPURA,17
Sambalpur,BAMRA,TUREI,TALBAHALI,11
Sambalpur,BAMRA,TUREI,TUREI,47
Sambalpur,BAMRA,UCCHAKAPAT,BHAGAPADA,12
Sambalpur,BAMRA,UCHAKAPAT,KECHHUPANI,30
Sambalpur,BAMRA,UCHHAKAPAT,( TANGARMUNDA ) UCHHAKAPAT ( TANGARMUNDA ),3
Sambalpur,BAMRA,UCHHAKAPAT,KECHHUPANI (REM),3
Sambalpur,BAMRA,UCHHAKAPAT,U( TCAHNHGAAKRAMPAUTNDA ),23
Sambalpur,BAMRA,UCHHAKAPAT,UCHAKAPAT,15
Sambalpur,BAMRA,UCHHAKAPAT,UCHHAKAPAT,4
Sambalpur,BAMRA,UCHKAPAT,KECHHUPANI (REM),11
Sambalpur,DHANKAUDA,DHANKAUDA,CHOUNRPUR,12
Sambalpur,JAMANKIRA,BADMAL,BADMAL,27
Sambalpur,JAMANKIRA,BADMAL,BADMAL (REM ),4
Sambalpur,JAMANKIRA,BADMAL,BANJARI,27
Sambalpur,JAMANKIRA,BADMAL,BANJARI R/F,41
Sambalpur,JAMANKIRA,BADMAL,CHANDIPOSH,12
Sambalpur,JAMANKIRA,BADMAL,CHANDIPOSHI (REM ),4
Sambalpur,JAMANKIRA,BADMAL,GANGHOSA,14
Sambalpur,JAMANKIRA,BADMAL,KOLHAPAL,11
Sambalpur,JAMANKIRA,BADMAL,NUADIHI,10
Sambalpur,JAMANKIRA,BADMAL,NUADIHI (REM),2
Sambalpur,JAMANKIRA,BADMAL,SUDBALANDA,25
Sambalpur,JAMANKIRA,BADMAL,TANGARANI,18
Sambalpur,JAMANKIRA,BADRAMA,AMLANG,35
Sambalpur,JAMANKIRA,BADRAMA,BADRAMA,6
Sambalpur,JAMANKIRA,BADRAMA,BANDHABHUIN,74
Sambalpur,JAMANKIRA,BADRAMA,BISWALPALI,10
Sambalpur,JAMANKIRA,BADRAMA,CHEPTAAMBA,29
Sambalpur,JAMANKIRA,BADRAMA,CHINIMAHUL,22
Sambalpur,JAMANKIRA,BADRAMA,CHIRGUNIKHOL,17
Sambalpur,JAMANKIRA,BADRAMA,DUMERMUNDA,10
Sambalpur,JAMANKIRA,BADRAMA,GUNTAB,18
Sambalpur,JAMANKIRA,BADRAMA,KHARMUNDA,34
Sambalpur,JAMANKIRA,BADRAMA,KUTAB,6
Sambalpur,JAMANKIRA,BADRAMA,ODISING,34
Sambalpur,JAMANKIRA,BADRAMA,RENGUMUNDA,15
Sambalpur,JAMANKIRA,BADRAMA,SANBADIBAHAL,6
Sambalpur,JAMANKIRA,BADRAMA,TANSARA,21
Sambalpur,JAMANKIRA,BADRAMA,TILEIMAL,13
Sambalpur,JAMANKIRA,BHOJPUR,ALARKHOL,2
Sambalpur,JAMANKIRA,BHOJPUR,BHOJPUR,7
Sambalpur,JAMANKIRA,BHOJPUR,GUDRAPADA,19
Sambalpur,JAMANKIRA,BHOJPUR,KANKADAKHOL,9
Sambalpur,JAMANKIRA,BHOJPUR,KHUNTULABAHAL,12
Sambalpur,JAMANKIRA,BHOJPUR,MATAMAHUL,13
Sambalpur,JAMANKIRA,BHOJPUR,MATAMAHUL 2ND,3
Sambalpur,JAMANKIRA,BHOJPUR,SANTIMAL,7
Sambalpur,JAMANKIRA,BHOJPUR,SIHIRIA,27
Sambalpur,JAMANKIRA,BHOJPUR,TULSIDIHI,6
Sambalpur,JAMANKIRA,CHAKULIABAHAL,BALICHUAN,9
Sambalpur,JAMANKIRA,CHAKULIABAHAL,CHAKULIABAHAL,10
Sambalpur,JAMANKIRA,CHAKULIABAHAL,FALSABAHAL,20
Sambalpur,JAMANKIRA,CHAKULIABAHAL,HATIBANDHA,33
Sambalpur,JAMANKIRA,CHAKULIABAHAL,KARLAGHATI,8
Sambalpur,JAMANKIRA,CHAKULIABAHAL,KARLAGHATI 2ND,7
Sambalpur,JAMANKIRA,CHAKULIABAHAL,KULUNDA,12
Sambalpur,JAMANKIRA,CHAKULIABAHAL,KURDUKHAMAN,4
Sambalpur,JAMANKIRA,CHAKULIABAHAL,KUTARIMAL,13
Sambalpur,JAMANKIRA,CHAKULIABAHAL,KUTARIMAL 2ND,1
Sambalpur,JAMANKIRA,CHAKULIABAHAL,MENDHABAHAL,45
Sambalpur,JAMANKIRA,CHAKULIABAHAL,PANDIBAHAL,46
Sambalpur,JAMANKIRA,CHAKULIABAHAL,TARANDA,22
Sambalpur,JAMANKIRA,CHAKULIABAHAL,TITOBAHAL,25
Sambalpur,JAMANKIRA,DHUDIPALI,BAGHIABERNA,13
Sambalpur,JAMANKIRA,DHUDIPALI,BARIHADIHI,10
Sambalpur,JAMANKIRA,DHUDIPALI,BHOIPALI,33
Sambalpur,JAMANKIRA,DHUDIPALI,BISIDUNGURI,10
Sambalpur,JAMANKIRA,DHUDIPALI,DAITARIBAHAL,3
Sambalpur,JAMANKIRA,DHUDIPALI,DAITARIBAHAL (REM),4
Sambalpur,JAMANKIRA,DHUDIPALI,DHUDIPALI,1
Sambalpur,JAMANKIRA,DHUDIPALI,LADAMPALI,56
Sambalpur,JAMANKIRA,DHUDIPALI,LINGAPALI,19
Sambalpur,JAMANKIRA,DHUDIPALI,LINGAPALI (REM),3
Sambalpur,JAMANKIRA,DHUDIPALI,LUDHAPOSHI,25
Sambalpur,JAMANKIRA,DHUDIPALI,MANAPALI,8
Sambalpur,JAMANKIRA,DHUDIPALI,RAJAMUNDA,8
Sambalpur,JAMANKIRA,DHUDIPALI,SANBALIMAL,6
Sambalpur,JAMANKIRA,DHUDIPALI,TALMUNDA,43
Sambalpur,JAMANKIRA,DIMIRIMUNDA,BABEJORI,47
Sambalpur,JAMANKIRA,DIMIRIMUNDA,BADKUDAR,10
Sambalpur,JAMANKIRA,DIMIRIMUNDA,BALIBUDA,17
Sambalpur,JAMANKIRA,DIMIRIMUNDA,BALICHAKARA,8
Sambalpur,JAMANKIRA,DIMIRIMUNDA,BAMANDAGAD,4
Sambalpur,JAMANKIRA,DIMIRIMUNDA,BHAINABEDA,4
Sambalpur,JAMANKIRA,DIMIRIMUNDA,BIJADIHI,13
Sambalpur,JAMANKIRA,DIMIRIMUNDA,JHARMUNDA,48
Sambalpur,JAMANKIRA,DIMIRIMUNDA,KENDUBERNI,1
Sambalpur,JAMANKIRA,DIMIRIMUNDA,KHADIAPALI,10
Sambalpur,JAMANKIRA,DIMIRIMUNDA,LEPEIKANI,46
Sambalpur,JAMANKIRA,DIMIRIMUNDA,LEPEIKANI R/F (NEW),3
Sambalpur,JAMANKIRA,DIMIRIMUNDA,SUIPADAR,23
Sambalpur,JAMANKIRA,DIMIRIMUNDA,TABALAKATA,13
Sambalpur,JAMANKIRA,DIMIRIMUNDA,TABALAKATA REM,2
Sambalpur,JAMANKIRA,DIMIRIMUNDA,THAKURPALI,13
Sambalpur,JAMANKIRA,DIMIRIMUNDA,THAKURPALI (REM),3
Sambalpur,JAMANKIRA,FASHIMAL,BANDHABAHAL,3
Sambalpur,JAMANKIRA,FASHIMAL,BANJARIBAHAL,11
Sambalpur,JAMANKIRA,FASHIMAL,DEHURUNIMAL,6
Sambalpur,JAMANKIRA,FASHIMAL,FAPENBAHAL,24
Sambalpur,JAMANKIRA,FASHIMAL,FAPENBAHAL REM,6
Sambalpur,JAMANKIRA,FASHIMAL,FASHIMAL,16
Sambalpur,JAMANKIRA,FASHIMAL,FASHIMAL REM,4
Sambalpur,JAMANKIRA,FASHIMAL,GAILMUNDI,11
Sambalpur,JAMANKIRA,FASHIMAL,GAILMUNDI (REM 2 ),2
Sambalpur,JAMANKIRA,FASHIMAL,GARIABAHAL,13
Sambalpur,JAMANKIRA,FASHIMAL,GULUJIPALI,35
Sambalpur,JAMANKIRA,FASHIMAL,KANKADAKHOL,22
Sambalpur,JAMANKIRA,FASHIMAL,PUKUDA,9
Sambalpur,JAMANKIRA,FASHIMAL,TILEIMAL,13
Sambalpur,JAMANKIRA,FASHIMAL,TILEIMAL REM,2
Sambalpur,JAMANKIRA,GUNDURUCHUAN,AMBAKATA,24
Sambalpur,JAMANKIRA,GUNDURUCHUAN,BANDHAPALI,16
Sambalpur,JAMANKIRA,GUNDURUCHUAN,BUDELKANI,43
Sambalpur,JAMANKIRA,GUNDURUCHUAN,CHERENGAMAL,24
Sambalpur,JAMANKIRA,GUNDURUCHUAN,CHERENGAMAL (REM),13
Sambalpur,JAMANKIRA,GUNDURUCHUAN,GANDAJAMUMAL,7
Sambalpur,JAMANKIRA,GUNDURUCHUAN,KATARKELA,31
Sambalpur,JAMANKIRA,GUNDURUCHUAN,KATARKELA (REM),1
Sambalpur,JAMANKIRA,GUNDURUCHUAN,KHAMARBAHAL,9
Sambalpur,JAMANKIRA,GUNDURUCHUAN,KHAMARBAHAL REM,3
Sambalpur,JAMANKIRA,GUNDURUCHUAN,KUMBHARUNIPOSI,9
Sambalpur,JAMANKIRA,GUNDURUCHUAN,MAHIJURA,2
Sambalpur,JAMANKIRA,GUNDURUCHUAN,NIKTIMAL,21
Sambalpur,JAMANKIRA,GUNDURUCHUAN,NIKTIMAL (REM 2),1
Sambalpur,JAMANKIRA,GUNDURUCHUAN,NIKTIMAL REM,3
Sambalpur,JAMANKIRA,JAMANKIRA,ARJUNPALI,50
Sambalpur,JAMANKIRA,JAMANKIRA,CHHEMUNDA,53
Sambalpur,JAMANKIRA,JAMANKIRA,CHHEMUNDA R/F (NEW),16
Sambalpur,JAMANKIRA,JAMANKIRA,DURGADIHI,43
Sambalpur,JAMANKIRA,JAMANKIRA,JAMANKIRA,41
Sambalpur,JAMANKIRA,JAMANKIRA,JAMANKIRA (REM ),8
Sambalpur,JAMANKIRA,JAMANKIRA,KHAIRDIHI,39
Sambalpur,JAMANKIRA,JAMANKIRA,PATABANDHA,14
Sambalpur,JAMANKIRA,JAMANKIRA,SANLANGABAHAL,62
Sambalpur,JAMANKIRA,JAMANKIRA,SANLANGABAHAL REM,6
Sambalpur,JAMANKIRA,JAMANKIRA,TULUB,44
Sambalpur,JAMANKIRA,KASADA,BADLANGABAHAL,28
Sambalpur,JAMANKIRA,KASADA,KASADA,39
Sambalpur,JAMANKIRA,KASADA,KENDEIMAL,2
Sambalpur,JAMANKIRA,KASADA,KUAGOLA,42
Sambalpur,JAMANKIRA,KASADA,KUAGOLA REM,3
Sambalpur,JAMANKIRA,KASADA,MAHALINGKUDAR,21
Sambalpur,JAMANKIRA,KATANGAPANI,BADKACHHAR,24
Sambalpur,JAMANKIRA,KATANGAPANI,GAILMUNDI,6
Sambalpur,JAMANKIRA,KATANGAPANI,JALIKHOL,13
Sambalpur,JAMANKIRA,KATANGAPANI,JATIAKHOLDIHI,15
Sambalpur,JAMANKIRA,KATANGAPANI,KALAPAT,25
Sambalpur,JAMANKIRA,KATANGAPANI,KATANGAPANI,53
Sambalpur,JAMANKIRA,KATANGAPANI,KATANGAPANI (REM 2 ND ),5
Sambalpur,JAMANKIRA,KATANGAPANI,KUMBHIACHUAN,15
Sambalpur,JAMANKIRA,KATANGAPANI,MAYURNACHEN,4
Sambalpur,JAMANKIRA,KATANGAPANI,MAYURNACHEN REM,8
Sambalpur,JAMANKIRA,KATANGAPANI,SANBHALUCHUAN,14
Sambalpur,JAMANKIRA,KATANGAPANI,SANBHALUCHUAN REM,4
Sambalpur,JAMANKIRA,KATANGAPANI,SAREIPALI,14
Sambalpur,JAMANKIRA,KATANGAPANI,SAREIPALI REM,1
Sambalpur,JAMANKIRA,KATANGAPANI,SIALDARAH,36
Sambalpur,JAMANKIRA,KATANGPANI,BADKACHHAR REM,1
Sambalpur,JAMANKIRA,KATANGPANI,BADKACHHAR(REM 2),3
Sambalpur,JAMANKIRA,KATANGPANI,JATIAKHOLDIHI (REM),3
Sambalpur,JAMANKIRA,KATANGPANI,KATANGAPANI REM,2
Sambalpur,JAMANKIRA,KATANGPANI,KATANGPANI REM,4
Sambalpur,JAMANKIRA,KATANGPANI,MAYURNACHEN REM,2
Sambalpur,JAMANKIRA,KATANGPANI,SAREIPALI (REM 2),1
Sambalpur,JAMANKIRA,KENADHIPA,BELUANMAL,5
Sambalpur,JAMANKIRA,KENADHIPA,BELUANMAL REM,3
Sambalpur,JAMANKIRA,KENADHIPA,DAMGAON,17
Sambalpur,JAMANKIRA,KENADHIPA,FULCHANGUDI,35
Sambalpur,JAMANKIRA,KENADHIPA,KENADHIPA,6
Sambalpur,JAMANKIRA,KENADHIPA,KENADHIPA (REM),3
Sambalpur,JAMANKIRA,KENADHIPA,NAKTIPALI,27
Sambalpur,JAMANKIRA,KENADHIPA,SARBE,40
Sambalpur,JAMANKIRA,KHARSANMAL,BAGLAT,29
Sambalpur,JAMANKIRA,KHARSANMAL,DHULIAPALI,21
Sambalpur,JAMANKIRA,KHARSANMAL,DHULIAPLAI REM,3
Sambalpur,JAMANKIRA,KHARSANMAL,GUDGUDA,5
Sambalpur,JAMANKIRA,KHARSANMAL,KANIBANDHALI,66
Sambalpur,JAMANKIRA,KHARSANMAL,KHAIRMAL,20
Sambalpur,JAMANKIRA,KHARSANMAL,KHAIRMAL ( 2 ND ),26
Sambalpur,JAMANKIRA,KHARSANMAL,KUMKAPALI,60
Sambalpur,JAMANKIRA,KHARSANMAL,MUNDHENPALI (GOPIKATA) RE,3
Sambalpur,JAMANKIRA,KHARSANMAL,PATHAMUNDA,86
Sambalpur,JAMANKIRA,KHARSANMAL,SAHAJBAHAL,7
Sambalpur,JAMANKIRA,KHARSANMAL,TANGARPALI,1
Sambalpur,JAMANKIRA,KULUNDI,BADKUNDHEISARA,11
Sambalpur,JAMANKIRA,KULUNDI,BANDHABAHAL,44
Sambalpur,JAMANKIRA,KULUNDI,BANMAL,24
Sambalpur,JAMANKIRA,KULUNDI,BANMAL REM,4
Sambalpur,JAMANKIRA,KULUNDI,BUDHIKUTUNI,61
Sambalpur,JAMANKIRA,KULUNDI,GADPATI,7
Sambalpur,JAMANKIRA,KULUNDI,KADALIPAL,49
Sambalpur,JAMANKIRA,KULUNDI,KADALIPAL ( REM 3 RD ),4
Sambalpur,JAMANKIRA,KULUNDI,KADALIPAL REM,9
Sambalpur,JAMANKIRA,KULUNDI,KENDUBERNI,4
Sambalpur,JAMANKIRA,KULUNDI,KULUNDI,72
Sambalpur,JAMANKIRA,KULUNDI,KUSALI,13
Sambalpur,JAMANKIRA,KULUNDI,NUABAGHARA,62
Sambalpur,JAMANKIRA,KULUNDI,NUABAGHARA (BANKTAL) (REM) R/F,24
Sambalpur,JAMANKIRA,KULUNDI,NUABAGHARA (BANKTAL) NEW R/F,14
Sambalpur,JAMANKIRA,KULUNDI,NUABAGHARA (REM ),8
Sambalpur,JAMANKIRA,KULUNDI,NUNBHET,7
Sambalpur,JAMANKIRA,KULUNDI,PATRAPALI,28
Sambalpur,JAMANKIRA,MAHADA,BHIMKHOJ,10
Sambalpur,JAMANKIRA,MAHADA,BINJIPALI,39
Sambalpur,JAMANKIRA,MAHADA,DALKI,14
Sambalpur,JAMANKIRA,MAHADA,DALKI 2ND,3
Sambalpur,JAMANKIRA,MAHADA,GANGADIHI,2
Sambalpur,JAMANKIRA,MAHADA,KARDAKHAMAN,18
Sambalpur,JAMANKIRA,MAHADA,MAHADA,22
Sambalpur,JAMANKIRA,MAHADA,PHATAMUNDA,12
Sambalpur,JAMANKIRA,MUDHENPALI,BHEJIKUDAR,7
Sambalpur,JAMANKIRA,MUDHENPALI,JHARMUNDA,15
Sambalpur,JAMANKIRA,MUDHENPALI,MUDHENPALI,3
Sambalpur,JAMANKIRA,MUDHENPALI,SANKUNDHEISARA,2
Sambalpur,JAMANKIRA,MUNDHENPALI,JHARMUNDA REM,2
Sambalpur,JAMANKIRA,MUNDHENPALI,MUNDHENPALI REM,2
Sambalpur,JAMANKIRA,MUNDHENPALI,NUABURDA,16
Sambalpur,JAMANKIRA,MUNDHENPALI,RENGALPALI,3
Sambalpur,JAMANKIRA,SARADA,PATHURIA,11
Sambalpur,JAMANKIRA,SARADA,PODADIHI,18
Sambalpur,JAMANKIRA,SARADA,SALOHI,9
Sambalpur,JAMANKIRA,SARADA,SARADA,3
Sambalpur,JAMANKIRA,SARADA,TILEIMAL,28
Sambalpur,JAMANKIRA,SARDA,PATHURIA,24
Sambalpur,JAMANKIRA,SARDA,PODADIHI,12
Sambalpur,JAMANKIRA,SARDA,SALOHI,7
Sambalpur,JAMANKIRA,SARDA,SARDA,14
Sambalpur,JAMANKIRA,SARDA,SARDA R/F (NEW),3
Sambalpur,JAMANKIRA,SARDA,TILEIMAL,27
Sambalpur,JAMANKIRA,SARDA,TILEIMAL (REM),3
Sambalpur,JAMANKIRA,SIRID,BADHUNICHUAN,13
Sambalpur,JAMANKIRA,SIRID,BIJADIHI,1
Sambalpur,JAMANKIRA,SIRID,DHUDIKHOL,22
Sambalpur,JAMANKIRA,SIRID,GADADHARPUR,62
Sambalpur,JAMANKIRA,SIRID,JHARPUR,11
Sambalpur,JAMANKIRA,SIRID,KARANGAMAL,68
Sambalpur,JAMANKIRA,SIRID,KUILARIJOR,73
Sambalpur,JAMANKIRA,SIRID,SIRID,48
Sambalpur,JAMANKIRA,SUBARNAPALI,GHODABANDHUNI,29
Sambalpur,JAMANKIRA,SUBARNAPALI,LACHHIMAL,41
Sambalpur,JAMANKIRA,SUBARNAPALI,LACHHIMAL(REM),3
Sambalpur,JAMANKIRA,SUBARNAPALI,NAGRABAHAL,38
Sambalpur,JAMANKIRA,SUBARNAPALI,NUAGAON (SARGUDIHI),18
Sambalpur,JAMANKIRA,TIKBA,TIKBA,56
Sambalpur,JAMANKIRA,TIKIBA,ARDAPAL,2
Sambalpur,JAMANKIRA,TIKIBA,BADBADIBAHAL,16
Sambalpur,JAMANKIRA,TIKIBA,BADKHALIA,22
Sambalpur,JAMANKIRA,TIKIBA,BRAHMANIPALI,9
Sambalpur,JAMANKIRA,TIKIBA,GAIBATA,9
Sambalpur,JAMANKIRA,TIKIBA,KENDEIKHOL,18
Sambalpur,JAMANKIRA,TIKIBA,KHAIRDIHI,44
Sambalpur,JAMANKIRA,TIKIBA,RANKIBAHAL,16
Sambalpur,JAMANKIRA,TIKIBA,TIKIBA,44
Sambalpur,JAMANKIRA,TIKILIPADA,BADBHALUCHUAN,72
Sambalpur,JAMANKIRA,TIKILIPADA,BADBHALUCHUAN R/F (NEW),21
Sambalpur,JAMANKIRA,TIKILIPADA,BAGHIACHUAN,8
Sambalpur,JAMANKIRA,TIKILIPADA,BARHAMUNDI,40
Sambalpur,JAMANKIRA,TIKILIPADA,CHHATABAR,30
Sambalpur,JAMANKIRA,TIKILIPADA,CHHATABAR REM,1
Sambalpur,JAMANKIRA,TIKILIPADA,CHHATABAR(REM 2),2
Sambalpur,JAMANKIRA,TIKILIPADA,DHALENI,23
Sambalpur,JAMANKIRA,TIKILIPADA,GHOSARAGODA (KA),69
Sambalpur,JAMANKIRA,TIKILIPADA,"GHOSARAGODA (KHA),BELUANMAL",59
Sambalpur,JAMANKIRA,TIKILIPADA,JEMAMAL,40
Sambalpur,JAMANKIRA,TIKILIPADA,JEMAMAL 2ND,28
Sambalpur,JAMANKIRA,TIKILIPADA,JUNADIHI,50
Sambalpur,JAMANKIRA,TIKILIPADA,JUNANI,17
Sambalpur,JAMANKIRA,TIKILIPADA,MADHYAM BADIBAHAL,56
Sambalpur,JAMANKIRA,TIKILIPADA,RENGALBEDA,20
Sambalpur,JAMANKIRA,TIKILIPADA,SALEDUNGURI,16
Sambalpur,JAMANKIRA,TIKILIPADA,SALEDUNGURI R/F (NEW),13
Sambalpur,JAMANKIRA,TIKILIPADA,TIKILIPADA,94
Sambalpur,JAMANKIRA,TIKILIPADA,TIKILIPADA (REM 2),5
Sambalpur,JAMANKIRA,TIKILIPADA,TIKILIPADA REM,7
Sambalpur,JUJUMURA,BIRSINGGAD,BIRSINGGARH,24
Sambalpur,JUJUMURA,CHHAMUNDA,CHHAMUNDA,10
Sambalpur,JUJUMURA,GODLOISING,BANDIJHARAN,38
Sambalpur,JUJUMURA,GODLOISING,GODLOISING,39
Sambalpur,JUJUMURA,GODLOISING,MAHAKUDPALI,29
Sambalpur,JUJUMURA,GODLOISING,RUGUDIPALI,28
Sambalpur,JUJUMURA,KANSARA,BHIMKHOJ,51
Sambalpur,JUJUMURA,KANSARA,BUDHIAKATA,40
Sambalpur,JUJUMURA,KANSARA,DANTARI,21
Sambalpur,JUJUMURA,KANSARA,DHADUMUNDA,36
Sambalpur,JUJUMURA,KANSARA,GADAGADBAHAL,35
Sambalpur,JUJUMURA,KAYAKUD,BADPAL,36
Sambalpur,JUJUMURA,KAYAKUD,GAILGUDI,20
Sambalpur,JUJUMURA,KAYAKUD,GIDMAL,3
Sambalpur,JUJUMURA,KAYAKUD,KAYAKUD,44
Sambalpur,JUJUMURA,KAYAKUD,KHAMARBADMAL,16
Sambalpur,JUJUMURA,KAYAKUD,LANGBAHAL,25
Sambalpur,JUJUMURA,KAYAKUD,SAHAJKHULIA,7
Sambalpur,JUJUMURA,KAYAKUD,TALJHARAN,23
Sambalpur,JUJUMURA,KESAPALI,AINLAJHARAN,7
Sambalpur,JUJUMURA,KESAPALI,BADSUDANGPAL,5
Sambalpur,JUJUMURA,KESAPALI,BARDIDINGA,58
Sambalpur,JUJUMURA,KESAPALI,ELBO,9
Sambalpur,JUJUMURA,KESAPALI,KESHAPALI,28
Sambalpur,JUJUMURA,KESAPALI,KOLGOAN,4
Sambalpur,JUJUMURA,KESAPALI,LAIDA,4
Sambalpur,JUJUMURA,KESAPALI,PADAPANI,3
Sambalpur,JUJUMURA,KESAPALI,PADIABADMAL,15
Sambalpur,JUJUMURA,KESAPALI,PANCHPHUT,9
Sambalpur,JUJUMURA,KESAPALI,SALEJHARAN,7
Sambalpur,JUJUMURA,LIPINDA,BEHERANIBESA,24
Sambalpur,JUJUMURA,LIPINDA,BHOIPALI,14
Sambalpur,JUJUMURA,LIPINDA,DHAMAKATA,21
Sambalpur,JUJUMURA,LIPINDA,FALSAKHULIA,12
Sambalpur,JUJUMURA,LIPINDA,JAMJORI,22
Sambalpur,JUJUMURA,LIPINDA,JARASINGHA,4
Sambalpur,JUJUMURA,LIPINDA,LIPINDA,27
Sambalpur,JUJUMURA,LIPINDA,MARAMJURI,13
Sambalpur,JUJUMURA,LIPINDA,PANDRI,28
Sambalpur,JUJUMURA,MEGHAPAL,KUSAMURA,41
Sambalpur,JUJUMURA,MEGHAPAL,MEGHAPAL,43
Sambalpur,JUJUMURA,MEGHAPAL,RANTAL,33
Sambalpur,JUJUMURA,MEGHAPAL,TAMPERSINGHA,31
Sambalpur,JUJUMURA,MEGHAPAL,TILEIMAL,30
Sambalpur,KUCHINDA,ARDABAHAL,ARDABAHAL,23
Sambalpur,KUCHINDA,ARDABAHAL,JAYPURGARH,19
Sambalpur,KUCHINDA,ARDABAHAL,LASARATANGAR,3
Sambalpur,KUCHINDA,ARDABAHAL,NAGADIHI,16
Sambalpur,KUCHINDA,ARDABAHAL,ROUTBAHAL,16
Sambalpur,KUCHINDA,ARDABAHL,LASRATANGAR,5
Sambalpur,KUCHINDA,ARDABAHL,LASRATANGAR R/REM,3
Sambalpur,KUCHINDA,ARDABAHL,ROUTBAHAL (2ND),35
Sambalpur,KUCHINDA,ARDABAHL,ROUTBAHAL R/REM,18
Sambalpur,KUCHINDA,BANKEY,BABUMALTI,24
Sambalpur,KUCHINDA,BANKEY,BANKEY,46
Sambalpur,KUCHINDA,BANKEY,DUMERMAL,28
Sambalpur,KUCHINDA,BANKEY,GOPALPALI,2
Sambalpur,KUCHINDA,BANKEY,KATUPALI,6
Sambalpur,KUCHINDA,BANKEY,KATUPALI (2ND),44
Sambalpur,KUCHINDA,BANKEY,KHALIAMUNDA,6
Sambalpur,KUCHINDA,BANKEY,PHATATANGAR,34
Sambalpur,KUCHINDA,BANKEY,TAMANGUDA,12
Sambalpur,KUCHINDA,BAURIGODA,BAURIGODA ( RUPDHAR ),63
Sambalpur,KUCHINDA,BAURIGODA,BAURIGODA 2ND,25
Sambalpur,KUCHINDA,BAURIGODA,BAURIGODA(REM),5
Sambalpur,KUCHINDA,BAURIGODA,BHALUBAHAL,23
Sambalpur,KUCHINDA,BAURIGODA,BHALUBAHAL (2ND ),42
Sambalpur,KUCHINDA,BAURIGODA,GANMUNDA,15
Sambalpur,KUCHINDA,BAURIGODA,KURMIMUNDA,24
Sambalpur,KUCHINDA,BAURIGODA,KURMIMUNDA ( 2 ND ),12
Sambalpur,KUCHINDA,BAURIGODA,KURMIMUNDA REM,11
Sambalpur,KUCHINDA,BOXMA,AMILCHUAN,7
Sambalpur,KUCHINDA,BOXMA,BALIPATA,28
Sambalpur,KUCHINDA,BOXMA,BALIPATA REM,19
Sambalpur,KUCHINDA,BOXMA,BHELUANPALI,29
Sambalpur,KUCHINDA,BOXMA,BHELUANPALI ( 2 ND ),29
Sambalpur,KUCHINDA,BOXMA,BOXMA,3
Sambalpur,KUCHINDA,BOXMA,CHARBHATI ( REM ),5
Sambalpur,KUCHINDA,BOXMA,JAMANKIRA -B,16
Sambalpur,KUCHINDA,BOXMA,KATUNAGAR,23
Sambalpur,KUCHINDA,BOXMA,KUILERDHUDA,8
Sambalpur,KUCHINDA,BOXMA,LAD,13
Sambalpur,KUCHINDA,BOXMA,LAD (REM),5
Sambalpur,KUCHINDA,BOXMA,TAINSAR,7
Sambalpur,KUCHINDA,BOXMA,THAKURNIKTIMAL,25
Sambalpur,KUCHINDA,BOXMA,THAKURNIKTIMAL (REM),25
Sambalpur,KUCHINDA,CHANDANIMAL,KELDA,27
Sambalpur,KUCHINDA,CHANDANIMAL,LASSA,28
Sambalpur,KUCHINDA,CHANDANIMAL,TIHADIPALI,21
Sambalpur,KUCHINDA,GOCHHARA,ANDHARIPALI,1
Sambalpur,KUCHINDA,GOCHHARA,GOCHHARA,35
Sambalpur,KUCHINDA,GOCHHARA,GURUAN,17
Sambalpur,KUCHINDA,GOCHHARA,JENAPADA,6
Sambalpur,KUCHINDA,GOCHHARA,KALHAPADA,31
Sambalpur,KUCHINDA,GOCHHARA,LAIGURA,86
Sambalpur,KUCHINDA,GOCHHARA,ULUNDA,35
Sambalpur,KUCHINDA,HADIPALI,KINDIRA,48
Sambalpur,KUCHINDA,HADIPALI,PANPALI R/F,21
Sambalpur,KUCHINDA,HADIPALI,SINKALPOSHI,1
Sambalpur,KUCHINDA,HADIPALI,SINKALPOSHI (REM),4
Sambalpur,KUCHINDA,KHANDOKATA,BADMAL,13
Sambalpur,KUCHINDA,KHANDOKATA,JUNANI,13
Sambalpur,KUCHINDA,KHANDOKATA,KHANDOKATA,12
Sambalpur,KUCHINDA,KU. JAMANKIRA,BADMUNDALOI,30
Sambalpur,KUCHINDA,KU. JAMANKIRA,BADMUNDALOI (REM ),17
Sambalpur,KUCHINDA,KU. JAMANKIRA,EKAGUDI,8
Sambalpur,KUCHINDA,KU. JAMANKIRA,JALDIHI,7
Sambalpur,KUCHINDA,KU. JAMANKIRA,KENDUKHUNTI,18
Sambalpur,KUCHINDA,KU. JAMANKIRA,KU. JAMNANKIRA,29
Sambalpur,KUCHINDA,KU. JAMANKIRA,KUKAM,19
Sambalpur,KUCHINDA,KU. JAMANKIRA,KUREICHUAN,14
Sambalpur,KUCHINDA,KU. JAMANKIRA,PUDIAKHAMAN,37
Sambalpur,KUCHINDA,KU. JAMANKIRA,PUDIAKHAMAN 2ND,2
Sambalpur,KUCHINDA,KU. JAMANKIRA,RENGALI,19
Sambalpur,KUCHINDA,KU. JAMANKIRA,SALEKHAMAN,20
Sambalpur,KUCHINDA,KU. JAMANKIRA,SANMUNDALOI,33
Sambalpur,KUCHINDA,KULEIGARH,BUDULAPALI,17
Sambalpur,KUCHINDA,KULEIGARH,KULEIGARH,2
Sambalpur,KUCHINDA,KULEIGARH,PURUNAPANI,4
Sambalpur,KUCHINDA,KUNTARA,BAGADIHI,35
Sambalpur,KUCHINDA,KUNTARA,BAGADIHI 2ND,10
Sambalpur,KUCHINDA,KUNTARA,JHARMAL,31
Sambalpur,KUCHINDA,KUNTARA,JHARMAL (REM),5
Sambalpur,KUCHINDA,KUNTARA,KALIJHARAN,13
Sambalpur,KUCHINDA,KUNTARA,KHAIRABAHAL,4
Sambalpur,KUCHINDA,KUNTARA,KUNTARA,37
Sambalpur,KUCHINDA,KUNTARA,KUNTARA 3RD,3
Sambalpur,KUCHINDA,KUNTARA,TUREI NIKTIMAL,28
Sambalpur,KUCHINDA,KUSUMI,AINLAPOSI,16
Sambalpur,KUCHINDA,KUSUMI,BAMLOIKELA,14
Sambalpur,KUCHINDA,KUSUMI,BANDABAHAL,16
Sambalpur,KUCHINDA,KUSUMI,BRAHMANIDEI,27
Sambalpur,KUCHINDA,KUSUMI,CHITRAPOSI,5
Sambalpur,KUCHINDA,KUSUMI,KUSUMI,13
Sambalpur,KUCHINDA,KUSUMI,RANEKELA,28
Sambalpur,KUCHINDA,KUSUMI,RANEKELA 2ND,1
Sambalpur,KUCHINDA,KUTURACHUAN,KIRASHASAN,8
Sambalpur,KUCHINDA,KUTURACHUAN,KUTURACHUAN,3
Sambalpur,KUCHINDA,KUTURACHUAN,SATKAMA,15
Sambalpur,KUCHINDA,KUTURACHUAN,TILEIMAL,9
Sambalpur,KUCHINDA,KUTURACHUAN,TILEIMAL (REM),1
Sambalpur,KUCHINDA,PARUABHADI,PANDARIKATA,1
Sambalpur,KUCHINDA,PARUABHADI,PARUABHADI,8
Sambalpur,KUCHINDA,PARUABHADI,PATRAPALI,4
Sambalpur,KUCHINDA,PARUABHADI,RAMATILEIMAL,46
Sambalpur,KUCHINDA,PARUABHADI,RAMATILEIMAL REM,1
Sambalpur,KUCHINDA,PARUABHADI,SAHAJBAHAL,1
Sambalpur,KUCHINDA,SALEBHADI,BADBAHAL(KURMULOIKELA),26
Sambalpur,KUCHINDA,SALEBHADI,BAGHIADIHI,15
Sambalpur,KUCHINDA,SALEBHADI,BAGHIAJUNGLE,24
Sambalpur,KUCHINDA,SALEBHADI,BAGHIAJUNGLE ( 2ND ),11
Sambalpur,KUCHINDA,SALEBHADI,DULESARA,41
Sambalpur,KUCHINDA,SALEBHADI,GOSAINPADA,21
Sambalpur,KUCHINDA,SALEBHADI,HINJERKELA,9
Sambalpur,KUCHINDA,SALEBHADI,JANDA,14
Sambalpur,KUCHINDA,SALEBHADI,LUNDURUDIHI,32
Sambalpur,KUCHINDA,SALEBHADI,PUKUDA JANGAL,4
Sambalpur,KUCHINDA,SALEBHADI,SALEBHADI,9
Sambalpur,KUCHINDA,SALEBHADI,SALEBHADI 2ND,6
Sambalpur,KUCHINDA,SALEBHADI,SUDHALOI,16
Sambalpur,KUCHINDA,SALEBHADI,TANMURA,18
Sambalpur,KUCHINDA,TAINSAR,KARDAKHAMAN,35
Sambalpur,KUCHINDA,TAINSAR,KARDAKHAMAN (REM),8
Sambalpur,KUCHINDA,TAINSAR,KULANGJORE,18
Sambalpur,KUCHINDA,TAINSAR,PHATATANGAR,24
Sambalpur,KUCHINDA,TAINSAR,PHATATANGAR ( 2ND ),16
Sambalpur,KUCHINDA,TAINSAR,RANGIATIKRA,3
Sambalpur,KUCHINDA,TAINSAR,TAINSAR,32
Sambalpur,KUCHINDA,TAINSAR,THIABERNA,40
Sambalpur,KUCHINDA,TAINSAR,THIABERNA ( REM ),2
Sambalpur,KUCHINDA,TELITILEIMAL,ANANDAPUR,58
Sambalpur,KUCHINDA,TELITILEIMAL,ARJUNDIHI,16
Sambalpur,KUCHINDA,TELITILEIMAL,BARAPANK,9
Sambalpur,KUCHINDA,TELITILEIMAL,BARPANK 2ND,2
Sambalpur,KUCHINDA,TELITILEIMAL,BIHABARI,23
Sambalpur,KUCHINDA,TELITILEIMAL,BURODIHI,46
Sambalpur,KUCHINDA,TELITILEIMAL,DANSANADIHI,35
Sambalpur,KUCHINDA,TELITILEIMAL,DANSANADIHI (REM),12
Sambalpur,KUCHINDA,TELITILEIMAL,DHANUDIHI,20
Sambalpur,KUCHINDA,TELITILEIMAL,DHANUDIHI ( REM ),5
Sambalpur,KUCHINDA,TELITILEIMAL,DHANUDIHI R/F,16
Sambalpur,KUCHINDA,TELITILEIMAL,HAGRUDIHI,5
Sambalpur,KUCHINDA,TELITILEIMAL,JALIBAHAL,16
Sambalpur,KUCHINDA,TELITILEIMAL,KAPUTIKRA,9
Sambalpur,KUCHINDA,TELITILEIMAL,LAIDAGUNA,13
Sambalpur,KUCHINDA,TELITILEIMAL,LAIDAGUNA (REM),4
Sambalpur,KUCHINDA,TELITILEIMAL,MADAMMOHANPUR,27
Sambalpur,KUCHINDA,TELITILEIMAL,MANTRIMUNDA,10
Sambalpur,KUCHINDA,TELITILEIMAL,ORAMNIKTIMAL,18
Sambalpur,KUCHINDA,TELITILEIMAL,ORAMNIKTIMAL (REM),21
Sambalpur,KUCHINDA,TELITILEIMAL,RAMJHALI,31
Sambalpur,KUCHINDA,TELITILEIMAL,TELITILEIMAL,21
Sambalpur,MANESWAR,DEOGAON,HOTAPAL,51
Sambalpur,NAKTIDEUL,BALAM,TIKILIPADA,5
Sambalpur,NAKTIDEUL,DAINCHA,CHHATRAPUR,1
Sambalpur,NAKTIDEUL,DAINCHA,DAINCHA,11
Sambalpur,NAKTIDEUL,DAINCHA,GOPALPUR,12
Sambalpur,NAKTIDEUL,DAINCHA,HINTEREI,24
Sambalpur,NAKTIDEUL,DAINCHA,KHOLAGARH,14
Sambalpur,NAKTIDEUL,DAINCHA,KHOLGARH,2
Sambalpur,NAKTIDEUL,DAINCHA,LAIZA,2
Sambalpur,NAKTIDEUL,DAINCHA,MUTURUMUNDA,19
Sambalpur,NAKTIDEUL,DAINCHA,RUKUNIPUR,1
Sambalpur,NAKTIDEUL,DAINCHA,TANDABIRA,10
Sambalpur,NAKTIDEUL,DAINCHA,TERBEDA,3
Sambalpur,NAKTIDEUL,GHOSARAMAL,BUROMAL,3
Sambalpur,NAKTIDEUL,GHOSARAMAL,DHATUKIMAL,31
Sambalpur,NAKTIDEUL,GHOSARAMAL,HARIPUR,15
Sambalpur,NAKTIDEUL,GHOSARAMAL,KAMALANALI,2
Sambalpur,NAKTIDEUL,GHOSARAMAL,KHETRAPUR,44
Sambalpur,NAKTIDEUL,GHOSARAMAL,LAMPAFULLI,1
Sambalpur,NAKTIDEUL,GHOSARAMAL,LANDIMAL,16
Sambalpur,NAKTIDEUL,GHOSARAMAL,PANDARISILA,26
Sambalpur,NAKTIDEUL,GHOSARAMAL,RAIL,17
Sambalpur,NAKTIDEUL,GHOSARAMAL,RUSI BADMAL,37
Sambalpur,NAKTIDEUL,GHOSARAMAL,SUNAJHARI,2
Sambalpur,NAKTIDEUL,KISINDA,DHALPUR,7
Sambalpur,NAKTIDEUL,KISINDA,KALO,12
Sambalpur,NAKTIDEUL,KISINDA,KHAMARBAHAL,1
Sambalpur,NAKTIDEUL,KISINDA,LOISINGH,9
Sambalpur,NAKTIDEUL,NAME OF THE GRAM PANCHAYAT,KAMALANALI,1
Sambalpur,NAKTIDEUL,PANIMURA,BALAT,18
Sambalpur,NAKTIDEUL,PANIMURA,BALIKUTHA,22
Sambalpur,NAKTIDEUL,PANIMURA,DANGATEKA,32
Sambalpur,NAKTIDEUL,PANIMURA,DIMIRIKUDA,6
Sambalpur,NAKTIDEUL,PANIMURA,GARIAKHAMAN,3
Sambalpur,NAKTIDEUL,PANIMURA,LUHABIR,3
Sambalpur,NAKTIDEUL,PANIMURA,RUKUNIPUR,1
Sambalpur,NAKTIDEUL,PANIMURA,SAHAJBAHAL,9
Sambalpur,NAKTIDEUL,PANIMURA,SAHAJBAHAL PO-FULKUSUM,23
Sambalpur,NAKTIDEUL,PANIMURA,SANKHABHAUNI,17
Sambalpur,NAKTIDEUL,PANIMURA,TALAB,1
Sambalpur,NAKTIDEUL,PANIMURA,TILEIMAL,10
Sambalpur,NAKTIDEUL,SAHEBI,JAGANATHAPRASAD,1
Sambalpur,NAKTIDEUL,SAHEBI,JHARBEDA,45
Sambalpur,NAKTIDEUL,SAHEBI,MUSAKANI,3
Sambalpur,NAKTIDEUL,SALEBHATA,CHEMERDA,2
Sambalpur,NAKTIDEUL,SALEBHATA,DHOURAGOTHA,10
Sambalpur,NAKTIDEUL,SALEBHATA,HATAKUD,12
Sambalpur,NAKTIDEUL,SALEBHATA,KANDHAL,50
Sambalpur,NAKTIDEUL,SALEBHATA,PRATAPPUR,13
Sambalpur,NAKTIDEUL,SALEBHATA,SAGNAL,7
Sambalpur,NAKTIDEUL,SALEBHATA,SALEBHATA,17
Sambalpur,NAKTIDEUL,SIMILIPAL,KAMALPUR,37
Sambalpur,NAKTIDEUL,SIMILIPAL,SARADHAPUR,36
Sambalpur,NAKTIDEUL,SIMILIPAL,SIHILIA,22
Sambalpur,NAME OF THE BLOCK,NAME OF THE GRAM PANCHAYAT,NAME OF THE VILLAGE,308
Sambalpur,RAIRAKHOL,BADAMAL,PALASAMAL,8
Sambalpur,RAIRAKHOL,BADMAL,PALSAMAL,6
Sambalpur,RAIRAKHOL,BANSAJAL,BANSAJAL,1
Sambalpur,RAIRAKHOL,BANSAJAL,MUSAKATA,4
Sambalpur,RAIRAKHOL,BURDA,KANDATAILA,10
Sambalpur,RAIRAKHOL,CHARMAL,BARIHASAHI,11
Sambalpur,RAIRAKHOL,CHARMAL,KEUTIBAHAL,25
Sambalpur,RAIRAKHOL,CHARMAL,KULIABAHAL,25
Sambalpur,RAIRAKHOL,CHARMAL,KUTUNIA,12
Sambalpur,RAIRAKHOL,CHARMAL,MUGAPAL,2
Sambalpur,RAIRAKHOL,CHARMAL,RASHIBEDA,3
Sambalpur,RAIRAKHOL,CHARMAL,RASIBEDA,3
Sambalpur,RAIRAKHOL,GADGADBAHAL,KANDHAL,7
Sambalpur,RAIRAKHOL,GADGADBAHAL,LAMBATIDADAR,4
Sambalpur,RAIRAKHOL,GADGADBAHAL,SIRIYAPANI,2
Sambalpur,RAIRAKHOL,GARGARBAHAL,BADABERNA,1
Sambalpur,RAIRAKHOL,GARGARBAHAL,DIMIRIMUNDA,1
Sambalpur,RAIRAKHOL,GARGARBAHAL,KULIABAHALI,4
Sambalpur,RAIRAKHOL,KUKUDABAHALI,KHAJURIJHARAN,15
Sambalpur,RAIRAKHOL,LUHAPANK,BAISHNABAJULI,10
Sambalpur,RAIRAKHOL,LUHAPANK,BETAGARH,3
Sambalpur,RAIRAKHOL,LUHAPANK,DALKI,3
Sambalpur,RAIRAKHOL,LUHAPANK,HEMAMURA,3
Sambalpur,RAIRAKHOL,LUHAPANK,KENDUKHUPALI,1
Sambalpur,RAIRAKHOL,LUHAPANK,KENDUKHUPULI,3
Sambalpur,RAIRAKHOL,LUHAPANK,KHARASALI,13
Sambalpur,RAIRAKHOL,LUHAPANK,KUSUMKHOL,13
Sambalpur,RAIRAKHOL,LUHAPANK,MAHALING,1
Sambalpur,RAIRAKHOL,LUHAPANK,MAULABHANAJA,1
Sambalpur,RAIRAKHOL,LUHAPANK,NABAGHANAPUR,1
Sambalpur,RAIRAKHOL,LUHAPANK,NABAGHANPUR,3
Sambalpur,RAIRAKHOL,LUHAPANK,NAYAPALI,24
Sambalpur,RAIRAKHOL,MOCHIBAHAL,AMBADAR,12
Sambalpur,RAIRAKHOL,MOCHIBAHAL,BADA HINDOL,16
Sambalpur,RAIRAKHOL,MOCHIBAHAL,BRAHMANI,11
Sambalpur,RAIRAKHOL,MOCHIBAHAL,LADALADA,2
Sambalpur,RAIRAKHOL,MOCHIBAHAL,LADLADA,21
Sambalpur,RAIRAKHOL,MOCHIBAHAL,LAMBAKHETA,5
Sambalpur,RAIRAKHOL,MOCHIBAHAL,SATYANANDA PALI,15
Sambalpur,RAIRAKHOL,RENGALI,RENGALI,1
Sambalpur,RAIRAKHOLO,LUHAPANK,KUSUMKHOL,1
Sambalpur,RAIRKHOL,KUKUDABAHALI,SISUPARNA,1
Sambalpur,RENGALI,BOMALOI,DHHAROPANI,34
Sambalpur,RENGALI,GHICHAMURA,DERWA,31
Sambalpur,RENGALI,GHICHAMURA,GHICHAMURA,25
Sambalpur,RENGALI,GHICHAMURA,GUMKARMA,7
Sambalpur,RENGALI,JHANKARPALI,BASUPALI,6
Sambalpur,RENGALI,JHANKARPALI,KIRABANDH,9
Sambalpur,RENGALI,KINALOI,KINALOI,59
Sambalpur,RENGALI,KINALOI,LANGBAHAL,27
Sambalpur,RENGALI,KINALOI,LUHAKHANDI,31
Sambalpur,RENGALI,KINALOI,MANIKMUNDA,5
Subarnapur,BIRMAHARAJPUR,BAHALPADAR,SARDHAPALI,45
Subarnapur,BIRMAHARAJPUR,DURJANTAILA,BRAMHANIPALI,3
Subarnapur,BIRMAHARAJPUR,DURJANTAILA,DURJANTAILA,25
Subarnapur,BIRMAHARAJPUR,DURJANTAILA,DURJANTAILA (MAKHAN KHAI),16
Subarnapur,BIRMAHARAJPUR,DURJANTAILA,KUNJAPALI,17
Subarnapur,BIRMAHARAJPUR,DURJANTAILA,MASINAPALI,17
Subarnapur,BIRMAHARAJPUR,DURJANTAILA,MASINAPALI J,3
Subarnapur,BIRMAHARAJPUR,PITAMAHUL,DURDURA,15
Subarnapur,BIRMAHARAJPUR,PITAMAHUL,THAKURPUR,7
Subarnapur,BLOCK,GRAM PANCHAYAT,VILLAGE,9
Subarnapur,DUNGURIPALI,LINGMARNI,LUDKIBEDA,2
Subarnapur,SONEPUR,CHAHATAKHOL,CHAHATAKHOL,1
Subarnapur,SONEPUR,CHHAHATAKHOL,CHHAHATAKHOL,3
Subarnapur,SONEPUR,CHHAKURMAL,BADIPADIA,7
Subarnapur,SONEPUR,CHHAKURMAL,CHHAKURMAL,1
Subarnapur,SONEPUR,KALAPATHAR,DAHAJA,4
Subarnapur,SONEPUR,RENGALI,KUDADERA,18
Subarnapur,SONEPUR,RENGALI,RENGALI,39
Subarnapur,TARABHA,CHARBHATA,DANGAJORE,5
Subarnapur,TARABHA,CHARBHATA,KULTHIAPADAR,6
Subarnapur,ULLUNDA,JANURABHANURA,HATI PAHUL,3
Subarnapur,ULLUNDA,JANURABHANURA,PARDIAPALI,20
Subarnapur,ULLUNDA,JANURABHANURA,SULIA,26
Subarnapur,ULLUNDA,JOURABHANRA,BRAHAMANIPALI,17
Subarnapur,ULLUNDA,JOURABHANRA,GUJA,19
Subarnapur,ULLUNDA,JOURABHANRA,KHARAPURA,11
Subarnapur,ULLUNDA,JOURABHANRA,KRUSHNAPALLI,31
Subarnapur,ULLUNDA,JOURABHANRA,SULIA,2
Subarnapur,ULLUNDA,S PATRAPALI,DENGURDAR,2
Subarnapur,ULLUNDA,S PATRAPALI,GINDLAMAL,11
Subarnapur,ULLUNDA,S PATRAPALI,KUSUMPAL,3
