District,Block,Gram Panchayat,Village,Beneficiary_Count
Mayurbhanj,BANGIRPOSI,Banakati,Kantapal,7
Mayurbhanj,BANGIRPOSI,Banakati,Sagunasole,2
Mayurbhanj,BANGIRPOSI,Banakati,Sarasaposi,3
Mayurbhanj,BANGIRPOSI,Banakati,Satbhaya,21
Mayurbhanj,BANGIRPOSI,Nishchinta,Bholagadia,7
Mayurbhanj,BANGIRPOSI,Nishchinta,Sundhisahi,8
Mayurbhanj,BANGIRPOSI,Sorishapal,Kusmatota,8
Mayurbhanj,BANGRIPOSI,Banakati,Dahisahi,1
Mayurbhanj,BANGRIPOSI,Banakati,Satbhaya,2
Mayurbhanj,BANGRIPOSI,Nishchinta,Gohirapal,1
Mayurbhanj,BANGRIPOSI,Nishchinta,Nishchinta,1
Mayurbhanj,BANGRIPOSI,Sorishapal,Alhapani,11
Mayurbhanj,BANGRIPOSI,Sorishapal,Baunspahadi,4
Mayurbhanj,BANGRIPOSI,Sorishapal,Kukurbhuka,3
Mayurbhanj,BANGRIPOSI,Sorishapal,Palasbani,14
Mayurbhanj,BARIPADA,Rajabasa,Gobardhansole,54
Mayurbhanj,Badasahi,Chelia,Mankadkenda,2
Mayurbhanj,Badasahi,Chelia,Tirpada,5
Mayurbhanj,Badasahi,Deulia,Deulia,5
Mayurbhanj,Badasahi,Deulia,Purunapani,9
Mayurbhanj,Badasahi,Jadunathpur,Hinjalgadia,1
Mayurbhanj,Badasahi,Jarkani,Jamsole,1
Mayurbhanj,Badasahi,Kochilakhunta,Ghusuria,42
Mayurbhanj,Badasahi,Kochilakhunta,Junapada,44
Mayurbhanj,Badasahi,Kuchilakhunta,Kuchilakhunta,9
Mayurbhanj,Badasahi,Managobinda pur,Dhanapal,5
Mayurbhanj,Badasahi,Paunsia,Jaganathpur,34
Mayurbhanj,Badasahi,Paunsia,Paunsia,23
Mayurbhanj,Badasahi,Paunsia,Rajgarh,62
Mayurbhanj,Badasahi,Salagan,Salagan,30
Mayurbhanj,Badasahi,Sankerko,Badkerko,12
Mayurbhanj,Badasahi,Sankerko,Kadaliasole,6
Mayurbhanj,Badasahi,Sankerko,Kandaliasole,5
Mayurbhanj,Badasahi,Sankerko,Krupasindhupur,1
Mayurbhanj,Badasahi,Sankerko,Tikayatpur,3
Mayurbhanj,Badasahi,Sankerko,Tungasole,1
Mayurbhanj,Badasahi,Sialghati,Kauchi,41
Mayurbhanj,Badasahi,Sialighati,Banatalapada,68
Mayurbhanj,Badasahi,Sialighati,Banatalapada D,1
Mayurbhanj,Badasahi,Sialighati,Budheirana,11
Mayurbhanj,Badasahi,Sialighati,Budheirana S,1
Mayurbhanj,Badasahi,Sialighaty,Sialighaty,64
Mayurbhanj,Badasahi,Tungasole,Badsorisbila,6
Mayurbhanj,Badsahi,Badsahi,Badsahi,34
Mayurbhanj,Badsahi,Balabhadrapur,Chelia B,5
Mayurbhanj,Badsahi,Balabhadrapur,Chhelia B,1
Mayurbhanj,Badsahi,Bhimda,Ratanpur,28
Mayurbhanj,Badsahi,Bireswappur,Belpal Samil Purunapani,5
Mayurbhanj,Badsahi,Bireswapur,Belpal Samil Purunapani,137
Mayurbhanj,Badsahi,Bireswarpur,Belpal-Samil-Purunapani,33
Mayurbhanj,Badsahi,Durgapur,Asukanda,24
Mayurbhanj,Badsahi,Durgapur,Gandhali,14
Mayurbhanj,Badsahi,Durgapur,Gobarasole,16
Mayurbhanj,Badsahi,Durgapur,Purunapani,20
Mayurbhanj,Badsahi,Gudialbandha,Gudialbandha,15
Mayurbhanj,Badsahi,Jadunathpur,Chandanchaturi,24
Mayurbhanj,Badsahi,Jadunathpur,Jadunathpur,48
Mayurbhanj,Badsahi,Jarkani,Baguli,2
Mayurbhanj,Badsahi,Jarkani,Gudakanthi,12
Mayurbhanj,Badsahi,Jarkani,Jalghera,18
Mayurbhanj,Badsahi,Jarkani,Jamsuli,32
Mayurbhanj,Badsahi,Jarkani,Jarkani,8
Mayurbhanj,Badsahi,Juginuagan,Pathara,53
Mayurbhanj,Badsahi,Kendudiha,Chakradharpur,18
Mayurbhanj,Badsahi,Kendudiha,Nishchintapura,24
Mayurbhanj,Badsahi,Khadiasole,Dumapada,9
Mayurbhanj,Badsahi,Kochila Khunta,Baguli,50
Mayurbhanj,Badsahi,Madhapur,Dhanapota,12
Mayurbhanj,Badsahi,Mangovindpur,Jodida,1
Mayurbhanj,Badsahi,Nuapal,Astajharan,121
Mayurbhanj,Badsahi,Patisari,Beguniabari,26
Mayurbhanj,Badsahi,Patisari,Jamunadeipur,33
Mayurbhanj,Badsahi,Patisari,Patisari,27
Mayurbhanj,Badsahi,Paunsia,Bhandarikala,7
Mayurbhanj,Badsahi,Pratapur,Haripur,27
Mayurbhanj,Badsahi,Punasia,Gidhinisole,6
Mayurbhanj,Badsahi,Purna Chandra Pur,Naranapur,16
Mayurbhanj,Badsahi,Purna Chandra Pur,Sansarishabhila,1
Mayurbhanj,Badsahi,Purnachandrapur,Goudadiha Samil Komalasole,29
Mayurbhanj,Badsahi,Purnachandrapur,Madhupur,24
Mayurbhanj,Badsahi,Purnachandrapur,Purnachandrapur,35
Mayurbhanj,Badsahi,Purnnachandrapur,Goudadiha Samil Komalasole,2
Mayurbhanj,Badsahi,Purnnachandrapur,Purnnachandrapur,1
Mayurbhanj,Badsahi,Sankeroka,Jadipal,16
Mayurbhanj,Badsahi,Shalgan,Gambharia,17
Mayurbhanj,Badsahi,Sialghati,Dinabandhupur,75
Mayurbhanj,Badsahi,Suhagpur,Gouda munduli,2
Mayurbhanj,Badsahi,Suhagpur,Goudamundul,8
Mayurbhanj,Badsahi,Suhagpur,Guabehera,9
Mayurbhanj,Bahalada,JASHIPUR,Bhaleidihi,2
Mayurbhanj,Bahalada,SOSO,Soso,2
Mayurbhanj,Bahalda,Anlajodi,Jamubani,11
Mayurbhanj,Bahalda,Asana,Asana,15
Mayurbhanj,Bahalda,Asana,Bhalugoda,1
Mayurbhanj,Bahalda,Asana,Sagadbhanga,18
Mayurbhanj,Bahalda,Bad-Palsa,Bad-Palsa,16
Mayurbhanj,Bahalda,Bad-Palsa,Burupalsa,2
Mayurbhanj,Bahalda,Bad-Palsa,Potua,2
Mayurbhanj,Bahalda,Badadalima,Dalajodi,4
Mayurbhanj,Bahalda,Badadalima,Mankididihi,2
Mayurbhanj,Bahalda,Badpalasa,Kendua,13
Mayurbhanj,Bahalda,Badpalasa,Patambeda,11
Mayurbhanj,Bahalda,Bahalda,Bahalda,1
Mayurbhanj,Bahalda,Basingi,Basingi,12
Mayurbhanj,Bahalda,Basingi,Tentla,9
Mayurbhanj,Bahalda,Bhitaramada,Dalsara,51
Mayurbhanj,Bahalda,GIDIGHATY,Chadri,10
Mayurbhanj,Bahalda,GIDIGHATY,Chirkuniposi,2
Mayurbhanj,Bahalda,GIDIGHATY,Gayalkata,9
Mayurbhanj,Bahalda,GIDIGHATY,Gidighaty,3
Mayurbhanj,Bahalda,GIDIGHATY,Mahulduma,7
Mayurbhanj,Bahalda,GIDIGHATY,Tarana,10
Mayurbhanj,Bahalda,Gambharia,Bamanbose,2
Mayurbhanj,Bahalda,Gambharia,Bargidihi,4
Mayurbhanj,Bahalda,Gambharia,Bhaludihi,14
Mayurbhanj,Bahalda,Gambharia,Bhurusa,3
Mayurbhanj,Bahalda,Gambharia,Brahmanbose,8
Mayurbhanj,Bahalda,Gambharia,Dumadihi,5
Mayurbhanj,Bahalda,Gambharia,Jaganathpur,27
Mayurbhanj,Bahalda,Gambharia,Kaduani,2
Mayurbhanj,Bahalda,Gambharia,Kantasola,9
Mayurbhanj,Bahalda,Gambharia,Khandabandh,2
Mayurbhanj,Bahalda,Gambharia,Saraspada,1
Mayurbhanj,Bahalda,Gidhighaty,Patramohulpani,1
Mayurbhanj,Bahalda,Gidighaty,Gidighaty,3
Mayurbhanj,Bahalda,Jashipur,Dubulabed,8
Mayurbhanj,Bahalda,Jashipur,Jashipur,4
Mayurbhanj,Bahalda,Jashipur,Nanadabasa,4
Mayurbhanj,Bahalda,Jashipur,Rangamatia,29
Mayurbhanj,Bahalda,Jashipur,Sandalima,2
Mayurbhanj,Bahalda,Jashipur,Sapaghera,13
Mayurbhanj,Bahalda,Jashipur,Suruda,10
Mayurbhanj,Bahalda,Kanki,Bagdega,5
Mayurbhanj,Bahalda,Kanki,Binjua,5
Mayurbhanj,Bahalda,Kanki,Indkholi,7
Mayurbhanj,Bahalda,Kanki,Kanki,26
Mayurbhanj,Bahalda,SOSO,Kulgi,5
Mayurbhanj,Bahalda,SOSO,Soso,4
Mayurbhanj,Bahalda,Soso,Kumbhirda,12
Mayurbhanj,Bahalda,Soso,Pahadpur,1
Mayurbhanj,Bahalda`,Gambharia,Kantasola,2
Mayurbhanj,Bangiriposi,Badagan,Badagan,1
Mayurbhanj,Bangiriposi,Badagaon,Badagaon,79
Mayurbhanj,Bangiriposi,Badagaon,Kantasole,56
Mayurbhanj,Bangiriposi,Badagaon,Kundalabani,59
Mayurbhanj,Bangiriposi,Badagaon,Panasdiha,60
Mayurbhanj,Bangiriposi,Badagaon,Sunaposi,25
Mayurbhanj,Bangiriposi,Badgaon,Juha,7
Mayurbhanj,Bangiriposi,Badgaon,Kripaduma,33
Mayurbhanj,Bangiriposi,Badgaon,Kundalbani,8
Mayurbhanj,Bangiriposi,Badgaon,kantasola,20
Mayurbhanj,Bangiriposi,Banakati,Banakati,17
Mayurbhanj,Bangiriposi,Banakati,Jamdapal,9
Mayurbhanj,Bangiriposi,Banakati,Kantapal,14
Mayurbhanj,Bangiriposi,Banakati,Satbhaya,12
Mayurbhanj,Bangiriposi,Bangiriposi,Hanada,3
Mayurbhanj,Bangiriposi,Bangiriposi,Majhigaon,14
Mayurbhanj,Bangiriposi,Bhuasuni,Chakdar,23
Mayurbhanj,Bangiriposi,Bhuasuni,Kalapathara,1
Mayurbhanj,Bangiriposi,Bhuasuni,Kandalia,68
Mayurbhanj,Bangiriposi,Bhuasuni,Matikhani,33
Mayurbhanj,Bangiriposi,Bhuasuni,Pandubadi,18
Mayurbhanj,Bangiriposi,Bhuasuni,Purunapani,82
Mayurbhanj,Bangiriposi,Bhuasuni,Ramaharipur,7
Mayurbhanj,Bangiriposi,Bhuasuni,Ranya,9
Mayurbhanj,Bangiriposi,Bhuasuni,Tila,42
Mayurbhanj,Bangiriposi,Brahamangan,Baliadhipa,2
Mayurbhanj,Bangiriposi,Brahamangan,Beguniabandh,1
Mayurbhanj,Bangiriposi,Brahamangan,Brahamangan,2
Mayurbhanj,Bangiriposi,Brahamangan,Chandbil,10
Mayurbhanj,Bangiriposi,Brahamangan,Dantiakacha,3
Mayurbhanj,Bangiriposi,Brahamangan,Ghatakuanri,3
Mayurbhanj,Bangiriposi,Brahamangan,Hatibari,6
Mayurbhanj,Bangiriposi,Brahamangan,Rengalbeda,1
Mayurbhanj,Bangiriposi,Brahmanamara,Chorabandha,24
Mayurbhanj,Bangiriposi,Brahmangaon,Bahutia,16
Mayurbhanj,Bangiriposi,Brahmangaon,Baskitala,8
Mayurbhanj,Bangiriposi,Brahmangaon,Bhagirathipur,5
Mayurbhanj,Bangiriposi,Brahmangaon,Chandbila,5
Mayurbhanj,Bangiriposi,Brahmangaon,Domuhani,14
Mayurbhanj,Bangiriposi,Brahmangaon,Kumbhiramundi,3
Mayurbhanj,Bangiriposi,Brahmangaon,Saharabadi,4
Mayurbhanj,Bangiriposi,Brahmangaon,Shalaghati,26
Mayurbhanj,Bangiriposi,Bramhangaon,Salghaty,30
Mayurbhanj,Bangiriposi,Budhikhamari,Chakdar,23
Mayurbhanj,Bangiriposi,Budhikhamari,Gothanida,25
Mayurbhanj,Bangiriposi,Budhikhamari,Masinabila,48
Mayurbhanj,Bangiriposi,Budhikhamari,Udali,26
Mayurbhanj,Bangiriposi,Chandanpur,Aktapal,6
Mayurbhanj,Bangiriposi,Chandanpur,Bahadurpur,10
Mayurbhanj,Bangiriposi,Chandanpur,Bedhakudar,6
Mayurbhanj,Bangiriposi,Chandanpur,Jogibandh,12
Mayurbhanj,Bangiriposi,Dhobanisole,Balikhani,1
Mayurbhanj,Bangiriposi,Dhobanisole,Dhobanisole,79
Mayurbhanj,Bangiriposi,Dhobanisole,Godargadi,47
Mayurbhanj,Bangiriposi,Dhobanisole,Mahupahadi,32
Mayurbhanj,Bangiriposi,Dhobanisole,Ranasole,4
Mayurbhanj,Bangiriposi,Dhobanisole,Taltikiri,13
Mayurbhanj,Bangiriposi,Dighi,Nitei,32
Mayurbhanj,Bangiriposi,K.M Kata,Begunadiha,34
Mayurbhanj,Bangiriposi,Kalabadia,Brahamangan,12
Mayurbhanj,Bangiriposi,Kalabadia,Kalabadia,6
Mayurbhanj,Bangiriposi,Kalabadia,Panasadiha,11
Mayurbhanj,Bangiriposi,Kumbhara mundakata,Gahmapur,13
Mayurbhanj,Bangiriposi,Kumbhara mundakata,Gahnapur,1
Mayurbhanj,Bangiriposi,Kumbhara mundakata,Kumbhara mundakata,103
Mayurbhanj,Bangiriposi,Kumbhara Mundakata,Kumbhara Mundakata,101
Mayurbhanj,Bangiriposi,Kumbhara Mundakata,KumbharaMundakata,1
Mayurbhanj,Bangiriposi,Kumbharmundhakata,Gamhapur,28
Mayurbhanj,Bangiriposi,Kumbharmundhakata,Mundhabani,2
Mayurbhanj,Bangiriposi,Kusumbandh,Kurkutia,11
Mayurbhanj,Bangiriposi,Kusumbandh,Kusumbandh,11
Mayurbhanj,Bangiriposi,Nafri,Nafri,28
Mayurbhanj,Bangiriposi,Nischinta,Chuapani,5
Mayurbhanj,Bangiriposi,Nischinta,Dasisole,44
Mayurbhanj,Bangiriposi,Nischinta,Nischinta,11
Mayurbhanj,Bangiriposi,Nischinta,Pindara Godia,16
Mayurbhanj,Bangiriposi,Nischinta,Sirasahi,10
Mayurbhanj,Bangiriposi,Sarisapal,Amdapani,13
Mayurbhanj,Bangiriposi,Sarisapal,Badanedam,25
Mayurbhanj,Bangiriposi,Sarisapal,Betajharana,15
Mayurbhanj,Bangiriposi,Sarisapal,Kanchinda,1
Mayurbhanj,Bangiriposi,Sarisapal,Laxmiposi,12
Mayurbhanj,Bangiriposi,Sarisapal,Rangamatia,35
Mayurbhanj,Bangiriposi,Sarisapal,San Nedam,6
Mayurbhanj,Bangiriposi,Sarisapal,Sarisapal,16
Mayurbhanj,Bangiriposi,Shyamsundarpur,Talbhadrasole,21
Mayurbhanj,Bangiriposi,Sorisapal,Jamtalia,9
Mayurbhanj,Bangiriposi,Sorispal,Betajharan,24
Mayurbhanj,Bangiriposi,Sorispal,Bhaduakacha,8
Mayurbhanj,Bangiriposi,Sorispal,Jerkani,9
Mayurbhanj,Bangiriposi,Sorispal,Kukurbhuka,17
Mayurbhanj,Bangiriposi,Sorispal,Phuljhara,30
Mayurbhanj,Bangiriposi,Sorispal,Purunapani,3
Mayurbhanj,Bangiriposi,Sorispal,Rangamatia,6
Mayurbhanj,Bangiriposi,Sorispal,Sorispal,15
Mayurbhanj,Bangirirposi,Sarishapal,Kusumatota,7
Mayurbhanj,Bangriposi,Badagan,Badagan,1
Mayurbhanj,Bangriposi,Badgan,Badagan,24
Mayurbhanj,Bangriposi,Badgan,Badgan,39
Mayurbhanj,Bangriposi,Badgan,Gendapokhari,28
Mayurbhanj,Bangriposi,Badgan,Juha,20
Mayurbhanj,Bangriposi,Badgan,Kantasola,1
Mayurbhanj,Bangriposi,Badgan,Kripaduma,13
Mayurbhanj,Bangriposi,Badgan,Panasdiha,34
Mayurbhanj,Bangriposi,Badgan,Sadheikala,27
Mayurbhanj,Bangriposi,Badgan,Tangiabasa,21
Mayurbhanj,Bangriposi,Banakati,Sarasposi,11
Mayurbhanj,Bangriposi,Bangriposi,Hanada,1
Mayurbhanj,Bangriposi,Bangriposi,Handa,28
Mayurbhanj,Bangriposi,Bangriposi,Silpunji,21
Mayurbhanj,Bangriposi,Bankati,Asua,20
Mayurbhanj,Bangriposi,Bankati,Satbhaya,13
Mayurbhanj,Bangriposi,Bhagabandh,Kusumbandh,1
Mayurbhanj,Bangriposi,Bhuasuni,Bhuasuni,74
Mayurbhanj,Bangriposi,Bhuasuni,Dhobanijoda,10
Mayurbhanj,Bangriposi,Bhuasuni,Gopalpur,19
Mayurbhanj,Bangriposi,Bhuasuni,Kalapathar,17
Mayurbhanj,Bangriposi,Bhuasuni,Purusotam pur,1
Mayurbhanj,Bangriposi,Bhuasuni,Purusotampur,30
Mayurbhanj,Bangriposi,Brahmangan,Brahmangan,2
Mayurbhanj,Bangriposi,Brahmangan,Charabandh,8
Mayurbhanj,Bangriposi,Brahmangan,Ghatkuanri,7
Mayurbhanj,Bangriposi,Budhikhamari,Badamtalia,10
Mayurbhanj,Bangriposi,Budhikhamari,Gothanida,10
Mayurbhanj,Bangriposi,Budhikhamari,Jaldiha,9
Mayurbhanj,Bangriposi,Budhikhamari,Joka,9
Mayurbhanj,Bangriposi,Budhikhamari,Khadikasole,8
Mayurbhanj,Bangriposi,Budhikhamari,Majhigan,9
Mayurbhanj,Bangriposi,Budhikhamari,Udali,10
Mayurbhanj,Bangriposi,Chandanpur,Chandanpur,1
Mayurbhanj,Bangriposi,Chandanpur,Ramch.pur,1
Mayurbhanj,Bangriposi,Dhabanisole,Balikhani,23
Mayurbhanj,Bangriposi,Dhabanisole,Ranasole,13
Mayurbhanj,Bangriposi,Dhobanisole,Balikhani,55
Mayurbhanj,Bangriposi,Dhobanisole,Gandipani,5
Mayurbhanj,Bangriposi,Dhobanisole,Patbedha,10
Mayurbhanj,Bangriposi,Dighi,Dighi,25
Mayurbhanj,Bangriposi,Dighi,Dorkantia,55
Mayurbhanj,Bangriposi,Dighi,Mundhakata,17
Mayurbhanj,Bangriposi,Kalabadia,Balimunduli,9
Mayurbhanj,Bangriposi,Kalabadia,Brahmangan,37
Mayurbhanj,Bangriposi,Kalabadia,Brahmangoan,10
Mayurbhanj,Bangriposi,Kalabadia,Jaganathkhunta,25
Mayurbhanj,Bangriposi,Kalabadia,Jaganathpur,22
Mayurbhanj,Bangriposi,Kalabadia,Kalabadia,22
Mayurbhanj,Bangriposi,Kalabadia,Mahulisole,6
Mayurbhanj,Bangriposi,Kalabadia,Panasdiha,16
Mayurbhanj,Bangriposi,Kalabadia,Sitaldaha,4
Mayurbhanj,Bangriposi,Kalbadia,Kalabadia,1
Mayurbhanj,Bangriposi,Kumbharmundhakata,Gamhapur,16
Mayurbhanj,Bangriposi,Kusumbandh,Asansikhar,27
Mayurbhanj,Bangriposi,Kusumbandh,Gopalpur,2
Mayurbhanj,Bangriposi,Kusumbandh,Hinjili,19
Mayurbhanj,Bangriposi,Kusumbandh,Kusumbandh,30
Mayurbhanj,Bangriposi,Kusumbandh,Tulasibani,1
Mayurbhanj,Bangriposi,Nischinta,Chuapani,8
Mayurbhanj,Bangriposi,Nischinta,Sanpatharkham,16
Mayurbhanj,Bangriposi,Nischinta,Sirasahi,27
Mayurbhanj,Bangriposi,Sarisapal,Baunshapahadi,13
Mayurbhanj,Bangriposi,Sarisapal,Dhobanijoda,9
Mayurbhanj,Bangriposi,Shyamsundarpur,Bhulanpur,4
Mayurbhanj,Bangriposi,Shyamsundarpur,Chadheipahadi,12
Mayurbhanj,Bangriposi,Shyamsundarpur,Chaulaghei,1
Mayurbhanj,Bangriposi,Shyamsundarpur,Chaulagheri,6
Mayurbhanj,Bangriposi,Shyamsundarpur,Jualikata,14
Mayurbhanj,Bangriposi,Shyamsundarpur,Nuagan,7
Mayurbhanj,Bangriposi,Shyamsundarpur,Sialijodi,9
Mayurbhanj,Bangriposi,Shyamsundarpur,Uparbhadrasole,6
Mayurbhanj,Bangriposi,Shymsundarpur,Uparbhadrasole,1
Mayurbhanj,Bangriposi,Sorisapal,Purunapani,13
Mayurbhanj,Bangriposi,Sorishapal,Amdapani,9
Mayurbhanj,Bangriposi,Sorishapal,Khadighati,5
Mayurbhanj,Bangriposi,Sorishapal,Khadighaty,1
Mayurbhanj,Bangriposi,Sorishapal,Khadipahadi,3
Mayurbhanj,Bangriposi,Sorishapal,Kusumtota,12
Mayurbhanj,Bangriposi,Sorishpal,Barubeda,13
Mayurbhanj,Bangriposi,Sorishpal,Chakidi,12
Mayurbhanj,Bangriposi,Sorishpal,Ghatiduba,20
Mayurbhanj,Bangriposi,Sorishpal,Jerkani,1
Mayurbhanj,Bangriposi,Sorishpal,Kukurbhuka,1
Mayurbhanj,Bangripsoi,Kumbharmundhakata,Gamhapur,12
Mayurbhanj,Bangripsoi,Sorishapal,Amdapani,18
Mayurbhanj,Baripada,Badajod,Badajod,6
Mayurbhanj,Baripada,Badjod,Badjod,122
Mayurbhanj,Baripada,Bankisole,Badabila,32
Mayurbhanj,Baripada,Bankisole,Badabrahman mara,15
Mayurbhanj,Baripada,Bankisole,Bankisole,64
Mayurbhanj,Baripada,Bankisole,Sanbrahmanmara,23
Mayurbhanj,Baripada,Bankisole,Tentulisole,50
Mayurbhanj,Baripada,Betna,Betna,47
Mayurbhanj,Baripada,Betna,Damdorpur,227
Mayurbhanj,Baripada,Bhagabanpur,Machakandana,10
Mayurbhanj,Baripada,Bhagabatachandra,Urachandabila,8
Mayurbhanj,Baripada,Bhagabatch.pur,Jaganathpur,7
Mayurbhanj,Baripada,Bhagabatchandrapur,Dhansole,27
Mayurbhanj,Baripada,Bhagabatchpur,Bhagabat Ch.pur,49
Mayurbhanj,Baripada,Budhikha mari,"Ahari ""କ""",11
Mayurbhanj,Baripada,Budhikha mari,Naya Purusot tampur,13
Mayurbhanj,Baripada,Budhikhamari,Ahari,21
Mayurbhanj,Baripada,Budhikhamari,Budhikhamari,35
Mayurbhanj,Baripada,Budhikhamari,Kailashchandrapur,37
Mayurbhanj,Baripada,Budhikhamari,Radhikasole,1
Mayurbhanj,Baripada,Chandanpur,Asan Sila,1
Mayurbhanj,Baripada,Chandanpur,Badapeta,23
Mayurbhanj,Baripada,Chandanpur,Badpeta,9
Mayurbhanj,Baripada,Chandanpur,Balidam,8
Mayurbhanj,Baripada,Chandanpur,Bautisole,10
Mayurbhanj,Baripada,Chandanpur,Bholghati,4
Mayurbhanj,Baripada,Chandanpur,Binodpur,17
Mayurbhanj,Baripada,Chandanpur,Chandanpur,42
Mayurbhanj,Baripada,Chandanpur,Dhenkinanjia,12
Mayurbhanj,Baripada,Chandanpur,Dhenkinedia,14
Mayurbhanj,Baripada,Chandanpur,Karatpata,74
Mayurbhanj,Baripada,Chandanpur,Meghamari,23
Mayurbhanj,Baripada,Chandanpur,Tarana,22
Mayurbhanj,Baripada,Hatikot,Kanchanpal,9
Mayurbhanj,Baripada,Hatikote,Hatikote,116
Mayurbhanj,Baripada,Hatikote,Jamdapal,5
Mayurbhanj,Baripada,Khadisole,Dumapada,12
Mayurbhanj,Baripada,Khadisole,Karanjia,25
Mayurbhanj,Baripada,Khadisole,Khadipal,2
Mayurbhanj,Baripada,Khadisole,Khadisole,18
Mayurbhanj,Baripada,Khadisole,Sankhajod,7
Mayurbhanj,Baripada,Khadisole,Sankhjod,1
Mayurbhanj,Baripada,Khadisole,Shankhjod,20
Mayurbhanj,Baripada,Khodisole,Karanjia,33
Mayurbhanj,Baripada,Kohi,Pratapchndrapur,19
Mayurbhanj,Baripada,Laxmiposi,Chenadhua,21
Mayurbhanj,Baripada,Laxmiposi,Indapahi,3
Mayurbhanj,Baripada,Laxmiposi,Indopahi,22
Mayurbhanj,Baripada,Laxmiposi,kainfulia,10
Mayurbhanj,Baripada,Nua Nagar,Badjode,9
Mayurbhanj,Baripada,Rajabasa,Baura,134
Mayurbhanj,Baripada,Rajabasa,Indapahi,20
Mayurbhanj,Baripada,Rajabasa,Kasipal,17
Mayurbhanj,Baripada,Rajabasa,Kukudajodi,19
Mayurbhanj,Baripada,Rajabasa,Nayaradha nagar,8
Mayurbhanj,Baripada,Rajabasa,Salabani,25
Mayurbhanj,Baripada,Sankhabanga,Hesildihi,10
Mayurbhanj,Baripada,Sankhabanga,Nuadihi,20
Mayurbhanj,Baripada,Sankhabanga,Ranibhole,17
Mayurbhanj,Baripada,Sankhabhanga,Baghuasole,19
Mayurbhanj,Baripada,Sankhabhanga,Jambhiradiha,4
Mayurbhanj,Baripada,Sankhabhanga,Ranibhole,11
Mayurbhanj,Baripada,Sankhabhanga,Sikarghati,3
Mayurbhanj,Baripada,Shankhabhanga,Ranibhole (Dabkisole),14
Mayurbhanj,Baripada,Sorishpal,Astabeda,33
Mayurbhanj,Baripada,Sorishpal,Kamalpur,11
Mayurbhanj,Baripada,Sorispal,Sorispal,25
Mayurbhanj,Baripada,Ufalgadia,Badabanagan,2
Mayurbhanj,Barsahi,Barsahi,Barsahi,41
Mayurbhanj,Barsahi,Jadunathpur,Jadunathpur,13
Mayurbhanj,Barsahi,Khanua,Khanua,41
Mayurbhanj,Barsahi,Kuchilakhunta,Baghamara,11
Mayurbhanj,Barsahi,Kuchilakhunta,Kuchilakhunta,8
Mayurbhanj,Barsahi,Madgovindapur,Jodida,31
Mayurbhanj,Barsahi,Naupal,Astajharan,21
Mayurbhanj,Barsahi,Salgoan,Narangoan,10
Mayurbhanj,Betnoti,Agria,Agria,8
Mayurbhanj,Betnoti,Agria,Angaragodia,12
Mayurbhanj,Betnoti,Agria,Nuagoan,17
Mayurbhanj,Betnoti,Ambagadia,Amabagadia Angargadia,9
Mayurbhanj,Betnoti,Ambagadia,Ambagadia,16
Mayurbhanj,Betnoti,Ambagadia,Bamada,17
Mayurbhanj,Betnoti,Ambagadia,Mantridahi,8
Mayurbhanj,Betnoti,Ambagadia,Purunapani,1
Mayurbhanj,Betnoti,Ambagadia,Purunapani Samil Kakharu Kunta,37
Mayurbhanj,Betnoti,Ambagadia,Samil Kakharu Kunta,1
Mayurbhanj,Betnoti,Ambagadia,Samil Kakharu G Kunta,1
Mayurbhanj,Betnoti,Ambagodia,Ambagodia,23
Mayurbhanj,Betnoti,Ambagodia,Purunapani,6
Mayurbhanj,Betnoti,Baishnga,Padmapur,12
Mayurbhanj,Betnoti,Baisinga,Ajadiha,8
Mayurbhanj,Betnoti,Baisinga,Bad Damdorpur,23
Mayurbhanj,Betnoti,Baisinga,Bad damdorpur,6
Mayurbhanj,Betnoti,Baisinga,Banadamdorpur,9
Mayurbhanj,Betnoti,Baisinga,Bidukudia,35
Mayurbhanj,Betnoti,Baisinga,Khairabani,25
Mayurbhanj,Betnoti,Baisinga,Khairbani,5
Mayurbhanj,Betnoti,Baisinga,Mohanpur,26
Mayurbhanj,Betnoti,Baisinga,Nachipuria,5
Mayurbhanj,Betnoti,Baisinga,Nuagaon,23
Mayurbhanj,Betnoti,Baisinga,Paikajugpura,5
Mayurbhanj,Betnoti,Baisinga,Raghunathpur,23
Mayurbhanj,Betnoti,Baisinga,Raghunathur,1
Mayurbhanj,Betnoti,Betnoti,Ambajoda,21
Mayurbhanj,Betnoti,Betnoti,Bhurudubani,9
Mayurbhanj,Betnoti,Betnoti,Raghunathpur,7
Mayurbhanj,Betnoti,Chachinapada,Sarda,20
Mayurbhanj,Betnoti,Chanchiapada,Chanchiapada,21
Mayurbhanj,Betnoti,Chanchipada,Sharada,5
Mayurbhanj,Betnoti,Dahikoti,Agada,2
Mayurbhanj,Betnoti,Dahikoti,Bhalia,13
Mayurbhanj,Betnoti,Dahikoti,Dahikoti,8
Mayurbhanj,Betnoti,Jugal,Bagalpur,14
Mayurbhanj,Betnoti,Kalama,Kalama,55
Mayurbhanj,Betnoti,Kalama,Kalma,1
Mayurbhanj,Betnoti,Kalma,Jaypuria,9
Mayurbhanj,Betnoti,Khadisole,Kanchanagar,8
Mayurbhanj,Betnoti,Khadisole,Kanchannagar,1
Mayurbhanj,Betnoti,Khadisole,Sangajod,10
Mayurbhanj,Betnoti,Mahinsasole,Tikayatpur,15
Mayurbhanj,Betnoti,Mahisasole,Bishnupur,5
Mayurbhanj,Betnoti,Merda,Durgapur,6
Mayurbhanj,Betnoti,Merda,Saradiha,13
Mayurbhanj,Betnoti,Mohisasole,Banamalipur,7
Mayurbhanj,Betnoti,Mohisasole,Bishnupur,28
Mayurbhanj,Betnoti,Mohisasole,Sikharkhunta,12
Mayurbhanj,Betnoti,Nadpur,Nadpur,14
Mayurbhanj,Betnoti,Nadpur,Tikargadia,8
Mayurbhanj,Betnoti,Nandasole,Nandasole,5
Mayurbhanj,Betnoti,Nayabasantpur,Purunapani,6
Mayurbhanj,Betnoti,Nayabasantpur,Purunia(Pathara Sahi,21
Mayurbhanj,Betnoti,Nayabasasntpur,Purunia(Pathara Sahi,1
Mayurbhanj,Betnoti,Patalipura,Badkhiripada,6
Mayurbhanj,Betnoti,Patalipura,Singlamundali,6
Mayurbhanj,Betnoti,Patalipura,Singlamunduli,9
Mayurbhanj,Betnoti,Purinda,Sansa,6
Mayurbhanj,Betnoti,Purunia,Angaria,13
Mayurbhanj,Betnoti,Purunia,Bachuripada,1
Mayurbhanj,Betnoti,Purunia,Nuagan,2
Mayurbhanj,Betnoti,Purunia,Purunia,54
Mayurbhanj,Betnoti,Raghupur,Naya Basantapur,1
Mayurbhanj,Betnoti,Raghupur,Nayabasantapur,9
Mayurbhanj,Betnoti,Raghupur,Panasia,10
Mayurbhanj,Betnoti,Raghupur,Raghunathpur,50
Mayurbhanj,Betnoti,Raghupur,Raghupur,5
Mayurbhanj,Betnoti,Raghupur,Thakurtota,4
Mayurbhanj,Betnoti,S.S. Nanahandasole,Tarasole,12
Mayurbhanj,Betnoti,Saitapur,Jamsole,1
Mayurbhanj,Betnoti,Salaboni,Tarasole,7
Mayurbhanj,Betnoti,Salbani,Tarasole,8
Mayurbhanj,Betnoti,Santala,Badsal,1
Mayurbhanj,Betnoti,Santara,Badsal,2
Mayurbhanj,Betnoti,Santara,Hatijhari,5
Mayurbhanj,Betnoti,Santara,Hatijhuri,22
Mayurbhanj,Betnoti,Santara,Hotapur,4
Mayurbhanj,Betnoti,Santara,Murukundia,16
Mayurbhanj,Betnoti,Santara,Nachipuria,1
Mayurbhanj,Betnoti,Santara,Tilapada,6
Mayurbhanj,Betnoti,Santra,Hatijhuri,16
Mayurbhanj,Betnoti,Santra,Hotapur,8
Mayurbhanj,Betnoti,Sathilo,Garudabasa,8
Mayurbhanj,Betnoti,Sathilo,Sathilo,24
Mayurbhanj,Bijatala,Badjharan,Badjharan,23
Mayurbhanj,Bijatala,Badjharan,Baiganakudar,10
Mayurbhanj,Bijatala,Badjharan,Belpahadi,23
Mayurbhanj,Bijatala,Badjharan,Bhalujodi,23
Mayurbhanj,Bijatala,Badjharan,Dhobadiha,16
Mayurbhanj,Bijatala,Badjharan,Gopinathpur,48
Mayurbhanj,Bijatala,Badjharan,Jayantpur,7
Mayurbhanj,Bijatala,Badjharan,Judia,14
Mayurbhanj,Bijatala,Badjharan,Madansila,20
Mayurbhanj,Bijatala,Badjharan,Podachakdi,11
Mayurbhanj,Bijatala,Badjharan,Pokharia,29
Mayurbhanj,Bijatala,Badjharan,SanJharan,10
Mayurbhanj,Bijatala,Bankati,Asansikhar,13
Mayurbhanj,Bijatala,Bankati,Baliadhipa,26
Mayurbhanj,Bijatala,Bankati,Balikatha,6
Mayurbhanj,Bijatala,Bankati,Balikotha,24
Mayurbhanj,Bijatala,Bankati,Bankati,30
Mayurbhanj,Bijatala,Bankati,Barajiani,23
Mayurbhanj,Bijatala,Bankati,Chanapal,4
Mayurbhanj,Bijatala,Bankati,Golmunda,6
Mayurbhanj,Bijatala,Bankati,Khandadeuli,16
Mayurbhanj,Bijatala,Bankati,Taladiha,28
Mayurbhanj,Bijatala,Bankati,Udalikudar,20
Mayurbhanj,Bijatala,Bijatala,Asana,12
Mayurbhanj,Bijatala,Bijatala,Baghiatangar,18
Mayurbhanj,Bijatala,Bijatala,Bankadunguri,16
Mayurbhanj,Bijatala,Bijatala,Bantali,19
Mayurbhanj,Bijatala,Bijatala,Bijatala,18
Mayurbhanj,Bijatala,Bijatala,Dambeda,16
Mayurbhanj,Bijatala,Bijatala,Jodapokhari,14
Mayurbhanj,Bijatala,Bijatala,Khadiasole,24
Mayurbhanj,Bijatala,Bijatala,Mundakati,13
Mayurbhanj,Bijatala,Bijatala,Mundathakura,15
Mayurbhanj,Bijatala,Bijatala,chadripahadi,16
Mayurbhanj,Bijatala,Cadheipahadi,Dumurikudar,21
Mayurbhanj,Bijatala,Chadheipahadi,Dhantangar,8
Mayurbhanj,Bijatala,Chadheipahadi,Dhantangar Hil,2
Mayurbhanj,Bijatala,Chadheipahadi,Gobindapur,5
Mayurbhanj,Bijatala,Chadheipahadi,Jampani,21
Mayurbhanj,Bijatala,Chadheipahadi,Kankada Beda,6
Mayurbhanj,Bijatala,Chadheipahadi,Kankada Beda Hil,4
Mayurbhanj,Bijatala,Chadheipahadi,Kashipani,12
Mayurbhanj,Bijatala,Chadheipahadi,Kasipani,5
Mayurbhanj,Bijatala,Chadheipahadi,Laxmanchatar,45
Mayurbhanj,Bijatala,Chadheipahadi,Laxmanchhatar,3
Mayurbhanj,Bijatala,Chadheipahadi,Pandupani,8
Mayurbhanj,Bijatala,Chadheipahadi,Tiakati,8
Mayurbhanj,Bijatala,Khanta,Balabhadrapur,16
Mayurbhanj,Bijatala,Khanta,Birkham,1
Mayurbhanj,Bijatala,Khanta,Champauda,15
Mayurbhanj,Bijatala,Khanta,Jodamahul,4
Mayurbhanj,Bijatala,Khanta,Khanta,31
Mayurbhanj,Bijatala,Khanta,Kumbhirda,2
Mayurbhanj,Bijatala,Khanta,Nushadihi,14
Mayurbhanj,Bijatala,Khanta,Padmapur,8
Mayurbhanj,Bijatala,Khanta,Pithakutuni,29
Mayurbhanj,Bijatala,Khanta,Tikarpada,26
Mayurbhanj,Bijatala,Luhashila,Betajharan,33
Mayurbhanj,Bijatala,Luhasila,Dalki,29
Mayurbhanj,Bijatala,Luhasila,Jamda,4
Mayurbhanj,Bijatala,Luhasila,Kalajhari,6
Mayurbhanj,Bijatala,Madheikacha,Dalki,11
Mayurbhanj,Bijatala,Madheikacha,Kaduani,27
Mayurbhanj,Bijatala,Madheikacha,Khejuri,68
Mayurbhanj,Bijatala,Madheikacha,Madheikacha,10
Mayurbhanj,Bijatala,Manikpur,Amdabeda,5
Mayurbhanj,Bijatala,Manikpur,Bandhgan,49
Mayurbhanj,Bijatala,Manikpur,Bantaligoda,12
Mayurbhanj,Bijatala,Manikpur,Kundurikacha,3
Mayurbhanj,Bijatala,Manikpur,Manikpur,26
Mayurbhanj,Bijatala,Manikpur,Nuagan,34
Mayurbhanj,Bijatala,Manikpur,Paunsia,29
Mayurbhanj,Bijatala,Raihari,Atnabeda,18
Mayurbhanj,Bijatala,Raihari,Bagdega,23
Mayurbhanj,Bijatala,Raihari,Bataduma,18
Mayurbhanj,Bijatala,Raihari,Bhadubeda,2
Mayurbhanj,Bijatala,Raihari,Dumadihi,4
Mayurbhanj,Bijatala,Raihari,Jaldiha,6
Mayurbhanj,Bijatala,Raihari,Jamudali,16
Mayurbhanj,Bijatala,Raihari,Jodachua,15
Mayurbhanj,Bijatala,Raihari,Palasbani,12
Mayurbhanj,Bijatala,Raihari,Raihari,10
Mayurbhanj,Bijatala,Raihari,Sanbelpahadi,6
Mayurbhanj,Bijatala,Raihari,Teltangia,14
Mayurbhanj,Bijatala,Raihari,Tulsibani,32
Mayurbhanj,Bijatala,Saragoda,Sapghera,25
Mayurbhanj,Bijatala,Saragoda,Tunguru,1
Mayurbhanj,Bijatala,Sargoda,Badabantha,9
Mayurbhanj,Bijatala,Sargoda,Bhejidihi,19
Mayurbhanj,Bijatala,Sargoda,Heselgoda,28
Mayurbhanj,Bijatala,Sargoda,Kadatamak,29
Mayurbhanj,Bijatala,Sargoda,Lado,17
Mayurbhanj,Bijatala,Sargoda,Sanbantha,19
Mayurbhanj,Bijatala,Sargpda,Hatisal,6
Mayurbhanj,Biso,Bautibeda,Osadola,1
Mayurbhanj,Bisoi,Asana,Arjunbila,17
Mayurbhanj,Bisoi,Asana,Babeijoda,3
Mayurbhanj,Bisoi,Asana,Bankidihi,3
Mayurbhanj,Bisoi,Asana,Bhatchatra,4
Mayurbhanj,Bisoi,Asana,Kasipani,3
Mayurbhanj,Bisoi,Asana,Kendumara,14
Mayurbhanj,Bisoi,Asana,Khadiasole,7
Mayurbhanj,Bisoi,Asana,Kuilisuta,3
Mayurbhanj,Bisoi,Asana,Majhigan,4
Mayurbhanj,Bisoi,Asana,Palogoda,36
Mayurbhanj,Bisoi,Asana,Raikadkacha,40
Mayurbhanj,Bisoi,Asana,San Rangamatia,13
Mayurbhanj,Bisoi,Asana,Talak Budi,31
Mayurbhanj,Bisoi,Asana,Talakbudi,3
Mayurbhanj,Bisoi,Asana,Tolakbadi,12
Mayurbhanj,Bisoi,Asana,arjunbila,1
Mayurbhanj,Bisoi,Asana Asana,Arjunbila,2
Mayurbhanj,Bisoi,BAUTIBEDA,OSHADALA,23
Mayurbhanj,Bisoi,Bad Manada,Alhapani,12
Mayurbhanj,Bisoi,Bad Manada,Andharjhari,10
Mayurbhanj,Bisoi,Bad Manada,Hatichad,12
Mayurbhanj,Bisoi,Bad Manada,Kesam,13
Mayurbhanj,Bisoi,Bad Manada,Radhanagar,15
Mayurbhanj,Bisoi,Bad Manada,Tambajhari,23
Mayurbhanj,Bisoi,Badamanda,Jambani,1
Mayurbhanj,Bisoi,Badmanada,Alhapani,1
Mayurbhanj,Bisoi,Badmanada,Andharjhari,12
Mayurbhanj,Bisoi,Badmanada,Badmanada,24
Mayurbhanj,Bisoi,Badmanada,Budamara,160
Mayurbhanj,Bisoi,Badmanada,Budhikhamari,30
Mayurbhanj,Bisoi,Badmanada,Chadheipahadi,18
Mayurbhanj,Bisoi,Badmanada,Jamubani,15
Mayurbhanj,Bisoi,Badmanada,Kesam,32
Mayurbhanj,Bisoi,Badmanada,Nuagaon,2
Mayurbhanj,Bisoi,Badmanada,Radha Nagar,87
Mayurbhanj,Bisoi,Badmanada,Raliabindha,34
Mayurbhanj,Bisoi,Badmanada,Rengalbeda,36
Mayurbhanj,Bisoi,Badmanada,San Nalua,4
Mayurbhanj,Bisoi,Badmanada,Sanmanada,15
Mayurbhanj,Bisoi,Badmanada,Tambajhari,48
Mayurbhanj,Bisoi,Badmanada,Tambajhari (Ralia Bindha),3
Mayurbhanj,Bisoi,Badmanda,Jambani,18
Mayurbhanj,Bisoi,Badmanda,Rengalbeda,11
Mayurbhanj,Bisoi,BaneiKala,Gunduria,1
Mayurbhanj,Bisoi,Baneikala,Baneikala,4
Mayurbhanj,Bisoi,Baneikala,Gunduria,24
Mayurbhanj,Bisoi,Baneikala,Jamujhari,21
Mayurbhanj,Bisoi,Baneikala,Kuliposi,15
Mayurbhanj,Bisoi,Baneikala,Patharkata,9
Mayurbhanj,Bisoi,Baneikala,Patijhari,28
Mayurbhanj,Bisoi,Bautibeda,Asanbani,13
Mayurbhanj,Bisoi,Bautibeda,Chatani,3
Mayurbhanj,Bisoi,Bautibeda,Mangalpur,3
Mayurbhanj,Bisoi,Bautibeda,Nuadihi,3
Mayurbhanj,Bisoi,Bautibeda,Osadola,6
Mayurbhanj,Bisoi,Bautibeda,Oshadala,18
Mayurbhanj,Bisoi,Bautibeda,Oshadola,19
Mayurbhanj,Bisoi,Bautibeda,Patijhari,8
Mayurbhanj,Bisoi,Bautibeda,Purna balichua,1
Mayurbhanj,Bisoi,Bautibeda,Puruna balichua,44
Mayurbhanj,Bisoi,Bautibeda,puruna balichua,3
Mayurbhanj,Bisoi,Bautibeda Bautibeda,Puruna balichua,2
Mayurbhanj,Bisoi,Bisoi,Asansikhar,24
Mayurbhanj,Bisoi,Bisoi,Bisoi Hil,31
Mayurbhanj,Bisoi,Bisoi,Ektali,26
Mayurbhanj,Bisoi,Bisoi,Ghoda bandha,15
Mayurbhanj,Bisoi,Bisoi,Ghodabindha,15
Mayurbhanj,Bisoi,Bisoi,Jodia,45
Mayurbhanj,Bisoi,Bisoi,NB Pokharia,20
Mayurbhanj,Bisoi,Bisoi,Sagjodi,24
Mayurbhanj,Bisoi,Bisoi,sagjodi,6
Mayurbhanj,Bisoi,Jaganathpur,Bhurdukala,3
Mayurbhanj,Bisoi,Jaganathpur,Sargada,5
Mayurbhanj,Bisoi,Jaganathpur,Sarupani,9
Mayurbhanj,Bisoi,Jaganathpur,Tiakati,5
Mayurbhanj,Bisoi,Jagarnathpur,Badajodi,8
Mayurbhanj,Bisoi,Kaduani,Kaduani,4
Mayurbhanj,Bisoi,Khadambeda,Agalbindha,1
Mayurbhanj,Bisoi,Khadambeda,Argalbindga,2
Mayurbhanj,Bisoi,Khadambeda,Argalbindha,49
Mayurbhanj,Bisoi,Khadambeda,Badhunia,37
Mayurbhanj,Bisoi,Khadambeda,Chuakankar,65
Mayurbhanj,Bisoi,Khadambeda,Dantuni,20
Mayurbhanj,Bisoi,Khadambeda,Deopata,5
Mayurbhanj,Bisoi,Khadambeda,Duarsuni,38
Mayurbhanj,Bisoi,Khadambeda,Dudhkundi,20
Mayurbhanj,Bisoi,Khadambeda,Dundhkundi,9
Mayurbhanj,Bisoi,Khadambeda,Dwarsuni,1
Mayurbhanj,Bisoi,Khadambeda,Hatichad,1
Mayurbhanj,Bisoi,Khadambeda,Khadambeda,43
Mayurbhanj,Bisoi,Khadambeda,Kitabeda,27
Mayurbhanj,Bisoi,Khadambeda,Musamari,10
Mayurbhanj,Bisoi,Khadambeda,Pundida,3
Mayurbhanj,Bisoi,Khadambeda,Rajabasa,33
Mayurbhanj,Bisoi,Khadambeda,Sanbalichua,7
Mayurbhanj,Bisoi,Khadambeda,Tarana,27
Mayurbhanj,Bisoi,Khadambeda,argalbindha,1
Mayurbhanj,Bisoi,Khadambeda,keshargadia,10
Mayurbhanj,Bisoi,Khadambeda,kitabeda,28
Mayurbhanj,Bisoi,Khadambeda,pundida,36
Mayurbhanj,Bisoi,Khadambeda Khadambeda,Chuakankar,8
Mayurbhanj,Bisoi,Luhakani,Fhuljhara,1
Mayurbhanj,Bisoi,Luhakani,Fulhjara,5
Mayurbhanj,Bisoi,Luhakani,Fuljhara,14
Mayurbhanj,Bisoi,Luhakani,Gargadi,27
Mayurbhanj,Bisoi,Luhakani,Jamirdiha,15
Mayurbhanj,Bisoi,Luhakani,Jederghutu,9
Mayurbhanj,Bisoi,Luhakani,Karanjei,1
Mayurbhanj,Bisoi,Luhakani,Kuajhari,5
Mayurbhanj,Bisoi,Luhakani,Kundra,14
Mayurbhanj,Bisoi,Luhakani,Laxmiposi,8
Mayurbhanj,Bisoi,Luhakani,Luhamalia,23
Mayurbhanj,Bisoi,Luhakani,Manicha,3
Mayurbhanj,Bisoi,Luhakani Luhakani,Gargadi,2
Mayurbhanj,Bisoi,Luhakani Luhakani,Laxmiposi,4
Mayurbhanj,Bisoi,Manada,Radhanagar,15
Mayurbhanj,Bisoi,Nuagan,Tambalbandh,7
Mayurbhanj,Bisoi,Nuagaon,Badanalua,5
Mayurbhanj,Bisoi,Nuagaon,Banakati,34
Mayurbhanj,Bisoi,Nuagaon,Bhagiatangara,2
Mayurbhanj,Bisoi,Nuagaon,Dhalabeda,6
Mayurbhanj,Bisoi,Nuagaon,Dhangidimuta,12
Mayurbhanj,Bisoi,Nuagaon,Dumurdiha,12
Mayurbhanj,Bisoi,Nuagaon,Kurkutia,6
Mayurbhanj,Bisoi,Nuagaon,Mayurbeka,6
Mayurbhanj,Bisoi,Nuagaon,Nuagaon,13
Mayurbhanj,Bisoi,Nuagaon,Sanajambhila,13
Mayurbhanj,Bisoi,Nuagaon,Sananalua,4
Mayurbhanj,Bisoi,Nuagaon,Tambalabandha,16
Mayurbhanj,Bisoi,Nuagaon,Teleighutu,39
Mayurbhanj,Bisoi,San Purunapani,Charupani,14
Mayurbhanj,Bisoi,San Purunapani,Rangamatia,3
Mayurbhanj,Bisoi,San Purunapani,San Purunapani,8
Mayurbhanj,Bisoi,San Purunapani,charupani,3
Mayurbhanj,Bisoi,Sanpurnapani,Burudihi,1
Mayurbhanj,Bisoi,Sanpurnapani,Charupani,3
Mayurbhanj,Bisoi,Sanpurnapani,Kalimati,12
Mayurbhanj,Bisoi,Sanpurnapani,Karanjharan,4
Mayurbhanj,Bisoi,Sanpurnapani,Sanpurnapani,1
Mayurbhanj,Bisoi,Sanpurunapani,Alhapani,6
Mayurbhanj,Bisoi,Sanpurunapani,Brahamanposi,16
Mayurbhanj,Bisoi,khadambeda,Argalbindha,1
Mayurbhanj,Block,Gram Panchayat,Vilage,16
Mayurbhanj,Block -do-,Gram Panchayat -do-,Vilage -do-,85
Mayurbhanj,Block Bijatala,Gram Panchayat Badjharan,Vilage Gopinathpur,2
Mayurbhanj,Block Bijatala,Gram Panchayat Khanta,Vilage Champauda,2
Mayurbhanj,Block Bijatala,Gram Panchayat Khanta,Vilage Nushadihi,2
Mayurbhanj,Block Bijatala,Gram Panchayat Khanta,Vilage Pithakutuni,2
Mayurbhanj,Block Bijatala,Gram Panchayat Raihari,Vilage Tulsibani,2
Mayurbhanj,Block Bisoi,Gram Panchayat Bad Manada,Vilage Hatichad,2
Mayurbhanj,Block Bisoi,Gram Panchayat Khadambeda,Vilage Khadambeda,2
Mayurbhanj,Block Do,Gram Panchayat Do,Asanbani,6
Mayurbhanj,Block Do,Gram Panchayat Do,Vilage Asanbani,2
Mayurbhanj,Block Do,Gram Panchayat Do,Vilage Badnai,2
Mayurbhanj,Block Karanjia,Gram Panchayat Kuliposi,Vilage Cheliaposi,2
Mayurbhanj,Block Kuliana,Gram Panchayat Gendapokhari,Vilage Baidikotha,1
Mayurbhanj,Block RAIRANGPUR,Gram Panchayat GUHALDUNGURI,Vilage KALARABANI,2
Mayurbhanj,Bosoi,Asana,Raikadkacha,4
Mayurbhanj,Bosoi,Baneikala,Gunduria,2
Mayurbhanj,G.B Nagar,Bhandagan,Anantasahi,30
Mayurbhanj,G.B Nagar,Bhandagan,Bhandagan,1
Mayurbhanj,G.B Nagar,Bhandagan,Ghantasila,18
Mayurbhanj,G.B Nagar,Kushalda,Mahuldihi,7
Mayurbhanj,G.B Nagar,Kushalda,Mundhakati,37
Mayurbhanj,G.B Nagar,Kushalda,Taradasole,4
Mayurbhanj,G.B Nagar,Ranibandh,Nuapada,14
Mayurbhanj,G.B Nagar,Ranibandh,Subudasahi,7
Mayurbhanj,G.B Nagar,Ranibandh,Tikarapada,15
Mayurbhanj,G.B. Nagar,Bhandagan,Ghantasila,10
Mayurbhanj,G.B. Nagar,Bhandagan,Jamsola,6
Mayurbhanj,G.B. Nagar,Bhandagan,Sinduria,5
Mayurbhanj,G.B. Nagar,G.B. Nagar,Parichipur,4
Mayurbhanj,G.B. Nagar,Jaypur,Marsigan,6
Mayurbhanj,G.B. Nagar,Kuamara,Chilima,4
Mayurbhanj,G.B. Nagar,Kuamara,Sikidia,3
Mayurbhanj,G.B. Nagar,Kushalada,Mundakati,20
Mayurbhanj,G.B. Nagar,Kushalda,Mundakati,10
Mayurbhanj,G.B. Nagar,Puruna Baripada,Puruna Baripada,3
Mayurbhanj,G.B. Nagar,Sainkula,Kaliapada,9
Mayurbhanj,G.B. Nagar,San Khunta,Bad Dangua,10
Mayurbhanj,G.B. Nagar,Sankhunta,Bad Dangua,4
Mayurbhanj,G.B. Nagar,Silaghaty,Kenduamundi,6
Mayurbhanj,G.B. Nagar,Silaghaty,Sialia,7
Mayurbhanj,G.B.Nagar,Kushalda,Banakati,34
Mayurbhanj,G.B.Nagar,Kushalda,Padmapur,3
Mayurbhanj,G.B.Nagar,Ranibandh,Sialia ‘A’,21
Mayurbhanj,GB Nagar,Baradihi,Daripal,10
Mayurbhanj,GB Nagar,Baradihi,Debagan,13
Mayurbhanj,GB Nagar,Baradihi,Goda,9
Mayurbhanj,GB Nagar,Jaypur,Dambarudihi,34
Mayurbhanj,GB Nagar,Kuamara,Patua,4
Mayurbhanj,GB Nagar,Kuamara,Uperkadada,5
Mayurbhanj,GB Nagar,Kushalda,Banakati,30
Mayurbhanj,GB Nagar,Kushalda,Lahara,8
Mayurbhanj,GB Nagar,Kushalda,Padmapur,32
Mayurbhanj,GB Nagar,Kushalda,Pathurikata,8
Mayurbhanj,GB Nagar,Pasuda,Badabelakuti,6
Mayurbhanj,GB Nagar,Pasuda,Ghagara,12
Mayurbhanj,GB Nagar,Pasuda,Mahulia,12
Mayurbhanj,GB Nagar,Pasuda,Muturda,5
Mayurbhanj,GB Nagar,Pasuda,Sanabelakuti,9
Mayurbhanj,GB Nagar,Ranibandh,Chadada,2
Mayurbhanj,GB Nagar,Ranibandh,Megha,1
Mayurbhanj,GB Nagar,Ranibandh,Sialia(A),65
Mayurbhanj,GB Nagar,Ranibandha,Sialia-A,2
Mayurbhanj,GB Nagar,Sainkula,Khuntadahi,1
Mayurbhanj,GB Nagar,Sanakhunta,Balidiha,21
Mayurbhanj,GB Nagar,Silaghati,Sialia-B,13
Mayurbhanj,GB Nagar,Silaghati,Silaghati,23
Mayurbhanj,GB Nagar,Titia,Palasa,6
Mayurbhanj,GB Nagar,Titia,Tangana,2
Mayurbhanj,GB Nagar,Titia,Titia,7
Mayurbhanj,Jamda,Bad-Dundu,Chapda,14
Mayurbhanj,Jamda,Bad-Dundu,Kalapani,4
Mayurbhanj,Jamda,Bad-Dundu,Moranda,10
Mayurbhanj,Jamda,Bad-Dundu,Tingiria,9
Mayurbhanj,Jamda,Badundu,Dalki,4
Mayurbhanj,Jamda,Badundu,Dumar,1
Mayurbhanj,Jamda,Badundu,Maranda,2
Mayurbhanj,Jamda,Badundu,Moranda,10
Mayurbhanj,Jamda,Badundu,Redam,3
Mayurbhanj,Jamda,Badundu,Sandundu,2
Mayurbhanj,Jamda,Hensda,Basantpur,12
Mayurbhanj,Jamda,Hensda,Chandikhaman,38
Mayurbhanj,Jamda,Hensda,Chitritangar,7
Mayurbhanj,Jamda,Hensda,Khaeirpal,13
Mayurbhanj,Jamda,Hensda,Khediadungri,32
Mayurbhanj,Jamda,Hensda,Kucheipal,20
Mayurbhanj,Jamda,Hensda,Matiali,70
Mayurbhanj,Jamda,Hensda,Sunamara,15
Mayurbhanj,Jamda,Jamda,Baghia,1
Mayurbhanj,Jamda,Jamda,Belposi,16
Mayurbhanj,Jamda,Jamda,Rumapahadi,9
Mayurbhanj,Jamda,Jarkani,Bambod,10
Mayurbhanj,Jamda,Jarkani,Daunda,3
Mayurbhanj,Jamda,Jarkani,Natwar,18
Mayurbhanj,Jamda,Jarkani,Olidihi,4
Mayurbhanj,Jamda,Jarkani,Pitidhiri,6
Mayurbhanj,Jamda,Kankha,Kankha,2
Mayurbhanj,Jamda,Pasana,Badkuleibira,2
Mayurbhanj,Jamda,Pasana,Bandudma,22
Mayurbhanj,Jamda,Pasana,Bhagabeda,8
Mayurbhanj,Jamda,Pasana,Guduta,22
Mayurbhanj,Jamda,Pasana,Pasana,2
Mayurbhanj,Jamda,Pasna,Banduduma,1
Mayurbhanj,Jamda,Pasna,Ghumal,2
Mayurbhanj,Jamda,Pasna,Harilabeda,22
Mayurbhanj,Jamda,Pasna,Heselpata,14
Mayurbhanj,Jamda,Pasna,Pasna,4
Mayurbhanj,Jamda,Pasna,Rangamatia,4
Mayurbhanj,Jamda,Talagaon,Kandsore,2
Mayurbhanj,Jamda,Talagaon,Kankhan,2
Mayurbhanj,Jamda,Talagaon,Laxmiposi,5
Mayurbhanj,Jamda,Talagaon,Mahiskudar,3
Mayurbhanj,Jamda,Talagaon,Talagaon,6
Mayurbhanj,Jamda,Talgan,Kankha,1
Mayurbhanj,Jamda,Talgan,Laxmiposi,11
Mayurbhanj,Jamda,Talgan,Mohiskudar,10
Mayurbhanj,Jamda,Talgan,Radhanagar,2
Mayurbhanj,Jamda,Talgaon,Badamtalia,3
Mayurbhanj,Jamda,Talgaon,Dumadihi,22
Mayurbhanj,Jamda,Talgaon,Kandsor,3
Mayurbhanj,Jamda,Talgaon,Laxmiposi,42
Mayurbhanj,Jamda,Talgaon,Mohiskudar,17
Mayurbhanj,Jamda,Talgaon,Mugudi,3
Mayurbhanj,Jamda,Talgaon,Radhanagar,25
Mayurbhanj,Jamda,Talgaon,kankha,4
Mayurbhanj,Jamda,Tarana,Baghia,4
Mayurbhanj,Jamda,Tarana,Bhadusahi,11
Mayurbhanj,Jamda,Tarana,Dighiabeda,9
Mayurbhanj,Jamda,Tarana,Manbir,5
Mayurbhanj,Jamda,Tarana,Pahadpur,18
Mayurbhanj,Jamda,Tarana,Tarana,7
Mayurbhanj,Jamda,Tendra,Amlabeda,1
Mayurbhanj,Jamda,Tendra,Tendra Hil,13
Mayurbhanj,Jamda,Tendra,Tendra Hill,1
Mayurbhanj,Jamda,Tendra,Tendrahil,14
Mayurbhanj,Jashipur,Astakuanr,Balarampur,10
Mayurbhanj,Jashipur,Astakuanr,Gad similipal,18
Mayurbhanj,Jashipur,Astakuanr,Gadsimilipal,40
Mayurbhanj,Jashipur,Astakumar,Balarampur,15
Mayurbhanj,Jashipur,Astakumar,Gopinathpur,22
Mayurbhanj,Jashipur,Astakumar,Kukurbhuka,30
Mayurbhanj,Jashipur,Astakumar,Nawana,34
Mayurbhanj,Jashipur,Astakumar,Nikhirda,2
Mayurbhanj,Jashipur,Astakumar,Saruda,44
Mayurbhanj,Jashipur,Astakunr,Budhabalanga,35
Mayurbhanj,Jashipur,Barehipani,Ashanbani,15
Mayurbhanj,Jashipur,Barehipani,Bad Ashoki,36
Mayurbhanj,Jashipur,Barehipani,Bandirabasa,40
Mayurbhanj,Jashipur,Barehipani,Barehipani,12
Mayurbhanj,Jashipur,Barehipani,Barsia,24
Mayurbhanj,Jashipur,Barehipani,Chakundakacha,3
Mayurbhanj,Jashipur,Barehipani,Kuljhari,3
Mayurbhanj,Jashipur,Barehipani,Nuniagad,1
Mayurbhanj,Jashipur,Barehipani,Nunian Goda,23
Mayurbhanj,Jashipur,Barehipani,Routala,23
Mayurbhanj,Jashipur,Baunsanali,Baunsanali,22
Mayurbhanj,Jashipur,Baunsanali,Genteisahi,75
Mayurbhanj,Jashipur,Baunsanali,Ramsahi,43
Mayurbhanj,Jashipur,Baunsanali,Tangursahi,47
Mayurbhanj,Jashipur,Baunsanli,Mandam,32
Mayurbhanj,Jashipur,Baunsnali,Badpahad,43
Mayurbhanj,Jashipur,Baunsnali,Bandiraposi,66
Mayurbhanj,Jashipur,Baunsnali,Baunsnali,66
Mayurbhanj,Jashipur,Baunsnali,Genteisahi,48
Mayurbhanj,Jashipur,Baunsnali,Mandam,27
Mayurbhanj,Jashipur,Baunsnali,Pahadpur,12
Mayurbhanj,Jashipur,Baunsnali,Ramsahi,12
Mayurbhanj,Jashipur,Baunsnali,Tangurusahi,21
Mayurbhanj,Jashipur,Begunia,Badbil,1
Mayurbhanj,Jashipur,Begunia,Begunia,22
Mayurbhanj,Jashipur,Begunia,Chainebda,4
Mayurbhanj,Jashipur,Begunia,Jamda,70
Mayurbhanj,Jashipur,Begunia,Kudarbisida,32
Mayurbhanj,Jashipur,Begunia,Nebda,8
Mayurbhanj,Jashipur,Chahidi,Batpandgandi,44
Mayurbhanj,Jashipur,Chakidi,Ambatalia,26
Mayurbhanj,Jashipur,Chakidi,Asura,6
Mayurbhanj,Jashipur,Chakidi,Bada moranda,41
Mayurbhanj,Jashipur,Chakidi,Badaduma,10
Mayurbhanj,Jashipur,Chakidi,Baduma,11
Mayurbhanj,Jashipur,Chakidi,Baliaban,11
Mayurbhanj,Jashipur,Chakidi,Banapundugandi,5
Mayurbhanj,Jashipur,Chakidi,Chakidi,15
Mayurbhanj,Jashipur,Chakidi,Chemudia,8
Mayurbhanj,Jashipur,Chakidi,Dalkibeda,3
Mayurbhanj,Jashipur,Chakidi,Gandarabeda,112
Mayurbhanj,Jashipur,Chakidi,Gondirabeda,4
Mayurbhanj,Jashipur,Chakidi,Maharajpur hil,5
Mayurbhanj,Jashipur,Chakidi,Naubudhani,7
Mayurbhanj,Jashipur,Chakidi,Nuhamalia,39
Mayurbhanj,Jashipur,Chakidi,Siltia,22
Mayurbhanj,Jashipur,Chakidi,Sinduria,19
Mayurbhanj,Jashipur,Chakidi,Uski,16
Mayurbhanj,Jashipur,Dhalabani,Chardipahadi,39
Mayurbhanj,Jashipur,Dhalabani,Dhalabani,54
Mayurbhanj,Jashipur,Dhalabani,Thakurgoda,22
Mayurbhanj,Jashipur,Dholabani,Alakudar,44
Mayurbhanj,Jashipur,Dholabani,Badsol,55
Mayurbhanj,Jashipur,Dholabani,Baranga,4
Mayurbhanj,Jashipur,Dholabani,Kaliani,50
Mayurbhanj,Jashipur,Dholabani,Kalikaprasad,42
Mayurbhanj,Jashipur,Dholabani,Sapachira,3
Mayurbhanj,Jashipur,Dholabani,Suanpal,63
Mayurbhanj,Jashipur,Dholabani,Tamaksila,21
Mayurbhanj,Jashipur,Dholabani,Thakurgoda,21
Mayurbhanj,Jashipur,Dholabani,Utaransa,104
Mayurbhanj,Jashipur,Dholabani,Uttaransa,1
Mayurbhanj,Jashipur,Do`,Sanmaranda,14
Mayurbhanj,Jashipur,Durdura,Badsialinae,12
Mayurbhanj,Jashipur,Durdura,Badsialnai,24
Mayurbhanj,Jashipur,Durdura,Begunia,104
Mayurbhanj,Jashipur,Durdura,Cheligodhuli,3
Mayurbhanj,Jashipur,Durdura,Cheligudhuli,8
Mayurbhanj,Jashipur,Durdura,Durdura,78
Mayurbhanj,Jashipur,Durdura,Handipuhan,33
Mayurbhanj,Jashipur,Durdura,Kadalibadi Hil,15
Mayurbhanj,Jashipur,Durdura,Kadalibadi Hill,1
Mayurbhanj,Jashipur,Durdura,Sansialinai,79
Mayurbhanj,Jashipur,Durdura,Sansialini,1
Mayurbhanj,Jashipur,Ektali,Bakala,173
Mayurbhanj,Jashipur,Ektali,Baragadia,24
Mayurbhanj,Jashipur,Ektali,Bargadia,3
Mayurbhanj,Jashipur,Ektali,Basantpur,54
Mayurbhanj,Jashipur,Ektali,Dhuduku,56
Mayurbhanj,Jashipur,Ektali,Ektali,30
Mayurbhanj,Jashipur,Ektali,Kaleitumba,113
Mayurbhanj,Jashipur,Ektali,Kanchikna,6
Mayurbhanj,Jashipur,Ektali,Kanthikna,36
Mayurbhanj,Jashipur,Ektali,Kumudabadi,51
Mayurbhanj,Jashipur,Ektali,Nangalsila,46
Mayurbhanj,Jashipur,Gudgudia,Khejuri,30
Mayurbhanj,Jashipur,Gudugudia,Gudugudia,77
Mayurbhanj,Jashipur,Gudugudia,Khejuri,14
Mayurbhanj,Jashipur,Gudugudia,Lanjighosora,13
Mayurbhanj,Jashipur,Gurgudia,Badkasira,28
Mayurbhanj,Jashipur,Gurgudia,Bakua,2
Mayurbhanj,Jashipur,Gurgudia,Bharadachua,3
Mayurbhanj,Jashipur,Gurgudia,Chandikhaman,3
Mayurbhanj,Jashipur,Gurgudia,KABATGHAI,5
Mayurbhanj,Jashipur,Gurgudia,KHEJURIA,13
Mayurbhanj,Jashipur,Gurgudia,Kandibil,31
Mayurbhanj,Jashipur,Gurgudia,Kediadunguri,7
Mayurbhanj,Jashipur,Gurgudia,Kuanribil,25
Mayurbhanj,Jashipur,Gurgudia,Saharpat,25
Mayurbhanj,Jashipur,Gurgudia,Sankasira,27
Mayurbhanj,Jashipur,Jamukeswar,Ambadiha,4
Mayurbhanj,Jashipur,Jamukeswar,Champabalda,2
Mayurbhanj,Jashipur,Jamukeswar,Dhulia,5
Mayurbhanj,Jashipur,Jamukeswar,Jamukeswar,1
Mayurbhanj,Jashipur,Jamukeswar,Kumbharpandugundi,1
Mayurbhanj,Jashipur,Jamukeswar,Laxmiposi,1
Mayurbhanj,Jashipur,Jamukeswar,Pasana Sahi,3
Mayurbhanj,Jashipur,Jamukeswar,Rahanda,14
Mayurbhanj,Jashipur,Jamukeswar,Sanmaranda,1
Mayurbhanj,Jashipur,Jamukeswar,balda,1
Mayurbhanj,Jashipur,Jashipur,Jashipur,4
Mayurbhanj,Jashipur,Mahardapalasa,Dakarbeda,2
Mayurbhanj,Jashipur,Mahardapalasa,Machkandana,16
Mayurbhanj,Jashipur,Mahardapalasa,Mahardapalasa,4
Mayurbhanj,Jashipur,Manada,Aktapal,27
Mayurbhanj,Jashipur,Manada,Biunria,53
Mayurbhanj,Jashipur,Manada,Dhatikia,20
Mayurbhanj,Jashipur,Manada,Naona,36
Mayurbhanj,Jashipur,Manada,Nawana,2
Mayurbhanj,Jashipur,Manada,Nowana,41
Mayurbhanj,Jashipur,Manada,Tikarpada,11
Mayurbhanj,Jashipur,Matiagarh,( Podagarh G.S),12
Mayurbhanj,Jashipur,Matiagarh,(Ghaniaposi GS),24
Mayurbhanj,Jashipur,Matiagarh,(Tilabadi G.S),2
Mayurbhanj,Jashipur,Matiagarh,Asanbani,26
Mayurbhanj,Jashipur,Matiagarh,Ghaniaposi,2
Mayurbhanj,Jashipur,Matiagarh,Kaliani,12
Mayurbhanj,Jashipur,Matiagarh,Kankadani,86
Mayurbhanj,Jashipur,Matiagarh,Kapand,126
Mayurbhanj,Jashipur,Matiagarh,Kaptira,30
Mayurbhanj,Jashipur,Matiagarh,Matiagarh,8
Mayurbhanj,Jashipur,Matiagarh,Podagad,3
Mayurbhanj,Jashipur,Matiagarh,Tilabadi,74
Mayurbhanj,Jashipur,Matiagrah,Kankadani,1
Mayurbhanj,Jashipur,Maudi,(San Junposi) polisabha,18
Mayurbhanj,Jashipur,Maudi,Biunria,18
Mayurbhanj,Jashipur,Maudi,Itamundi,28
Mayurbhanj,Jashipur,Maudi,San Junposi,12
Mayurbhanj,Jashipur,Moudi,Itamundi,18
Mayurbhanj,Jashipur,Padagarh,Tulasibani,31
Mayurbhanj,Jashipur,Pantho,Bakartala,2
Mayurbhanj,Jashipur,Pantho,Kenjhera,12
Mayurbhanj,Jashipur,Pantho,Pantho,8
Mayurbhanj,Jashipur,Podagarh,Bhadusol,9
Mayurbhanj,Jashipur,Podagarh,Kashipal,40
Mayurbhanj,Jashipur,Podagarh,Madanmohanpur,25
Mayurbhanj,Jashipur,Podagarh,Palagoda,29
Mayurbhanj,Jashipur,Podagarh,Podagarh,40
Mayurbhanj,Jashipur,Rugudi,Badposi,31
Mayurbhanj,Jashipur,Rugudi,Chaturisahi,16
Mayurbhanj,Jashipur,Rugudi,Jaunriposi,30
Mayurbhanj,Jashipur,Rugudi,Kadadhia,94
Mayurbhanj,Jashipur,Rugudi,KaluaKhaman,64
Mayurbhanj,Jashipur,Rugudi,Khandabandh,82
Mayurbhanj,Jashipur,Rugudi,Khandabandha,1
Mayurbhanj,Jashipur,Rugudi,Palasagadia,26
Mayurbhanj,Jashipur,Rugudi,Rugudi,96
Mayurbhanj,Jashipur,Rugudi,Siramanipur,65
Mayurbhanj,Jashipur,Tangabila,Badbil,9
Mayurbhanj,Jashipur,Tangabila,Badnai,39
Mayurbhanj,Jashipur,Tangabila,Dhemananali,40
Mayurbhanj,Jashipur,Tangabila,Kenjhera,34
Mayurbhanj,Jashipur,Tangabila,Panposi,34
Mayurbhanj,Jashipur,Tangabila,Sanai,18
Mayurbhanj,Jashipur,Tangabila,Sunamuhin,54
Mayurbhanj,Jashipur,Tangabila,Tangabila,28
Mayurbhanj,Jashipur,Tangabilla,Badbil,1
Mayurbhanj,Jashipur,`do,Champabalda,7
Mayurbhanj,Jasipur,Rugudi,KaluaKhaman,1
Mayurbhanj,KARANJIA,Dudhiani,Purunapani,1
Mayurbhanj,KARANJIA,Dudhiani,Ranibhol,2
Mayurbhanj,KARANJIA,Dudhiani,Sanramchandrapur,3
Mayurbhanj,KARANJIA,Miriginandi,Hatibari,21
Mayurbhanj,Kaptiada,Sarat,Kadabahali,12
Mayurbhanj,Kaptipada,Badabisole,Sanbisole,24
Mayurbhanj,Kaptipada,Badajhad,Kaptipada,25
Mayurbhanj,Kaptipada,Badakhaladi,Sundhal,18
Mayurbhanj,Kaptipada,Badbisole,Bhalubasa,61
Mayurbhanj,Kaptipada,Badbisole,Saguniabasa,88
Mayurbhanj,Kaptipada,Badgudgudia,Badbadi,6
Mayurbhanj,Kaptipada,Badgudgudia,Sanagudugudia,20
Mayurbhanj,Kaptipada,Chakradhar Pur,Chakradhar Pur,36
Mayurbhanj,Kaptipada,Chakradharapur,Sadanandapur,75
Mayurbhanj,Kaptipada,Chakradharapur,Sanjunpal,18
Mayurbhanj,Kaptipada,Chakradharpur,Sadananda Pur,43
Mayurbhanj,Kaptipada,Chakradharpur,Sadanandapur,15
Mayurbhanj,Kaptipada,Debala,Badjhad,14
Mayurbhanj,Kaptipada,Debala,Debala,50
Mayurbhanj,Kaptipada,Debala,Hil No-160,60
Mayurbhanj,Kaptipada,Debala,Hil No-161,11
Mayurbhanj,Kaptipada,Debanbahali,Debanbahali,21
Mayurbhanj,Kaptipada,Debla,Badajhad,25
Mayurbhanj,Kaptipada,Dewanbahali,Bisungan,1
Mayurbhanj,Kaptipada,Dewanbahali,Shirapal,59
Mayurbhanj,Kaptipada,Dewanbahali,Siriapal,13
Mayurbhanj,Kaptipada,J.S Jamudiha,Hil Block-171,54
Mayurbhanj,Kaptipada,J.S Jamudiha,Hill Block-171,1
Mayurbhanj,Kaptipada,J.S Jamudiha,Podadiha,11
Mayurbhanj,Kaptipada,J.S. Jamadiha,Nuhamalia,20
Mayurbhanj,Kaptipada,J.S. Jamdiha,Hil Block-24,1
Mayurbhanj,Kaptipada,J.S. Jamudiha,Badjunpal,6
Mayurbhanj,Kaptipada,J.S. Jamudiha,Bhandaripal,59
Mayurbhanj,Kaptipada,J.S. Jamudiha,Hil Block-173,41
Mayurbhanj,Kaptipada,J.S. Jamudiha,Hill Block-173,4
Mayurbhanj,Kaptipada,J.S. Jamudiha,Kantagadi,17
Mayurbhanj,Kaptipada,J.S. Jamudiha,Kantiali,12
Mayurbhanj,Kaptipada,J.S. Jamudiha,Talapadia,68
Mayurbhanj,Kaptipada,Jadida,Badasimulia,50
Mayurbhanj,Kaptipada,Jadida,Mahisasuri,13
Mayurbhanj,Kaptipada,Jadida,Nedam,76
Mayurbhanj,Kaptipada,Jadida,Raikalia,54
Mayurbhanj,Kaptipada,Jambani,Sudusudia,72
Mayurbhanj,Kaptipada,Jhinkpada,Goudagan,35
Mayurbhanj,Kaptipada,Jodida,Nedam,73
Mayurbhanj,Kaptipada,Kalamgadia,Balichua,72
Mayurbhanj,Kaptipada,Kalamgadia,Gokulpur,62
Mayurbhanj,Kaptipada,Kalamgadia,Kalamgadia,109
Mayurbhanj,Kaptipada,Kalamgadia,Kathachua,100
Mayurbhanj,Kaptipada,Kalamgadia,Sukhuapata Hil,123
Mayurbhanj,Kaptipada,Kalamgadia,Sukhuapata Hill,3
Mayurbhanj,Kaptipada,Kaptipada,Beldiha,30
Mayurbhanj,Kaptipada,Kaptipada,Bhagabandh,92
Mayurbhanj,Kaptipada,Kaptipada,Bhangabandh,24
Mayurbhanj,Kaptipada,Kaptipada,Kaladahi,25
Mayurbhanj,Kaptipada,Kaptipada,Kaladihi,17
Mayurbhanj,Kaptipada,Kolialam,Kadamsole,7
Mayurbhanj,Kaptipada,Kolialam,Nachipur,21
Mayurbhanj,Kaptipada,Koliolam,Kodambsole,38
Mayurbhanj,Kaptipada,Labanyadeipur,Gaipanikhia,4
Mayurbhanj,Kaptipada,Labanyadeipur,Gaipanikhia-Hil,21
Mayurbhanj,Kaptipada,Labanyadeipur,Hil Block-24 Sanadei,6
Mayurbhanj,Kaptipada,Labanyadeipur,Katuria,8
Mayurbhanj,Kaptipada,Labanyadeipur,Labanyadeipur,7
Mayurbhanj,Kaptipada,Labanyadeipur,Sanadei,48
Mayurbhanj,Kaptipada,Majhigadia,Baladamara,44
Mayurbhanj,Kaptipada,Majhigadia,Dangarsahi,70
Mayurbhanj,Kaptipada,Majhigadia,Mahulapankha,176
Mayurbhanj,Kaptipada,Majhigadia,Majhigadia,37
Mayurbhanj,Kaptipada,Majhigadia,Raidiha,75
Mayurbhanj,Kaptipada,Majhigadia,Raikalchua,74
Mayurbhanj,Kaptipada,Mankadapada,Khadikhania,23
Mayurbhanj,Kaptipada,Mankadapada,Kunarapur,5
Mayurbhanj,Kaptipada,Mankadapada,Mankadapada Hil,246
Mayurbhanj,Kaptipada,Mankadapada,Mankadapada Hill,13
Mayurbhanj,Kaptipada,Mankadapada,Palasabani,1
Mayurbhanj,Kaptipada,Mankadpada,Khadikhania,29
Mayurbhanj,Kaptipada,Mankadpada,Mankadpada,9
Mayurbhanj,Kaptipada,Mankadpada,Mankadpada (Jadabani),15
Mayurbhanj,Kaptipada,Nato,Baghadafa,46
Mayurbhanj,Kaptipada,Noto,Baghadafa,15
Mayurbhanj,Kaptipada,Noto,Baghadapha,11
Mayurbhanj,Kaptipada,Noto,Kumudabahali,52
Mayurbhanj,Kaptipada,Noto,Noto,35
Mayurbhanj,Kaptipada,Noto,Prasana Chandrapur,59
Mayurbhanj,Kaptipada,Noto,Prashna ch. Pur,20
Mayurbhanj,Kaptipada,Notto,Baghadafa,1
Mayurbhanj,Kaptipada,Nudadiha,Hil Block 172 (Uthansahi),20
Mayurbhanj,Kaptipada,Nudadiha,Nuagan,76
Mayurbhanj,Kaptipada,Nududiha,Kukurdima,5
Mayurbhanj,Kaptipada,Padmapokhari,Dhapada,142
Mayurbhanj,Kaptipada,Pedagadi,Astapura,5
Mayurbhanj,Kaptipada,Pedagadi,Ghipura,3
Mayurbhanj,Kaptipada,Pedagadi,Gothapura,23
Mayurbhanj,Kaptipada,Pedagadi,Jarada,1
Mayurbhanj,Kaptipada,Pedagadi,Karapada,3
Mayurbhanj,Kaptipada,Pedagadi,Mahulabani,8
Mayurbhanj,Kaptipada,Pingu,Ashanabani,54
Mayurbhanj,Kaptipada,Pingu,Chainposi,43
Mayurbhanj,Kaptipada,Pingu,Chuinposi,40
Mayurbhanj,Kaptipada,Pingu,Gadiapal,77
Mayurbhanj,Kaptipada,Pingu,Pingu,21
Mayurbhanj,Kaptipada,Ram Ch. Pur,Dolipada,61
Mayurbhanj,Kaptipada,Ram Ch. Pur,Ram Ch. Pur,35
Mayurbhanj,Kaptipada,Ramachandrapur,Talagadia,150
Mayurbhanj,Kaptipada,Ramchandrapur,R.C. Pur,1
Mayurbhanj,Kaptipada,Ramchandrapur,Ramchandrapur,55
Mayurbhanj,Kaptipada,Ranipokhari,Dilisore,11
Mayurbhanj,Kaptipada,Ranipokhari,Kaptipada,22
Mayurbhanj,Kaptipada,Ranipokhari,Rajatnagar,214
Mayurbhanj,Kaptipada,Ranipokhari,Ranipokhari,57
Mayurbhanj,Kaptipada,Rnipokhari,Diliswar,34
Mayurbhanj,Kaptipada,Salachua,Bidyadharanagar,116
Mayurbhanj,Kaptipada,Salachua,Gendagadia,37
Mayurbhanj,Kaptipada,Salachua,Salachua,265
Mayurbhanj,Kaptipada,Salachua,Salagadia,39
Mayurbhanj,Kaptipada,Salchua,Salchua,21
Mayurbhanj,Kaptipada,Salchua,Solagadia,38
Mayurbhanj,Kaptipada,Saradiha,Bhandar,31
Mayurbhanj,Kaptipada,Saradiha,Saradiha,94
Mayurbhanj,Kaptipada,Saradiha,Sukhuapata,127
Mayurbhanj,Kaptipada,Sarat,Gourachandrapur,182
Mayurbhanj,Kaptipada,Sarat,Kadabahali,66
Mayurbhanj,Kaptipada,Sarat,Kaptipada,79
Mayurbhanj,Kaptipada,Sarat,Sarat,181
Mayurbhanj,Kaptipada,Sardiha,Bhandar,97
Mayurbhanj,Kaptipada (Canceled),Labanyadeipur,Gaipanikhia-Hil,1
Mayurbhanj,Kaptipada (Canceled),Rnipokhari,Diliswar,1
Mayurbhanj,Kaptipada(Canceled),Labanyadeipur,Sanadei,1
Mayurbhanj,Kaptipada(Canceled),Noto,Kumudabahali,2
Mayurbhanj,Karanajia,Kerkera,Sarangagarh,41
Mayurbhanj,Karanajia,Kuliposhi,Sunaposhi,6
Mayurbhanj,Karanajia,Kuliposi,Singda,7
Mayurbhanj,Karanajia,Mirigenendi,Mirigenendi,2
Mayurbhanj,Karanajia,Patbil,Baliposi,2
Mayurbhanj,Karanajia,Patbil,Kendumundi,2
Mayurbhanj,Karanajia,Rasamtala,Kadambeda,3
Mayurbhanj,Karanjia,Badadeuli,Badadeuli,13
Mayurbhanj,Karanjia,Badadeuli,Bhanra,48
Mayurbhanj,Karanjia,Badadeuli,Chauthia,54
Mayurbhanj,Karanjia,Badadeuli,Jadumuria,6
Mayurbhanj,Karanjia,Badadeuli,Jhadumuria,184
Mayurbhanj,Karanjia,Badagan,Ananta Sahi,10
Mayurbhanj,Karanjia,Badagaon,Batagoudgoan,32
Mayurbhanj,Karanjia,Baddeuli,Baddeuli,1
Mayurbhanj,Karanjia,Badeuli,Badeuli,10
Mayurbhanj,Karanjia,Badeuli,Sandeuli,5
Mayurbhanj,Karanjia,Badeuli,Saradha,3
Mayurbhanj,Karanjia,Badeuli,Sarashposi,11
Mayurbhanj,Karanjia,Badgan,Saradha,49
Mayurbhanj,Karanjia,Badgaon,Anantasahi,48
Mayurbhanj,Karanjia,Badgaon,Batatainsira,15
Mayurbhanj,Karanjia,Badgaon,Kardia,36
Mayurbhanj,Karanjia,Badgaon,Khandiadar,75
Mayurbhanj,Karanjia,Badgaon,Nuagaon,35
Mayurbhanj,Karanjia,Badgaon,Raitalia,6
Mayurbhanj,Karanjia,Badgaon,Tulasibani,1
Mayurbhanj,Karanjia,Badgaon,Tulasiposi,48
Mayurbhanj,Karanjia,Bala,Bala,13
Mayurbhanj,Karanjia,Bala,Sanbadposi,31
Mayurbhanj,Karanjia,Bhadubeda,Bhadubeda,8
Mayurbhanj,Karanjia,Chitraposi,Asanbani,58
Mayurbhanj,Karanjia,Chitraposi,Chitraposi,30
Mayurbhanj,Karanjia,Chitraposi,Dhakata,66
Mayurbhanj,Karanjia,Chitraposi,Ghosda,30
Mayurbhanj,Karanjia,Chitraposi,Halpur,32
Mayurbhanj,Karanjia,Chitraposi,Mahadevdeuli,42
Mayurbhanj,Karanjia,Chitraposi,Murgapat,57
Mayurbhanj,Karanjia,Chitraposi,Thianali,20
Mayurbhanj,Karanjia,Dori,Dhalabani,16
Mayurbhanj,Karanjia,Dori,Dori,13
Mayurbhanj,Karanjia,Dori,Jarali,4
Mayurbhanj,Karanjia,Dori,Madrangajodi,28
Mayurbhanj,Karanjia,Dori,Mata,61
Mayurbhanj,Karanjia,Dori,Tinitia,8
Mayurbhanj,Karanjia,Dori,Tulashiposi,17
Mayurbhanj,Karanjia,Dudhiani,Burudihi,42
Mayurbhanj,Karanjia,Dudhiani,Pahadpur,21
Mayurbhanj,Karanjia,Dudhiani,Ramajodi,8
Mayurbhanj,Karanjia,Dudhiani,Ramjodi,24
Mayurbhanj,Karanjia,Dudhiani,Ranibhol,11
Mayurbhanj,Karanjia,Dudhiani,Sanram chandrapur,3
Mayurbhanj,Karanjia,Dudhiani,Sanramachandrapur,39
Mayurbhanj,Karanjia,Dudhiani,Sanramchandrapur,42
Mayurbhanj,Karanjia,Kendujuani,Asanbani,3
Mayurbhanj,Karanjia,Kerkera,Andharjhuri,11
Mayurbhanj,Karanjia,Kerkera,Badasarai,37
Mayurbhanj,Karanjia,Kerkera,Badsorei,23
Mayurbhanj,Karanjia,Kerkera,Chouthia,3
Mayurbhanj,Karanjia,Kerkera,Dumbi Sahi,14
Mayurbhanj,Karanjia,Kerkera,Dumbisahi,19
Mayurbhanj,Karanjia,Kerkera,Jhalkiani,15
Mayurbhanj,Karanjia,Kerkera,Kerkera,6
Mayurbhanj,Karanjia,Kerkera,Neduapal,21
Mayurbhanj,Karanjia,Kerkera,Pahadbhanga,27
Mayurbhanj,Karanjia,Kerkera,Ramchandrapur,46
Mayurbhanj,Karanjia,Kerkera,Sarangad,8
Mayurbhanj,Karanjia,Kerkera,Sarangagarh,53
Mayurbhanj,Karanjia,Kerkera,Satkiari,3
Mayurbhanj,Karanjia,Kerkera,Satkiari (Sarangad),1
Mayurbhanj,Karanjia,Kujiposhi,Sunaposhi,1
Mayurbhanj,Karanjia,Kuliposi,Chaturisahi,17
Mayurbhanj,Karanjia,Kuliposi,Cheliaposi,23
Mayurbhanj,Karanjia,Kuliposi,Gopalpur,6
Mayurbhanj,Karanjia,Kuliposi,Hatisalbeda,22
Mayurbhanj,Karanjia,Kuliposi,Jarasahi,11
Mayurbhanj,Karanjia,Kuliposi,Kadadiha,8
Mayurbhanj,Karanjia,Kuliposi,Kuliposi,1
Mayurbhanj,Karanjia,Kuliposi,Kusapada,2
Mayurbhanj,Karanjia,Kuliposi,Miludihi,18
Mayurbhanj,Karanjia,Kuliposi,Padheidhuda,10
Mayurbhanj,Karanjia,Kuliposi,Paudia,6
Mayurbhanj,Karanjia,Kuliposi,Sudiam,12
Mayurbhanj,Karanjia,Kuliposi,Sunaposi,25
Mayurbhanj,Karanjia,Kuliposi,Tikasil,11
Mayurbhanj,Karanjia,Mata,Purunadeungaon,32
Mayurbhanj,Karanjia,Miludihi,Miludihi,22
Mayurbhanj,Karanjia,Mirginandi,Khadikudar,12
Mayurbhanj,Karanjia,Miriginendi,Gudidiha,31
Mayurbhanj,Karanjia,Miriginendi,Hatibari,22
Mayurbhanj,Karanjia,Miriginendi,Jhmukakudar,10
Mayurbhanj,Karanjia,Miriginendi,Jhumkakudar,58
Mayurbhanj,Karanjia,Miriginendi,Jhumukakudar,11
Mayurbhanj,Karanjia,Miriginendi,Khadikudar,1
Mayurbhanj,Karanjia,Miriginendi,Mirigienedi,9
Mayurbhanj,Karanjia,Miriginendi,Miriginendi,30
Mayurbhanj,Karanjia,Miriginendi,Panaspal,2
Mayurbhanj,Karanjia,Miriginendi,Patulidihi,13
Mayurbhanj,Karanjia,Miriginendi,Sundhikudar,21
Mayurbhanj,Karanjia,Murgapat,Chitraposi,1
Mayurbhanj,Karanjia,Neduapal,Neduapal,16
Mayurbhanj,Karanjia,Nuagaon,Nuagaon,3
Mayurbhanj,Karanjia,Patbil,Baghalata,82
Mayurbhanj,Karanjia,Patbil,Baliposi,19
Mayurbhanj,Karanjia,Patbil,Bisipur,57
Mayurbhanj,Karanjia,Patbil,Jamunalia,42
Mayurbhanj,Karanjia,Patbil,Kendumundi,20
Mayurbhanj,Karanjia,Patbil,Patbil,12
Mayurbhanj,Karanjia,Patbil,Rengalbeda,27
Mayurbhanj,Karanjia,Patbil,Thakurjharan,33
Mayurbhanj,Karanjia,Rasamatala,Ghadaghaguri,19
Mayurbhanj,Karanjia,Rasamtala,Jhadbeda,36
Mayurbhanj,Karanjia,Rasamtala,Pokamunda,6
Mayurbhanj,Karanjia,Rasamtala,Sarabhadi,44
Mayurbhanj,Karanjia,Rasamtala,Saravadi,116
Mayurbhanj,Karanjia,Tato,Barapanposi,21
Mayurbhanj,Karanjia,Tato,Kunjia,26
Mayurbhanj,Karanjia,Tato,Nakuda,5
Mayurbhanj,Khunta,Badafeni,Badasatsole,5
Mayurbhanj,Khunta,Badafeni,Chatrama,10
Mayurbhanj,Khunta,Badafeni,Sanakaranjia,9
Mayurbhanj,Khunta,Badafeni,Sanaraikali,42
Mayurbhanj,Khunta,Badafeni,Tavagadia,7
Mayurbhanj,Khunta,Badafeni,Tovagadi,13
Mayurbhanj,Khunta,Badafeni,Tulasibani,12
Mayurbhanj,Khunta,Badaolia,Khunta,29
Mayurbhanj,Khunta,Badapathara,Bahalda,5
Mayurbhanj,Khunta,Badapathara,Ranipal,22
Mayurbhanj,Khunta,Badapathra,Bahalada,40
Mayurbhanj,Khunta,Badfeni,Badfeni,57
Mayurbhanj,Khunta,Badfeni,Badsatsole,3
Mayurbhanj,Khunta,Badfeni,Sanraikali,2
Mayurbhanj,Khunta,Bahanada,Bahanada,21
Mayurbhanj,Khunta,Bahanada,Bandhagada,19
Mayurbhanj,Khunta,Bahanada,Barahgadia,18
Mayurbhanj,Khunta,Bahanada,Gayalmara,29
Mayurbhanj,Khunta,Bahanada,Jamsul,2
Mayurbhanj,Khunta,Bahanada,Khunta,17
Mayurbhanj,Khunta,Bangara,Bangara,3
Mayurbhanj,Khunta,Bangara,Bhupad,25
Mayurbhanj,Khunta,Bangara,Deuladihi,15
Mayurbhanj,Khunta,Bangara,Kenduhata,7
Mayurbhanj,Khunta,Bangara,Satpautia,9
Mayurbhanj,Khunta,Bangora,Bhupad,3
Mayurbhanj,Khunta,Bangra,Khalabandh,8
Mayurbhanj,Khunta,Basipitha,Gaudgan,34
Mayurbhanj,Khunta,Basipitha,Goudagan,6
Mayurbhanj,Khunta,Basipitha,Jadabani,27
Mayurbhanj,Khunta,Basipitha,Kamali,22
Mayurbhanj,Khunta,Basipitha,Khejuradiha,31
Mayurbhanj,Khunta,Basipitha,Murari,7
Mayurbhanj,Khunta,Basipitha,Purunapani,30
Mayurbhanj,Khunta,Basipitha,Sankadadiha,12
Mayurbhanj,Khunta,Basipitha,Shamapanda,6
Mayurbhanj,Khunta,Bhalagadia,Nuagan,45
Mayurbhanj,Khunta,Bholagadia,Badaolia,58
Mayurbhanj,Khunta,Bholagadia,Bholagadia,49
Mayurbhanj,Khunta,Bholagadia,Dabak,35
Mayurbhanj,Khunta,Dengam,Bania Basa,15
Mayurbhanj,Khunta,Dengam,Baniabasa,67
Mayurbhanj,Khunta,Dengam,Dengam,20
Mayurbhanj,Khunta,Dengam,Jadidar,10
Mayurbhanj,Khunta,Dengam,Jadidhar,4
Mayurbhanj,Khunta,Dengam,Mahuldihi,9
Mayurbhanj,Khunta,Dengam,Mohuldihi,7
Mayurbhanj,Khunta,Dhanghera,Bharadadihi,42
Mayurbhanj,Khunta,Dhanghera,Hatisahi,11
Mayurbhanj,Khunta,Dhanghera,Khudapotali,26
Mayurbhanj,Khunta,Dhanghera,Khudaputuli,76
Mayurbhanj,Khunta,Dhanghrea,Harisole,9
Mayurbhanj,Khunta,Dukura,Angarakundia,4
Mayurbhanj,Khunta,Dukura,Dukura,2
Mayurbhanj,Khunta,Dukura,Kandalia,19
Mayurbhanj,Khunta,Dukura,Nuagan,9
Mayurbhanj,Khunta,Gadigan,Anandapur (Bankigadi),25
Mayurbhanj,Khunta,Gadigan,Debela,8
Mayurbhanj,Khunta,Gadigan,Gadigan,19
Mayurbhanj,Khunta,Gadigan,Kanheibandh,4
Mayurbhanj,Khunta,Gadigan,Malharpada,25
Mayurbhanj,Khunta,Gayalmara,Khunta,29
Mayurbhanj,Khunta,Karakachia,Karakachia,2
Mayurbhanj,Khunta,Karakachia,Sansatsole,10
Mayurbhanj,Khunta,Karkachia,Gabindapur,7
Mayurbhanj,Khunta,Karkachia,Panudaskhunta,5
Mayurbhanj,Khunta,Karkachia,Satadharia,2
Mayurbhanj,Khunta,Lakhanasahi,Kantamara,4
Mayurbhanj,Khunta,Lakhanasahi,Mahalibasa,6
Mayurbhanj,Khunta,Lakhanasahi,Tambagadi,15
Mayurbhanj,Khunta,Laxmanasahi,Baunsakantia,33
Mayurbhanj,Khunta,Nuagan,Dabaka (Nuagan),1
Mayurbhanj,Khunta,Sanaraikali,Khunta,42
Mayurbhanj,Khunta,Sapanchua,Agnikumari,5
Mayurbhanj,Khunta,Sapanchua,Girishchandrapur,14
Mayurbhanj,Khunta,Sapanchua,Jadidiha,4
Mayurbhanj,Khunta,Sapanchua,Sapanchua,6
Mayurbhanj,Khunta,Sapanchua,Sirishchandrapur,8
Mayurbhanj,Khunta,Sapanchua,Subarnamanjari,36
Mayurbhanj,Khunta,Sapanchua,Sunpakhari,44
Mayurbhanj,Khunta,Sapanchua,Tiakati,9
Mayurbhanj,Khunta,Tovagadi,Khunta,13
Mayurbhanj,Kuliana,Baiganabadia,Balipal,6
Mayurbhanj,Kuliana,Baiganabadia,Bholagodia,16
Mayurbhanj,Kuliana,Baiganabadia,Dhahamunda,8
Mayurbhanj,Kuliana,Bhagabanpur,Sauri,60
Mayurbhanj,Kuliana,Bhagabanpur,Shauri,16
Mayurbhanj,Kuliana,Bhagabanpur,Souri,29
Mayurbhanj,Kuliana,Chandua,Balichaturi,3
Mayurbhanj,Kuliana,Chandua,Bandab,6
Mayurbhanj,Kuliana,Chandua,Ghuntabani,2
Mayurbhanj,Kuliana,Chandua,Kakharusole,78
Mayurbhanj,Kuliana,Chandua,Nuhamalia,3
Mayurbhanj,Kuliana,Chandua,Sri Chandanpur,10
Mayurbhanj,Kuliana,Chandua,Sunaria,8
Mayurbhanj,Kuliana,Chandua,Tulasibani,24
Mayurbhanj,Kuliana,Dumurdiha,Dumurdiha,27
Mayurbhanj,Kuliana,Dumurdiha,Jamapada,14
Mayurbhanj,Kuliana,Dumurdiha,Kathasirshi,17
Mayurbhanj,Kuliana,Gangraj,Dahigaon,4
Mayurbhanj,Kuliana,Gangraj,Gangraj,1
Mayurbhanj,Kuliana,Gangraj,Salugadia,4
Mayurbhanj,Kuliana,Gangraj,Tumuda,3
Mayurbhanj,Kuliana,Genda pokhari,Mundhabani,4
Mayurbhanj,Kuliana,Genda Pokhari,Tiringdihi,10
Mayurbhanj,Kuliana,Gendapokhari,Baidikotha,21
Mayurbhanj,Kuliana,Gendapokhari,Gendapokhari,63
Mayurbhanj,Kuliana,Gendapokhari,Gidhibasa,22
Mayurbhanj,Kuliana,Gendapokhari,Jaganathpur,19
Mayurbhanj,Kuliana,Gendapokhari,Jagannathpur,2
Mayurbhanj,Kuliana,Gendapokhari,Jhilidam,29
Mayurbhanj,Kuliana,Gendapokhari,Mundhabani,35
Mayurbhanj,Kuliana,Gendapokhari,Pokharia,77
Mayurbhanj,Kuliana,Gendapokhari,Tiringdihi,13
Mayurbhanj,Kuliana,Gendapokhri,Gendapokhri,20
Mayurbhanj,Kuliana,Gendapokhri,Jaganathpur,13
Mayurbhanj,Kuliana,Gendapokhri,Pokharia,22
Mayurbhanj,Kuliana,Jhinei,Jhinei,2
Mayurbhanj,Kuliana,Keutunimari,Badatilau,30
Mayurbhanj,Kuliana,Keutunimari,Dardiasole,15
Mayurbhanj,Kuliana,Keutunimari,Gayalkata,6
Mayurbhanj,Kuliana,Keutunimari,Kalikasole,17
Mayurbhanj,Kuliana,Keutunimari,Keutunimari,8
Mayurbhanj,Kuliana,Keutunimari,Nodhabani,24
Mayurbhanj,Kuliana,Keutunimari,Pandasole,31
Mayurbhanj,Kuliana,Keutunimari,Ramkadali,13
Mayurbhanj,Kuliana,Keutunimari,Rathashole,2
Mayurbhanj,Kuliana,Keutunimari,Rathasole,4
Mayurbhanj,Kuliana,Keutunimari,Rathasole S,1
Mayurbhanj,Kuliana,Keutunimari,Salugodia,5
Mayurbhanj,Kuliana,Keutunimari,Salugodia S,1
Mayurbhanj,Kuliana,Keutunimari,Suanaposi,7
Mayurbhanj,Kuliana,Keutunimari,Tadki,12
Mayurbhanj,Kuliana,Kuabuda,Bhangabandhi,13
Mayurbhanj,Kuliana,Kuabuda,Dhadipada,41
Mayurbhanj,Kuliana,Kuabuda,Gadubhanga,30
Mayurbhanj,Kuliana,Kuabuda,Hatimada,7
Mayurbhanj,Kuliana,Kuabuda,Jamjarki,2
Mayurbhanj,Kuliana,Kuabuda,Jiani,14
Mayurbhanj,Kuliana,Kuabuda,Kalajhinei,51
Mayurbhanj,Kuliana,Kuabuda,Kuabuda,28
Mayurbhanj,Kuliana,Kuabuda,Kuabuda B,1
Mayurbhanj,Kuliana,Kuabuda,Kuabuda S,2
Mayurbhanj,Kuliana,Kuabuda,Ugabandha,13
Mayurbhanj,Kuliana,Kuabuda,jamjarki,1
Mayurbhanj,Kuliana,Kuchei,Angargadia,33
Mayurbhanj,Kuliana,Kuchei,Badjunabani,6
Mayurbhanj,Kuliana,Kuchei,Badjunbani,20
Mayurbhanj,Kuliana,Kuchei,Santisole,8
Mayurbhanj,Kuliana,Kuliana,Balimunduli,9
Mayurbhanj,Kuliana,Kuliana,Kamta,1
Mayurbhanj,Kuliana,Kuliana,Pariakuli,13
Mayurbhanj,Kuliana,Kuliana,Tolakchuin,20
Mayurbhanj,Kuliana,Marangatandi,Janjadapal,54
Mayurbhanj,Kuliana,Marangatandi,Mankadakenda,70
Mayurbhanj,Kuliana,Marangatandi,Marangatandi,96
Mayurbhanj,Kuliana,Marangtandi,Jhinei,135
Mayurbhanj,Kuliana,Marangtandi,Jiani,57
Mayurbhanj,Kuliana,Marangtandi,Jiani D,1
Mayurbhanj,Kuliana,Marangtandi,Jiani L,1
Mayurbhanj,Kuliana,Marangtandi,Jiani M,1
Mayurbhanj,Kuliana,Marangtandi,Marangatandi,45
Mayurbhanj,Kuliana,Marangtandi,Palasbani,8
Mayurbhanj,Kuliana,Nabedhi,Nabedhi,59
Mayurbhanj,Kuliana,Nodhana,Baidipur,7
Mayurbhanj,Kuliana,Nodhana,Dudhiasole,9
Mayurbhanj,Kuliana,Nodhana,Hadhadibangan,1
Mayurbhanj,Kuliana,Nodhana,Jamujarak,13
Mayurbhanj,Kuliana,Nodhana,Kaladam,25
Mayurbhanj,Kuliana,Nodhana,Karakachia,3
Mayurbhanj,Kuliana,Nodhana,Karkachia,6
Mayurbhanj,Kuliana,Nodhana,Kothabila,69
Mayurbhanj,Kuliana,Nodhana,Kothabilla,2
Mayurbhanj,Kuliana,Nodhana,Sansarasaposi,100
Mayurbhanj,Kuliana,Nodhna,Hadhadibangan,8
Mayurbhanj,Kuliana,Parulia,Darunia,55
Mayurbhanj,Kuliana,Patihinja,Adapal,50
Mayurbhanj,Kuliana,Patihinja,Barudihi,27
Mayurbhanj,Kuliana,Patihinja,Bhadu Nuagaon,1
Mayurbhanj,Kuliana,Patihinja,Bhaduabeda,76
Mayurbhanj,Kuliana,Patihinja,Bhadunauagn,1
Mayurbhanj,Kuliana,Patihinja,Bhadunuagan,10
Mayurbhanj,Kuliana,Patihinja,Bhadunuagaon,21
Mayurbhanj,Kuliana,Patihinja,Bhadunuagoan,8
Mayurbhanj,Kuliana,Patihinja,Bijabani,29
Mayurbhanj,Kuliana,Patihinja,Dantamusole,10
Mayurbhanj,Kuliana,Patihinja,Katharama,46
Mayurbhanj,Kuliana,Patihinja,Katharuma,156
Mayurbhanj,Kuliana,Patihinja,Kudiapal,18
Mayurbhanj,Kuliana,Patihinja,Nalhuapal,64
Mayurbhanj,Kuliana,Patihinja,Patharghera,3
Mayurbhanj,Kuliana,Patihinja,Patihinja,117
Mayurbhanj,Kuliana,Patihinja,Pokharia,54
Mayurbhanj,Kuliana,Patihinja,Srichandanpur,67
Mayurbhanj,Kuliana,Purunapani,Ambapunja,31
Mayurbhanj,Kuliana,Purunapani,Banagoan,32
Mayurbhanj,Kuliana,Purunapani,Kanjia,23
Mayurbhanj,Kuliana,Purunapani,Madanasahi,4
Mayurbhanj,Kuliana,Purunapani,Purunapani,5
Mayurbhanj,Kuliana,Purunapani,Sanabadatalia,48
Mayurbhanj,Kuliana,Purunapani,Sanbadtalia,8
Mayurbhanj,Kuliana,Purunapani,Tikayatpur,74
Mayurbhanj,Kuliana,Purunapani,Tilaugadia,51
Mayurbhanj,Kuliana,Saragachhida,Chalunia,1
Mayurbhanj,Kuliana,Saragachhida,Godaragodi,2
Mayurbhanj,Kuliana,Saragachhida,Saragachhida,1
Mayurbhanj,Kuliana,Saragachida,Bhugudakata,7
Mayurbhanj,Kuliana,Saragachida,Chalunia,12
Mayurbhanj,Kuliana,Saragachida,Godaragodi,19
Mayurbhanj,Kuliana,Saragachida,Saragachida,4
Mayurbhanj,Kuliana,Saragachida,Tangasole,10
Mayurbhanj,Kuliana,Saragachida,Tangasole F,1
Mayurbhanj,Kuliana,Saragchida,Badapalasia,1
Mayurbhanj,Kuliana,Saragchida,Bhugudakata,3
Mayurbhanj,Kuliana,Saragchida,Chalunia,26
Mayurbhanj,Kuliana,Saragchida,Hatibari,15
Mayurbhanj,Kuliana,Saragchida,Nagrasole,3
Mayurbhanj,Kuliana,Swargachhida,Bhugudakata,3
Mayurbhanj,Kuliana,Swargachhida,Charmania,1
Mayurbhanj,Kuliana,Swargachhida,Hatibari,1
Mayurbhanj,Kuliana,Swargachida,Balichaturi,2
Mayurbhanj,Kuliana,Swargachida,Bhugudakata,25
Mayurbhanj,Kuliana,Swargachida,Charmania,6
Mayurbhanj,Kuliana,Swargachida,Ghuntabani,2
Mayurbhanj,Kuliana,Swargachida,Hatibari,18
Mayurbhanj,Kuliana,Swargachida,Swargachida,2
Mayurbhanj,Kuliana,keutunimari,Baliatilau,20
Mayurbhanj,Kuliana,keutunimari,Keutunimari,5
Mayurbhanj,Kusumi,Bad-Hatnabeda,Raipada,15
Mayurbhanj,Kusumi,Badhantnabeda,Badhatnabeda,48
Mayurbhanj,Kusumi,Badhantnabeda,Barshaghutu,32
Mayurbhanj,Kusumi,Badhantnabeda,Nuasahi,12
Mayurbhanj,Kusumi,Badhatnabeda,Badhatnabeda,28
Mayurbhanj,Kusumi,Badhatnabeda,Barisaghutu,74
Mayurbhanj,Kusumi,Badhatnabeda,Kathbaria,10
Mayurbhanj,Kusumi,Badhatnabeda,Nuasahi,2
Mayurbhanj,Kusumi,Badhatnabeda,Raipada,10
Mayurbhanj,Kusumi,Badhatnabeda,Thuntipani,39
Mayurbhanj,Kusumi,Badhatnabeda,badhatnabeda,2
Mayurbhanj,Kusumi,Chuapani,Bargimara,20
Mayurbhanj,Kusumi,Chuapani,Bhagabandi,5
Mayurbhanj,Kusumi,Chuapani,Budadar,6
Mayurbhanj,Kusumi,Chuapani,Chuapani,1
Mayurbhanj,Kusumi,Chuapani,Netrajharan,12
Mayurbhanj,Kusumi,Chuapani,Purunapani,20
Mayurbhanj,Kusumi,Chuapani,chulivanga,15
Mayurbhanj,Kusumi,Dhangdimuta,Kasiabeda,9
Mayurbhanj,Kusumi,Dhangidimuta,Kasiabeda,5
Mayurbhanj,Kusumi,Dhangidimuta,Majhigan,2
Mayurbhanj,Kusumi,Dhangudimuta,Majhigan,5
Mayurbhanj,Kusumi,Hatabadra,Gopalpur,11
Mayurbhanj,Kusumi,Hatabadra,Teleighutu,14
Mayurbhanj,Kusumi,Hatbadra,Narendraposi,26
Mayurbhanj,Kusumi,Jadida,Jadida,10
Mayurbhanj,Kusumi,Jarda,Bankand,8
Mayurbhanj,Kusumi,Jarda,Rahalibeda,19
Mayurbhanj,Kusumi,Jaypore,Bhutkabadi,14
Mayurbhanj,Kusumi,Jaypore,Deuli,21
Mayurbhanj,Kusumi,Jaypore,Kuldiha,14
Mayurbhanj,Kusumi,Jaypore,Purunia,4
Mayurbhanj,Kusumi,Jhipabandh,Dhadichua,13
Mayurbhanj,Kusumi,Jhipabandh,Nuasahi,14
Mayurbhanj,Kusumi,Jhipabandh,Pechadar,34
Mayurbhanj,Kusumi,Jhipabandh,Raisahi,15
Mayurbhanj,Kusumi,Jhipabandh,Tirildihi,47
Mayurbhanj,Kusumi,Jhipabandh,dhadichua,2
Mayurbhanj,Kusumi,Jhipabandha,Pandugadi,21
Mayurbhanj,Kusumi,Jhipabandha,Pechadar,25
Mayurbhanj,Kusumi,Jhipabanh,Tirildihi,112
Mayurbhanj,Kusumi,Jorda,Andiadukura,9
Mayurbhanj,Kusumi,Jorda,Angarpada,32
Mayurbhanj,Kusumi,Jorda,Gobindpur,44
Mayurbhanj,Kusumi,Jorda,Jodida,18
Mayurbhanj,Kusumi,Jorda,Rahadibeda,12
Mayurbhanj,Kusumi,Kusumi,Banapokharia,18
Mayurbhanj,Kusumi,Kusumi,Godadharpur,10
Mayurbhanj,Kusumi,Kusumi,Kusumi,55
Mayurbhanj,Kusumi,Mayurdar,Bankati,15
Mayurbhanj,Kusumi,Mayurdar,Murumdihi,4
Mayurbhanj,Kusumi,Talakpokhori,Badham,6
Mayurbhanj,Kusumi,Talakpokhori,Bhadusahi,13
Mayurbhanj,Kusumi,Talakpokhori,Bhandan,6
Mayurbhanj,Kusumi,Talakpokhori,Saraspada,24
Mayurbhanj,Kusumi,Talapati,Chengabaria,14
Mayurbhanj,Kusumi,Talapati,Dhakata,20
Mayurbhanj,Kusumi,Talapati,Dova,50
Mayurbhanj,Kusumi,Talapati,Jatasiring,50
Mayurbhanj,Kusumi,Talapati,Raliabeda,150
Mayurbhanj,Kusumi,Talkapokhri,Pahadpur,33
Mayurbhanj,Kusumi,Tolakpokhari,Badham,7
Mayurbhanj,Kusumi,Uparbeda,Baliadhipa,1
Mayurbhanj,Kusumi,Uparbeda,Chahalapada,8
Mayurbhanj,Kusumi,Uparbeda,Edalbeda,22
Mayurbhanj,Kusumi,Uparbeda,Rangamatia,32
Mayurbhanj,Kusumi,Uparbeda,Tentoposi,16
Mayurbhanj,Kusumi,Uperbeda,Dubulabeda,5
Mayurbhanj,Kusumi,Uperbeda,Uperbeda,12
Mayurbhanj,Kusumi,jhipabandh,Pechadar,1
Mayurbhanj,Kusumi,joypur,ghungupahadi,11
Mayurbhanj,Kusumi,joypur,shyamsundar,27
Mayurbhanj,Kusumi,mayurdara,Keshoregodia,20
Mayurbhanj,Kusumi,mayurdara,Ukam,10
Mayurbhanj,Kusumi Kusumi Kusumi Kusumi,Kusumi Kusumi Kusumi Kusumi,Kusumi Kusumi Kusumi Kusumi,1
Mayurbhanj,Kusumi Kusumi Kusumi Kusumi Kusumi Kusumi Kusumi Kusumi Kusumi Kusumi Kusumi,Kusumi Kusumi Kusumi Kusumi Kusumi Kusumi Kusumi Kusumi Kusumi Kusumi Kusumi,Kusumi Kusumi Kusumi Kusumi Kusumi Kusumi Kusumi Kusumi Kusumi Kusumi Kusumi,1
Mayurbhanj,Kusumi (Jashipur,Badahatinabeda,Badahatinabeda,1
Mayurbhanj,Kusumi (Jashipur,Badahatinabeda,Basaghutu,1
Mayurbhanj,Morada,Barkand,Baligadia,4
Mayurbhanj,Morada,Barkand,Guhaladiha Samil Poda Khunta,4
Mayurbhanj,Morada,Barkand,Tiansi,20
Mayurbhanj,Morada,Bhaliadiha,Dakoi Amalanama,28
Mayurbhanj,Morada,Bhaliadiha,Gandigadha,27
Mayurbhanj,Morada,Bhaliadiha,Jhiliribani,34
Mayurbhanj,Morada,Bhaliadiha,Kendu chatia,36
Mayurbhanj,Morada,Bhaliadiha,Khejuria,37
Mayurbhanj,Morada,Bhaliadiha,Kishantandi,8
Mayurbhanj,Morada,Bhaliadiha,Masinasole,21
Mayurbhanj,Morada,Bhaliadiha,Nachiapada,31
Mayurbhanj,Morada,Bhaliadiha,Salkata,6
Mayurbhanj,Morada,Bhaliadiha,Sunahaja,36
Mayurbhanj,Morada,Bhaliadiha,Tadki,8
Mayurbhanj,Morada,Chadheigain,Chadheigain,41
Mayurbhanj,Morada,Chadheigan,Adheikula,16
Mayurbhanj,Morada,Chadheigan,Chadheigan,20
Mayurbhanj,Morada,Chadheigan,Dalagaon,27
Mayurbhanj,Morada,Chadheigan,Ganagon,19
Mayurbhanj,Morada,Chadheigaon,Madauka,43
Mayurbhanj,Morada,Chikitamatia,Bhalughera,40
Mayurbhanj,Morada,Chikitamatia,Bhatachatara,48
Mayurbhanj,Morada,Chikitamatia,Bhhatchatar,19
Mayurbhanj,Morada,Chikitamatia,Chikitamatia,49
Mayurbhanj,Morada,Chikitamatia,Ufalagodia,50
Mayurbhanj,Morada,Chikta Matia,Madana,38
Mayurbhanj,Morada,Chiktamatia,Andhari,6
Mayurbhanj,Morada,Chiktamatia,Chiktamatia,1
Mayurbhanj,Morada,Chiktamatia,Marudihi,2
Mayurbhanj,Morada,Chitrada,Baladia,17
Mayurbhanj,Morada,Chitrada,Chitrada,1
Mayurbhanj,Morada,Chitrada,Purunapani,1
Mayurbhanj,Morada,Chitrada,Silada,11
Mayurbhanj,Morada,Dantiamuhan,Dantiamuhan,42
Mayurbhanj,Morada,Dantiamunha,Badajamubani,12
Mayurbhanj,Morada,Dhadasahi,Mohanpur,20
Mayurbhanj,Morada,Durgapur,Asanabani,18
Mayurbhanj,Morada,Durgapur,Chilabasa,24
Mayurbhanj,Morada,Durgapur,Chuasule,18
Mayurbhanj,Morada,Durgapur,Dhanasole,22
Mayurbhanj,Morada,Durgapur,Dhanshol,45
Mayurbhanj,Morada,Durgapur,Durgapur,21
Mayurbhanj,Morada,Durgapur,Sangadi,11
Mayurbhanj,Morada,Durgapur,Satasole,14
Mayurbhanj,Morada,Gadia,Baunsakatia,19
Mayurbhanj,Morada,Gadia,Bharabadi,22
Mayurbhanj,Morada,Gadia,Bharbadi,11
Mayurbhanj,Morada,Gadia,Bholaghati (Phutukishol),1
Mayurbhanj,Morada,Gadia,Fatukisole,14
Mayurbhanj,Morada,Gadia,Futukisole,68
Mayurbhanj,Morada,Gadia,Kankadatelia,36
Mayurbhanj,Morada,Gadia,Nuhamalia,23
Mayurbhanj,Morada,Gadia,Phutukishol,85
Mayurbhanj,Morada,Gadigaon,Gadigaon,13
Mayurbhanj,Morada,Gholmuhan,Anuan,29
Mayurbhanj,Morada,Gholmuhan,Olidihi,4
Mayurbhanj,Morada,Gholmuhan,Thengatandi,3
Mayurbhanj,Morada,Godigoan,Godigoan,60
Mayurbhanj,Morada,Haldipal,Astia,4
Mayurbhanj,Morada,Haldipal,Dangarbhila,14
Mayurbhanj,Morada,Haldipal,Haldipal,4
Mayurbhanj,Morada,Haldipal,Samaidihi,40
Mayurbhanj,Morada,Haldipal,Simaidihi,36
Mayurbhanj,Morada,Haldipal,Sirsapal,2
Mayurbhanj,Morada,Juailibhanga,Purnachandrapur,99
Mayurbhanj,Morada,Jualibhanga,Angaria,4
Mayurbhanj,Morada,Jualibhanga,Bhaurangi,4
Mayurbhanj,Morada,Jualibhanga,Kalianala,4
Mayurbhanj,Morada,Jualibhanga,Makunda,36
Mayurbhanj,Morada,Jualibhanga,Purna chandrapur,76
Mayurbhanj,Morada,Jualibhanga,Purnna chandrapur,2
Mayurbhanj,Morada,Kohi,Badabhila,6
Mayurbhanj,Morada,Kohi,Badafera,106
Mayurbhanj,Morada,Kohi,Badfera,3
Mayurbhanj,Morada,Kohi,Baliadipa,14
Mayurbhanj,Morada,Kohi,Bholaghati,130
Mayurbhanj,Morada,Kohi,Mohanpur,40
Mayurbhanj,Morada,Kohi,Pratapchandrapur,24
Mayurbhanj,Morada,Kohi,Sunpuria,31
Mayurbhanj,Morada,Nuagaon,Ajana,28
Mayurbhanj,Morada,Nuagaon,Ghagara,22
Mayurbhanj,Morada,Nuagoan,Ajan,23
Mayurbhanj,Morada,Nuagoan,Ghagara,6
Mayurbhanj,Morada,Nuhajhalia,Badasole,7
Mayurbhanj,Morada,Nuhajhalia,Badasule,44
Mayurbhanj,Morada,Nuhajhalia,Brahmana mara,23
Mayurbhanj,Morada,Nuhajhalia,Dhireidihi,7
Mayurbhanj,Morada,Nuhajhalia,Dhireidihi samil Hatidahara,34
Mayurbhanj,Morada,Palasamundali,Harekrushnapur,10
Mayurbhanj,Morada,Palasamundali,Khuruntia,35
Mayurbhanj,Morada,Palasamundali,Palasamundali,3
Mayurbhanj,Morada,Sanamundha bani,Pariakuli,14
Mayurbhanj,Morada,Sanamundha bani,Sarasole,46
Mayurbhanj,Morada,Sanmundabani,Baghajharana,46
Mayurbhanj,Morada,Sanmundhabani,Khuntapal,14
Mayurbhanj,Morada,Sanmundhabani,Paramananda,2
Mayurbhanj,Morada,Sanmundhabni,Khuntapal,3
Mayurbhanj,Morada,Sanmundhabni,Sarasole,1
Mayurbhanj,Morada,Sureidiha,Jamsole,29
Mayurbhanj,Morada,Sureidihi,Chakundapada,50
Mayurbhanj,Morada,Sureidihi,Jhinkriasole,12
Mayurbhanj,Morada,Sureidihi,Kachimabhila,26
Mayurbhanj,Morada,Sureidihi,Sureidihi,14
Mayurbhanj,Morada,Sureihidihi,Nahasule,30
Mayurbhanj,Morada,Sureihidihi,Ramnagar,5
Mayurbhanj,Morada,Swargachida,Bhugudakata,26
Mayurbhanj,Morada,sureidihi,sureidihi,12
Mayurbhanj,Moroda,Dantiamunha,Badjambani,18
Mayurbhanj,Moroda,Gadia,Phutkisole,14
Mayurbhanj,Moroda,Haldipal,Samaidihi,37
Mayurbhanj,Moroda,Jualibhanga,Bhadrasole,15
Mayurbhanj,Moroda,Palasamundali,Khuruntia,13
Mayurbhanj,Moroda,Sanmundhabani,Baghajharan,3
Mayurbhanj,Moroda,Sanmundhabani,Rukuni,1
Mayurbhanj,Moroda,Sanmundhabani,Sarasole,1
Mayurbhanj,Moroda,Sanmundhabani,Sorasole,22
Mayurbhanj,Moroda,Sureidihi,Chakundapada,28
Mayurbhanj,Moroda,Sureidihi,Gandigadha,21
Mayurbhanj,Moroda,Sureidihi,Jhinkiriasole,13
Mayurbhanj,Moroda,Sureidihi,Kachimbila,35
Mayurbhanj,Name of the Block,Name of the G.P.,Name of the Revenue vilage,1
Mayurbhanj,Name of the Block,Name of the G.P.,Name of the Revenue Vilage,1
Mayurbhanj,R.G. Pur,Deosole,Musamari,6
Mayurbhanj,R.G. Pur,Deosole,Ram Ch. Pur,2
Mayurbhanj,R.G. Pur,Khunta,Kamardiha,1
Mayurbhanj,R.G. Pur,Nalagaza,Bahagadia,5
Mayurbhanj,R.G. Pur,Nalagaza,Bhaduasole,3
Mayurbhanj,R.G. Pur,Nalagaza,Jhirani,3
Mayurbhanj,R.G. Pur,Nalagaza,Mahulia,1
Mayurbhanj,R.G. Pur,Nalagaza,Mohulia,6
Mayurbhanj,R.G. Pur,Nalagaza,Sabandihi,6
Mayurbhanj,R.G. Pur,Nalagaza,Sunakania,3
Mayurbhanj,R.G. Pur,Nalagaza,Ukasole,1
Mayurbhanj,R.G.Pur,Jhatiada,Denganalia,2
Mayurbhanj,R.G.Pur,Nakichua,Kanhupur,6
Mayurbhanj,R.G.Pur,Nakichua,nakichua,2
Mayurbhanj,RAIRANGPUR,BADMOUDA,BADMOUDA,9
Mayurbhanj,RAIRANGPUR,BADMOUDA,BALITANGIRI,4
Mayurbhanj,RAIRANGPUR,BADMOUDA,KATUPIT,2
Mayurbhanj,RAIRANGPUR,BADMOUDA,SANMOUDA,3
Mayurbhanj,RAIRANGPUR,BHALUBASA,NAUJODA,1
Mayurbhanj,RAIRANGPUR,BHALUBASA,SUNAPOSI,26
Mayurbhanj,RAIRANGPUR,GUHALDANGIRI,TOTANETRA,12
Mayurbhanj,RAIRANGPUR,GUHALDUNGURI,KALARABANI,47
Mayurbhanj,RAIRANGPUR,GUHALDUNGURI,MUCHIANETRA,41
Mayurbhanj,RAIRANGPUR,HALDA,BADBAIKALA,18
Mayurbhanj,RAIRANGPUR,HALDA,BHANJASARA,6
Mayurbhanj,RAIRANGPUR,HALDA,CHAMPREI,8
Mayurbhanj,RAIRANGPUR,HALDA,CHITEIBADI,2
Mayurbhanj,RAIRANGPUR,HALDA,NADIAPOSI,2
Mayurbhanj,RAIRANGPUR,HATIA,CHAPAL,7
Mayurbhanj,RAIRANGPUR,HATIA,GIDIGHATY,9
Mayurbhanj,RAIRANGPUR,HATIA,HATIA,13
Mayurbhanj,RAIRANGPUR,HATIA,JAMUPANI,11
Mayurbhanj,RAIRANGPUR,HATIA,KALIMATI,7
Mayurbhanj,RAIRANGPUR,HATIA,KAPILI,9
Mayurbhanj,RAIRANGPUR,HATIA,KAPILIKUDAR,6
Mayurbhanj,RAIRANGPUR,HATIA,TELEIJHARI,9
Mayurbhanj,RAIRANGPUR,KULEISILA,BALIKHANI,2
Mayurbhanj,RAIRANGPUR,KULEISILA,BETPANI,4
Mayurbhanj,RAIRANGPUR,KULEISILA,CHATRAMANDAL,41
Mayurbhanj,RAIRANGPUR,KULEISILA,GARUDAPANI,2
Mayurbhanj,RAIRANGPUR,KULEISILA,JARI HIL,10
Mayurbhanj,RAIRANGPUR,KULEISILA,JARI HILL,1
Mayurbhanj,RAIRANGPUR,KULEISILA,KALASIBHANGA,28
Mayurbhanj,RAIRANGPUR,KULEISILA,KUKURMUNDI,7
Mayurbhanj,RAIRANGPUR,KULEISILA,NODHABANI,12
Mayurbhanj,RAIRANGPUR,KULEISILA,TALAK,8
Mayurbhanj,RAIRANGPUR,KULEISILA,VESHRAKACHA,7
Mayurbhanj,RAIRANGPUR,PURUNAPANI,BADSIMILIA,17
Mayurbhanj,RAIRANGPUR,PURUNAPANI,KALARDA,9
Mayurbhanj,RAIRANGPUR,PURUNAPANI,MURGAGHUTU,57
Mayurbhanj,RAIRANGPUR,PURUNAPANI,PANSPOSI,2
Mayurbhanj,RAIRANGPUR,PURUNAPANI,POKHARIA,29
Mayurbhanj,RAIRANGPUR,PURUNAPANI,TAMALBANDH,8
Mayurbhanj,RAIRANGPUR,SANPAKANA,BADADA,7
Mayurbhanj,RAIRANGPUR,SANPAKANA,BADGAN,5
Mayurbhanj,RAIRANGPUR,SANPAKANA,GADIGAN,1
Mayurbhanj,RAIRANGPUR,SANPAKANA,NIRANJAN,16
Mayurbhanj,RAIRANGPUR,SANPAKANA,PALASBANI,5
Mayurbhanj,RAIRANGPUR,SANPAKANA,RENGALBEDA,13
Mayurbhanj,RAIRANGPUR,SANPAKANA,SANPAKANA,1
Mayurbhanj,RAIRANGPUR,SANPAKANA,TULASIBANI,2
Mayurbhanj,RAIRANGPUR,SUDARSHANPUR,DHATKIDIHI,5
Mayurbhanj,RAIRANGPUR,SUDARSHANPUR,DUDHICHUA,6
Mayurbhanj,RAIRANGPUR,SUDARSHANPUR,GHAGARADHIPA,12
Mayurbhanj,RAIRANGPUR,SUDARSHANPUR,SANJARI,8
Mayurbhanj,RAIRANGPUR,SUDARSHANPUR,UDAYPUR,12
Mayurbhanj,RAIRANGPUR RAIRANGPUR,BHALUBASA BHALUBASA,BHALUBASA NAUJODA,1
Mayurbhanj,RAIRANGPUR RAIRANGPUR,KULEISILA KULEISILA,GARUDAPANI GARUDAPANI,1
Mayurbhanj,RARUAIN,Ghagarbeda,Ghagarbeda,13
Mayurbhanj,RARUAIN,Ghagarbeda,Maricha,6
Mayurbhanj,RARUAIN,Panapataria,Maricha,1
Mayurbhanj,RARUAIN,Panapataria,Solgada,12
Mayurbhanj,Rairangpur,Bad-Mouda,Bad-Mouda,5
Mayurbhanj,Rairangpur,Bad-Mouda,Kotupit,8
Mayurbhanj,Rairangpur,Bad-Mouda,Sudhal,9
Mayurbhanj,Rairangpur,Guhaldangiri,Baliabadi,7
Mayurbhanj,Rairangpur,Guhaldangiri,Bheludihi,7
Mayurbhanj,Rairangpur,Guhaldangiri,Chidkubadi,2
Mayurbhanj,Rairangpur,Guhaldangiri,Dangapani,50
Mayurbhanj,Rairangpur,Guhaldangiri,Dhirol,3
Mayurbhanj,Rairangpur,Guhaldangiri,Guhaldangiri,2
Mayurbhanj,Rairangpur,Guhaldangiri,Indrakati,2
Mayurbhanj,Rairangpur,Guhaldangiri,Jarkani,2
Mayurbhanj,Rairangpur,Guhaldangiri,Jhulan,39
Mayurbhanj,Rairangpur,Guhaldangiri,Mankadgoda,5
Mayurbhanj,Rairangpur,Guhaldangiri,Mochianetra,7
Mayurbhanj,Rairangpur,Guhaldangiri,Ruansi,2
Mayurbhanj,Rairangpur,Guhaldangiri,Suriagoda,16
Mayurbhanj,Rairangpur,Guhaldangiri,Totanetra,3
Mayurbhanj,Rairangpur,Guhaldangri,Dangapani,11
Mayurbhanj,Rairangpur,Guhaldangri,Guhaldangri,5
Mayurbhanj,Rairangpur,Guhaldangri,Mohadevdihi,13
Mayurbhanj,Rairangpur,Halda,Champrei,9
Mayurbhanj,Rairangpur,Hatia,Badbaikala,7
Mayurbhanj,Rairangpur,Hatia,Chapal,32
Mayurbhanj,Rairangpur,Hatia,Gidhighaty,5
Mayurbhanj,Rairangpur,Hatia,Kapilikudar,1
Mayurbhanj,Rairangpur,Kuleisila,Balikhani,4
Mayurbhanj,Rairangpur,Kuleisila,Betpani,4
Mayurbhanj,Rairangpur,Kuleisila,Bheshrakacha,2
Mayurbhanj,Rairangpur,Kuleisila,Chatramandal,9
Mayurbhanj,Rairangpur,Kuleisila,Chhatramandal,5
Mayurbhanj,Rairangpur,Kuleisila,Jari Hil,7
Mayurbhanj,Rairangpur,Kuleisila,Kalasibhanga,14
Mayurbhanj,Rairangpur,Kuleisila,Kukurmundi,5
Mayurbhanj,Rairangpur,Purunapani,Murgaghutu,2
Mayurbhanj,Rairangpur,San-Pakhana,Bad-Pakhana,5
Mayurbhanj,Rairangpur,San-Pakhana,Badra,5
Mayurbhanj,Rairangpur,San-Pakhana,Kukurjharan,1
Mayurbhanj,Rairangpur,San-Pakhana,Rehedakocha,3
Mayurbhanj,Rairangpur,Sudarsanpur,Bhatgoda,10
Mayurbhanj,Rairangpur,Sudarsanpur,Chidkubadi,15
Mayurbhanj,Rairangpur,Sudarsanpur,Dhakidihi,6
Mayurbhanj,Rairangpur,Sudarsanpur,Ghagaradhipa,12
Mayurbhanj,Rairangpur,Sudarsanpur,Kalrabani,7
Mayurbhanj,Rairangpur,Sudarsanpur,Kusumghati,28
Mayurbhanj,Rairangpur,Sudarsanpur,Udaypur,2
Mayurbhanj,Rairangpur,Sudarshanpur,Bhatgoda,5
Mayurbhanj,Rairangpur,Sudarshanpur,Dahupani,31
Mayurbhanj,Rairangpur,Sudarshanpur,Dhadichua,1
Mayurbhanj,Rairangpur,Sudarshanpur,Kahutuka,2
Mayurbhanj,Rairangpur,Sudarshanpur,Kusumghaty,10
Mayurbhanj,Rairangpur,Sudarshanpur,Sanjari,1
Mayurbhanj,Rairangpur,Sudarshanpur,Sudarshanpur,2
Mayurbhanj,Rairangpur,Sudarshanpur,Udaypur,1
Mayurbhanj,Raruain,Godapalas,Tingiria,6
Mayurbhanj,Raruain,Nuagain,Nuagain,8
Mayurbhanj,Raruan,Angarpada,Angarpada,11
Mayurbhanj,Raruan,Angarpada,Bagdafa,24
Mayurbhanj,Raruan,Angarpada,Chiruhatu,8
Mayurbhanj,Raruan,Angarpada,Ghagi,1
Mayurbhanj,Raruan,Angarpada,Jodipada,20
Mayurbhanj,Raruan,Baidyanath,Jamuti,64
Mayurbhanj,Raruan,Baidyanath,Nayabeda,44
Mayurbhanj,Raruan,Banjkia,Takudipal,1
Mayurbhanj,Raruan,Bhanjakia,Bhanjakia,52
Mayurbhanj,Raruan,Bhanjakia,Itighar,15
Mayurbhanj,Raruan,Bhanjkia,Takudipal,16
Mayurbhanj,Raruan,Budamara,Manikpur,9
Mayurbhanj,Raruan,Budamara,Raikala,26
Mayurbhanj,Raruan,Budamara,Sagada,1
Mayurbhanj,Raruan,Budhamara,Sagada,44
Mayurbhanj,Raruan,Budhamara,Talabiunria,24
Mayurbhanj,Raruan,Ghagarbeda,Maricha,48
Mayurbhanj,Raruan,Ghagarbeda,Porabeda,88
Mayurbhanj,Raruan,Ghagarbeda,Reghasahi,4
Mayurbhanj,Raruan,Godapalasa,Badamenta,2
Mayurbhanj,Raruan,Godapalasa,Badmenta,1
Mayurbhanj,Raruan,Godapalasa,Bhagabandhi,17
Mayurbhanj,Raruan,Godapalasa,Brundeiposi,12
Mayurbhanj,Raruan,Godapalasa,Godapalasa,22
Mayurbhanj,Raruan,Godapalsa,Badamenta,11
Mayurbhanj,Raruan,Godapalsa,Badmenta,1
Mayurbhanj,Raruan,Godapalsa,Bisida,2
Mayurbhanj,Raruan,Godapalsa,Godapalsa,27
Mayurbhanj,Raruan,Godapalsa,Sanpalsa,2
Mayurbhanj,Raruan,Godapalsa,Tingiria,67
Mayurbhanj,Raruan,Mamuripani,Mamuripani,25
Mayurbhanj,Raruan,Narasanda,Rangamatia,16
Mayurbhanj,Raruan,Niunti,Kodali dhia,2
Mayurbhanj,Raruan,Niunti,Kodalidhua,10
Mayurbhanj,Raruan,Niunty,Bankati,6
Mayurbhanj,Raruan,Niunty,Batisahi,34
Mayurbhanj,Raruan,Niunty,Dayaposi,22
Mayurbhanj,Raruan,Niunty,Jhadbeda,6
Mayurbhanj,Raruan,Niunty,Kodalidhua,12
Mayurbhanj,Raruan,Niunty,Niunty,7
Mayurbhanj,Raruan,Niunty,Udayasahi,12
Mayurbhanj,Raruan,Niuty,Kadalidhua,18
Mayurbhanj,Raruan,Nuagan,Nanduburu,16
Mayurbhanj,Raruan,Nuagaon,Kendua,20
Mayurbhanj,Raruan,Nuagaon,Naibhanga,44
Mayurbhanj,Raruan,Nuagaon,Phagu,68
Mayurbhanj,Raruan,Nuagaon,Phulkamp,116
Mayurbhanj,Raruan,Nuagoan,Denua,38
Mayurbhanj,Raruan,Nuagoan,Nuagoan,14
Mayurbhanj,Raruan,Nuagon,Nanduburu,62
Mayurbhanj,Raruan,Nuangan,Banakati,4
Mayurbhanj,Raruan,Nuangan,Tangrusahi,1
Mayurbhanj,Raruan,Nursandha,Buruhato,20
Mayurbhanj,Raruan,Panapataria,Chelianal,3
Mayurbhanj,Raruan,Panapataria,Fagu,18
Mayurbhanj,Raruan,Panapataria,Panapataria,25
Mayurbhanj,Raruan,Panapatria,Ghagarbeda,10
Mayurbhanj,Raruan,Panapatria,Maricha,9
Mayurbhanj,Raruan,Panapatria,Ranibhol,2
Mayurbhanj,Raruan,Panapatria,Righa,32
Mayurbhanj,Raruan,Panapatria,Sanramachandrapur,3
Mayurbhanj,Raruan,Panapatria,Solagada,12
Mayurbhanj,Raruan,Panapaturia,Sarasposi,8
Mayurbhanj,Raruan,Panpataria,Fagu,2
Mayurbhanj,Raruan,Panpataria,Madhiaposi,8
Mayurbhanj,Raruan,Panpatria,Chelianali,44
Mayurbhanj,Raruan,Panpatria,Fagu,5
Mayurbhanj,Raruan,Panpatria,Itighar,26
Mayurbhanj,Raruan,Panpatria,Panpatria,82
Mayurbhanj,Raruan,Panpatria,Solgada,19
Mayurbhanj,Raruan,Raruan,Bhanjbeda,16
Mayurbhanj,Raruan,Raruan,Jhumkapal,28
Mayurbhanj,Raruan,Raruan,Khuntapada,76
Mayurbhanj,Raruan,Raruan,Tilusahi,19
Mayurbhanj,Raruan,Tilakuti,Papada,6
Mayurbhanj,Rasagovindpur,Dabasul,Musamari,1
Mayurbhanj,Rasgobin dapur,Kamardiha,Majanadiha,2
Mayurbhanj,Rasgobin dapur,Nalagaja,Bahagodia,35
Mayurbhanj,Rasgobin dapur,Raghabpur,Raghabpur,2
Mayurbhanj,Rasgobin dapur,Raghabpur,Shrinathapur,3
Mayurbhanj,Rasgobind pur,Nakichua,Andharia,19
Mayurbhanj,Rasgobind pur,Nakichua,Betnasia,19
Mayurbhanj,Rasgobind pur,Nakichua,Raisole,8
Mayurbhanj,Rasgobinda,Nalagaja,Nahyashole,1
Mayurbhanj,Rasgobinda,Nalagaja,Sunakania,1
Mayurbhanj,Rasgobinda pur,Jhatiada,Denganalia,18
Mayurbhanj,Rasgobinda pur,Jhatiada,Ghasamari,2
Mayurbhanj,Rasgobinda pur,Jhatiada,Kaptipada,3
Mayurbhanj,Rasgobinda pur,Jhatiada,Mirdhapur,14
Mayurbhanj,Rasgobinda pur,Jhatiada,Tikpada,8
Mayurbhanj,Rasgobinda pur,Jhatiada,Tipura,16
Mayurbhanj,Rasgobinda pur,Kamaradiha,Dhansole,1
Mayurbhanj,Rasgobinda pur,Kamardiha,Jharia,49
Mayurbhanj,Rasgobinda pur,Kamardiha,Panchamania,1
Mayurbhanj,Rasgobinda pur,Khuntapal,Udalipal,1
Mayurbhanj,Rasgobinda pur,Nalagaja,Bhakasole,10
Mayurbhanj,Rasgobinda pur,Nalagaja,Bhakasole P,1
Mayurbhanj,Rasgobinda pur,Nalagaja,Kulipal,9
Mayurbhanj,Rasgobinda pur,Nalagaja,Nahyashole,4
Mayurbhanj,Rasgobinda pur,Nalagaja,Sabanadiha,9
Mayurbhanj,Rasgobinda pur,Nalagaja,Sukhilakhali,8
Mayurbhanj,Rasgobinda pur,Nalagaja,Sunakania,18
Mayurbhanj,Rasgobinda pur,Nalaganja,Mahulia,6
Mayurbhanj,Rasgobinda pur,Nalaganja,Nalaganja,17
Mayurbhanj,Rasgobindapur,Badampur,Badampur,42
Mayurbhanj,Rasgobindapur,Badampur,Badhi,6
Mayurbhanj,Rasgobindapur,Badampur,Benashol,14
Mayurbhanj,Rasgobindapur,Badampur,Patharachatia,4
Mayurbhanj,Rasgobindapur,Bhurushani,Karatapata,8
Mayurbhanj,Rasgobindapur,Chatana,Chatana,8
Mayurbhanj,Rasgobindapur,Chatana,Kapoi,5
Mayurbhanj,Rasgobindapur,Chatana,Ranibandha,5
Mayurbhanj,Rasgobindapur,Chatna,Jahari,4
Mayurbhanj,Rasgobindapur,Chatna,Palasabadha,35
Mayurbhanj,Rasgobindapur,Chhatna,Jahari,1
Mayurbhanj,Rasgobindapur,Chhatna,Palasabadha,1
Mayurbhanj,Rasgobindapur,Debsole,Ramchandra pur,4
Mayurbhanj,Rasgobindapur,Jhatiada,Harinasole,36
Mayurbhanj,Rasgobindapur,Jhatiada,Kiakhali,14
Mayurbhanj,Rasgobindapur,Khuntapal,Biripal,2
Mayurbhanj,Rasgobindapur,Khuntapal,Chakulia,51
Mayurbhanj,Rasgobindapur,Khuntapal,Karanjapada,13
Mayurbhanj,Rasgobindapur,Khuntapal,Khandikhal,2
Mayurbhanj,Rasgobindapur,Nakichua,Ambdiha,16
Mayurbhanj,Rasgobindapur,Nakichua,Bhaliapada,8
Mayurbhanj,Rasgobindapur,Nakichua,Kanhupur,20
Mayurbhanj,Rasgobindapur,Nakichua,Nakichua,19
Mayurbhanj,Rasgobindapur,Nakichua,Shyamananda pur,15
Mayurbhanj,Rasgobindapur,Nalagaja,Jhirani,37
Mayurbhanj,Rasgobindapur,Saramula,Baghasahi,15
Mayurbhanj,Rasgobindapur,Saramula,Dhanasole,6
Mayurbhanj,Rasgobindapur,Sarumala,Astia,20
Mayurbhanj,Rasgobindapur,Sarumala,Parulia,16
Mayurbhanj,Rasgobindpur,Chatana,Jahari,10
Mayurbhanj,Rasgobindpur,Chatana,Palasbandha,71
Mayurbhanj,Rasgobindpur,Chatona,Raepal,16
Mayurbhanj,Rasgobindpur,Chhatana,Palasbandha,2
Mayurbhanj,Rasgobindpur,Deshol,Ramchandrapur,2
Mayurbhanj,Rasgobindpur,GadiHati,Tambakhuri,1
Mayurbhanj,Rasgobindpur,Nalagaja,Itahari,10
Mayurbhanj,Rasgobindpur,Nalagaja,Madhuria,20
Mayurbhanj,Rasgobindpur,Nalagaja,Podapada,8
Mayurbhanj,Rasgobindpur,Nalagaja,Rangiam,12
Mayurbhanj,Rasgobindpur,Raghupur,Phulobadia,6
Mayurbhanj,Rasgobindpur,Ramchandrapur,Ramchandrapur,4
Mayurbhanj,Rasgobindpur,Rasgobindpur,Ramchandrapur,2
Mayurbhanj,Rasgovinbdpur,Devsole,Musamari,1
Mayurbhanj,Rasgovinbdpur,Sarumula,Bhaliapada,1
Mayurbhanj,Rasgovindpur,Amarda,Badhimahan,1
Mayurbhanj,Rasgovindpur,Amarda,Badhimuhan,14
Mayurbhanj,Rasgovindpur,Amarda,Darakholi,3
Mayurbhanj,Rasgovindpur,Amarda,Darkholi,21
Mayurbhanj,Rasgovindpur,Amarda,Praharajpur,37
Mayurbhanj,Rasgovindpur,Amrada,Basuli,1
Mayurbhanj,Rasgovindpur,Andhari,Andhari,13
Mayurbhanj,Rasgovindpur,Bhaduasole,Bhaduasole,34
Mayurbhanj,Rasgovindpur,Debsole,Andhari,12
Mayurbhanj,Rasgovindpur,Debsole,Musamari,1
Mayurbhanj,Rasgovindpur,Devsole,Andhari,2
Mayurbhanj,Rasgovindpur,Devsole,Musamari,1
Mayurbhanj,Rasgovindpur,Jhatiada,Ghasmari,1
Mayurbhanj,Rasgovindpur,Jhatiada,Harinasole,20
Mayurbhanj,Rasgovindpur,Jhatiada,Jhatiada,12
Mayurbhanj,Rasgovindpur,Kamardiha,Jharia,47
Mayurbhanj,Rasgovindpur,Nakichua,Ambadiha,2
Mayurbhanj,Rasgovindpur,Nakichua,Bhaliapada,1
Mayurbhanj,Rasgovindpur,Nakichua,Kanhupur,15
Mayurbhanj,Rasgovindpur,Nakichua,Kanpur,36
Mayurbhanj,Rasgovindpur,Nakichua,Shyamanandapur,1
Mayurbhanj,Rasgovindpur,Nalagaja,Bahagadia,12
Mayurbhanj,Rasgovindpur,Nalagaja,Bhakasole,12
Mayurbhanj,Rasgovindpur,Nalagaja,Krushanachandrapur,11
Mayurbhanj,Rasgovindpur,Nalagaja,Mahulia,5
Mayurbhanj,Rasgovindpur,Nalagaja,Nuhyasole,3
Mayurbhanj,Rasgovindpur,Nalagaja,Raghunathpur,1
Mayurbhanj,Rasgovindpur,Nalagaja,Shobandihi,3
Mayurbhanj,Rasgovindpur,Nalagaja,Sunakania,3
Mayurbhanj,Rasgovindpur,Nalagaja,ukasole,1
Mayurbhanj,Rasgovindpur,Rasgovindpur,Nalagaja,1
Mayurbhanj,Rasgovindpur,Sarumula,Parulia,2
Mayurbhanj,SARASAKANA,Bagbuda,Kalapani,39
Mayurbhanj,SARASAKANA,Banakati,Kantapal,1
Mayurbhanj,SARASAKANA,Joka,Uparbeda,6
Mayurbhanj,SARASAKANA,Murunia,Mundhabani,21
Mayurbhanj,SHYAMAKHUNTA,Balidiha,Bhalubasa,2
Mayurbhanj,SHYAMAKHUNTA,Kalapathar,Bhalubasa,8
Mayurbhanj,SHYAMAKHUNTA,Khandia,Ikadapal,8
Mayurbhanj,SHYAMAKHUNTA,Kochilaghati,Gobindchandrapur,10
Mayurbhanj,SHYAMAKHUNTA,Kochilaghati,Godipokhari,70
Mayurbhanj,SHYAMAKHUNTA,Kochilaghati,Jogendranathpur,3
Mayurbhanj,SHYAMAKHUNTA,Kochilaghati,Kochilaghati,2
Mayurbhanj,SHYAMAKHUNTA,Kochilaghati,Pithabata,23
Mayurbhanj,SULIAPADA,Kanimahuli,Kunchisole,8
Mayurbhanj,SULIAPADA,Kanimahuli,Pandupal,14
Mayurbhanj,SULIAPADA,Kantisahi,Dhansole,36
Mayurbhanj,SULIAPADA,Kujidihi,Dhenkinengia,14
Mayurbhanj,SULIAPADA,Kujidihi,Dudhiasole,15
Mayurbhanj,SULIAPADA,Kujidihi,Katarikota,3
Mayurbhanj,SULIAPADA,Paktia,Nedasole,2
Mayurbhanj,SULIAPADA,Paktia,Singimara,1
Mayurbhanj,Samakhunta,Balidiha,Balidiha,7
Mayurbhanj,Samakhunta,Balidiha,Jungle Block,24
Mayurbhanj,Samakhunta,Baunsabila,Baunsabila,37
Mayurbhanj,Samakhunta,Bhaluki,Asanbani,17
Mayurbhanj,Samakhunta,Bhaluki,Jamsole,14
Mayurbhanj,Samakhunta,Bhaluki,Jungle Block,70
Mayurbhanj,Samakhunta,Bhaluki,Palpala,1
Mayurbhanj,Samakhunta,Itamundia,Itamundia,1
Mayurbhanj,Samakhunta,Kalapathar,Akarasila,16
Mayurbhanj,Samakhunta,Kalapathar,Alubani,38
Mayurbhanj,Samakhunta,Kalapathar,Bhalua,1
Mayurbhanj,Samakhunta,Kalapathar,Bhalubasa,24
Mayurbhanj,Samakhunta,Kalapathar,Chadakata,42
Mayurbhanj,Samakhunta,Kalapathar,Haladibari,15
Mayurbhanj,Samakhunta,Kalapathar,Hingalgadia,1
Mayurbhanj,Samakhunta,Kalapathar,Hinjalgadia,20
Mayurbhanj,Samakhunta,Kalapathar,Jhiliribani,17
Mayurbhanj,Samakhunta,Kalapathar,Kalapathar,40
Mayurbhanj,Samakhunta,Kalapathar,Kitadihi,11
Mayurbhanj,Samakhunta,Kalapathar,Mudrajodi,59
Mayurbhanj,Samakhunta,Kendua,Anayatpur,33
Mayurbhanj,Samakhunta,Kendua,Besarpani,19
Mayurbhanj,Samakhunta,Kendua,Duldharadhanagar,48
Mayurbhanj,Samakhunta,Khandia,Janudahi,22
Mayurbhanj,Samakhunta,Kochiladiha,Jhinei,7
Mayurbhanj,Samakhunta,Kochilaghati,Kakarapani,10
Mayurbhanj,Samakhunta,Kochilaghati,Khasadiha,7
Mayurbhanj,Samakhunta,KuchilaGhati,Gogendradas joda,22
Mayurbhanj,Samakhunta,KuchilaGhati,Gogendradas jota,1
Mayurbhanj,Samakhunta,Mahulia,Goudadiha,1
Mayurbhanj,Samakhunta,Mahulia,Jatipur,3
Mayurbhanj,Samakhunta,Mahulia,Mahulia,7
Mayurbhanj,Samakhunta,Rangamatia,Badsole,4
Mayurbhanj,Samakhunta,Rangamatia,Sansole,7
Mayurbhanj,Samakhunta,Rnagamatia,Jaganathpur,33
Mayurbhanj,Samakhunta,Rnagamatia,Jagannathpur,1
Mayurbhanj,Sarasakana,Sankhabhanga,Jaraki,7
Mayurbhanj,Saraskana,Bagbuda,Balidiha,64
Mayurbhanj,Saraskana,Bagbuda,Dumurdiha,1
Mayurbhanj,Saraskana,Bagbuda,Nota,14
Mayurbhanj,Saraskana,Bhursani,Bhursani,5
Mayurbhanj,Saraskana,Bhurushani,Nuagoan,46
Mayurbhanj,Saraskana,Bhurushani,Nuhamalia,26
Mayurbhanj,Saraskana,Dhangudisole,Ramchandrapur,76
Mayurbhanj,Saraskana,Dighi,Jodatikiri,4
Mayurbhanj,Saraskana,Jalada,Dumuria,12
Mayurbhanj,Saraskana,Jalda,Padmapur,6
Mayurbhanj,Saraskana,Jalda,Punasia,6
Mayurbhanj,Saraskana,Jhadapokharia,Arjundiha,42
Mayurbhanj,Saraskana,Jhadpokharia,Jaunti,2
Mayurbhanj,Saraskana,Jharapokharia,Andhari,20
Mayurbhanj,Saraskana,Jharapokharia,Dhanageri,70
Mayurbhanj,Saraskana,Jharapokharia,Salabani,2
Mayurbhanj,Saraskana,Jharpokharia,Ghiajodi,8
Mayurbhanj,Saraskana,Jharpokharia,Jharpokharia,7
Mayurbhanj,Saraskana,Jharpokharia,Salbani,10
Mayurbhanj,Saraskana,Joka,Ambadiha,49
Mayurbhanj,Saraskana,Joka,Digarisole,32
Mayurbhanj,Saraskana,Joka,Joka,19
Mayurbhanj,Saraskana,Joka,Kapadiha,23
Mayurbhanj,Saraskana,Joka,Sankhabhanga,2
Mayurbhanj,Saraskana,Pakharia,Saragachida,3
Mayurbhanj,Saraskana,Paktia,Barubeda,46
Mayurbhanj,Saraskana,Paktia,Bhadua,92
Mayurbhanj,Saraskana,Paktia,Dighi,94
Mayurbhanj,Saraskana,Pokhardiha,Dumurdiha,2
Mayurbhanj,Saraskana,Pokharia,Balidiha,1
Mayurbhanj,Saraskana,Pokharia,Darakoli,10
Mayurbhanj,Saraskana,Pokharia,Dumurdiha,1
Mayurbhanj,Saraskana,Pokharia,Jamukunda,1
Mayurbhanj,Saraskana,Pokharia,Jerkani,15
Mayurbhanj,Saraskana,Pokharia,Karunasole,164
Mayurbhanj,Saraskana,Pokharia,Khairabani,2
Mayurbhanj,Saraskana,Pokharia,Khairbani,12
Mayurbhanj,Saraskana,Pokharia,Palasbani,9
Mayurbhanj,Saraskana,Pokharia,Palashbani,3
Mayurbhanj,Saraskana,Pokharia,Satpautia,41
Mayurbhanj,Saraskana,Pokharia,Silphodi,7
Mayurbhanj,Saraskana,Pokharia,jamkunda,3
Mayurbhanj,Saraskana,Pokharidiha,Dumurdiha,137
Mayurbhanj,Saraskana,Rajaloka,Belbaria,12
Mayurbhanj,Saraskana,Rajaloka,Krushna Chandrapur,68
Mayurbhanj,Saraskana,Rajaloka,Rajaloka,6
Mayurbhanj,Saraskana,Rajaloka,Saragada,14
Mayurbhanj,Saraskana,Sankhabhanga,Bhadua Samil bachuribandha,11
Mayurbhanj,Saraskana,Sankhabhanga,Ghuma,22
Mayurbhanj,Saraskana,Sankhabhanga,Jarki,8
Mayurbhanj,Saraskana,Sankhabhanga,Jodajam,85
Mayurbhanj,Saraskana,Sankhabhanga,Kukudanda,14
Mayurbhanj,Saraskana,Sankhabhanga,Kukudaonda,26
Mayurbhanj,Saraskana,Sankhabhanga,Sankhabhanga,131
Mayurbhanj,Saraskana,Sankhabhanga,sankhabhanga,1
Mayurbhanj,Saraskana,Saraskana,Baghajhampa,42
Mayurbhanj,Saraskana,Saraskana,Gopinathpur,30
Mayurbhanj,Saraskana,Saraskana,Malkunda,58
Mayurbhanj,Saraskana,Saraskana,Nuhamalia,44
Mayurbhanj,Saraskana,Shirsha,Badakachimabila,4
Mayurbhanj,Saraskana,Shirsha,Birashingha,8
Mayurbhanj,Saraskana,Shirsha,Nuagoan,30
Mayurbhanj,Saraskana,Umadeipur,Bhandarikuda,2
Mayurbhanj,Saraskana,Umadeipur,Jharia,14
Mayurbhanj,Saraskana,Umadeipur,Kendumundi,37
Mayurbhanj,Saraskana,Umadeipursasan,Kendua,21
Mayurbhanj,Saraskona,Bagbuda,Dakhinasul,38
Mayurbhanj,Saraskona,Bagbuda,Gobindapur,8
Mayurbhanj,Saraskona,Bagbuda,Kalapani,102
Mayurbhanj,Saraskona,Bagbuda,Kundiapani,68
Mayurbhanj,Saraskona,Jalda,Panapasi,14
Mayurbhanj,Saraskona,Jharapokhria,Palasia,34
Mayurbhanj,Saraskona,Joka,Kopadiha,35
Mayurbhanj,Saraskona,Joka,Uparbeda,63
Mayurbhanj,Saraskona,Joka,Upparbeda,2
Mayurbhanj,Saraskona,Murunia,Machakandana,27
Mayurbhanj,Saraskona,Murunia,Mundabani,35
Mayurbhanj,Saraskona,Murunia,Murunia,32
Mayurbhanj,Saraskona,Pokharia,Bankisole,186
Mayurbhanj,Saraskona,Pokharia,Jarkani,32
Mayurbhanj,Saraskona,Pokharia,Kasiabeda,82
Mayurbhanj,Saraskona,Pokharia,Palasabani,40
Mayurbhanj,Saraskona,Pokharia,Pokharia,225
Mayurbhanj,Saraskona,Pokharia,Saragchhida,2
Mayurbhanj,Saraskona,Pokharia,Saragchida,57
Mayurbhanj,Saraskona,Pokharia,Silfodi,41
Mayurbhanj,Saraskona,Sankhabhanga,Bachhuribondha,1
Mayurbhanj,Saraskona,Sankhabhanga,Bachuribondha,43
Mayurbhanj,Saraskona,Shirsha,Nuagoan,2
Mayurbhanj,Saraskona,Umadeipur,Ghantiabuda,14
Mayurbhanj,Shamakhunta,Balidiha,Jangal Block,4
Mayurbhanj,Shamakhunta,Balidiha,Purunapani,5
Mayurbhanj,Shamakhunta,Baunsabila,Baunsabila,39
Mayurbhanj,Shamakhunta,Baunsabila,Baunsabilla,1
Mayurbhanj,Shamakhunta,Bhaluki,Fuljhara (s) Fatudihi,6
Mayurbhanj,Shamakhunta,Bhaluki,Jualirama,8
Mayurbhanj,Shamakhunta,Bhaluki,Matiali,8
Mayurbhanj,Shamakhunta,Kachilaghati,Gobinda chandrapur,32
Mayurbhanj,Shamakhunta,Kachilaghati,Godipokhari,35
Mayurbhanj,Shamakhunta,Kalapathar,Alubani,20
Mayurbhanj,Shamakhunta,Kalapathar,Mudrajodi,20
Mayurbhanj,Shamakhunta,Kalapathara,Alubani,48
Mayurbhanj,Shamakhunta,Kalapathara,Bhalubasa,62
Mayurbhanj,Shamakhunta,Kalapathara,Chadakata,58
Mayurbhanj,Shamakhunta,Kalapathara,Chanabadia,16
Mayurbhanj,Shamakhunta,Kalapathara,Chhadakata,3
Mayurbhanj,Shamakhunta,Kalapathara,Fbani Ho,1
Mayurbhanj,Shamakhunta,Kalapathara,Hinjalagodia,119
Mayurbhanj,Shamakhunta,Kalapathara,Jhiliribani,88
Mayurbhanj,Shamakhunta,Kendua,Kendujhari,57
Mayurbhanj,Shamakhunta,Kendua,Saratchandra pur,47
Mayurbhanj,Shamakhunta,Khandia,Goudaduma,6
Mayurbhanj,Shamakhunta,Khandia,Goudruhma,27
Mayurbhanj,Shamakhunta,Khandia,Inkidapal,4
Mayurbhanj,Shamakhunta,Khandia,Sankochiamara,20
Mayurbhanj,Shamakhunta,Khandia,Shankhadar,10
Mayurbhanj,Shamakhunta,Kochilaghati,Jangal Block,61
Mayurbhanj,Shamakhunta,Kochilaghati,Kochilaghati,42
Mayurbhanj,Shamakhunta,Kochilaghati,Krushna chandrapur,2
Mayurbhanj,Shamakhunta,Kochilaghaty,Tarajodi,11
Mayurbhanj,Shamakhunta,Kuchilaghati,Pithabata,19
Mayurbhanj,Shamakhunta,Mahulia,Itamundia,32
Mayurbhanj,Shamakhunta,Mahulia,Jatipur,6
Mayurbhanj,Shamakhunta,Mohulia,Mohulia,48
Mayurbhanj,Shamakhunta,Sindurgoura,Ambadubi,10
Mayurbhanj,Shamkhunta,Bhaluki,Ashanbani,27
Mayurbhanj,Shamkhunta,Khandia,Khandia,16
Mayurbhanj,SuKruli,Badagaon,Tulasibani,2
Mayurbhanj,SuKruli,Teronti,Gambharipal,9
Mayurbhanj,SuKruli,Teronti,Kujiaam,12
Mayurbhanj,SuKruli,Teronti,Tingiria,3
Mayurbhanj,Sukruli,Arjunbila,Adipur,38
Mayurbhanj,Sukruli,Arjunbila,Arjunbila,13
Mayurbhanj,Sukruli,Arjunbila,Baradapal,10
Mayurbhanj,Sukruli,Arjunbila,Ekaghari,2
Mayurbhanj,Sukruli,Arjunbila,Kashipal,10
Mayurbhanj,Sukruli,Arjunbila,Kumbhirda,1
Mayurbhanj,Sukruli,Arjunbila,Sialgothani,6
Mayurbhanj,Sukruli,Arjunbila,Uperdiha,1
Mayurbhanj,Sukruli,Arjunbilla,Upperdiha,1
Mayurbhanj,Sukruli,Bhramaraposi,Teranti,12
Mayurbhanj,Sukruli,Chaturanjali,Badpani,10
Mayurbhanj,Sukruli,Chaturanjali,Champarei,2
Mayurbhanj,Sukruli,Chaturanjali,Champerai,26
Mayurbhanj,Sukruli,Chaturanjali,Champrei,1
Mayurbhanj,Sukruli,Chaturanjali,Chaturanjali,15
Mayurbhanj,Sukruli,Chaturanjali,Gayalchatua,11
Mayurbhanj,Sukruli,Chaturanjali,Jethma,63
Mayurbhanj,Sukruli,Chaturanjali,Majurasahi,6
Mayurbhanj,Sukruli,Chaturanjali,Sarubil,86
Mayurbhanj,Sukruli,Chaturanjali,Sarubil( Hatibandha),12
Mayurbhanj,Sukruli,Chaturanjli,Champarai,2
Mayurbhanj,Sukruli,Galusahi,Budamara,22
Mayurbhanj,Sukruli,Galusahi,Budhamara,2
Mayurbhanj,Sukruli,Galusahi,Chandiahil,11
Mayurbhanj,Sukruli,Galusahi,Chandiahill,1
Mayurbhanj,Sukruli,Galusahi,Galusahi,114
Mayurbhanj,Sukruli,Galusahi,Khamrasahi,1
Mayurbhanj,Sukruli,Galusahi,Tutisahi,3
Mayurbhanj,Sukruli,Haladia,Badbil,33
Mayurbhanj,Sukruli,Haladia,Baria,14
Mayurbhanj,Sukruli,Haladia,Haladia,27
Mayurbhanj,Sukruli,Haladia,Kasia,35
Mayurbhanj,Sukruli,Haladia,Nuangon,1
Mayurbhanj,Sukruli,Jamunti,Ghagarda,14
Mayurbhanj,Sukruli,Jamunti,Gharmabeda,2
Mayurbhanj,Sukruli,Jamunti,Kusanpur,2
Mayurbhanj,Sukruli,Jamunti,Raidiha,14
Mayurbhanj,Sukruli,Jamuti,Ghagarda,14
Mayurbhanj,Sukruli,Jamuti,Gharamabeda,66
Mayurbhanj,Sukruli,Jamuti,Jamuti,64
Mayurbhanj,Sukruli,Jamuti,Kasiabeda,26
Mayurbhanj,Sukruli,Jamuti,Kusunpur,35
Mayurbhanj,Sukruli,Jamuti,Mahuliashol,1
Mayurbhanj,Sukruli,Jamuti,Panideuli,29
Mayurbhanj,Sukruli,Jamuti,Uperdiha,33
Mayurbhanj,Sukruli,Jhadghasda,Bangiriposi,8
Mayurbhanj,Sukruli,Jhadghasda,Jhadghasda,22
Mayurbhanj,Sukruli,Jhadghasda,Saradha,50
Mayurbhanj,Sukruli,Jhadghasda,Tangia,18
Mayurbhanj,Sukruli,Jhadghosada,Rautalipat,8
Mayurbhanj,Sukruli,Jhadghosada,Tutisahi,18
Mayurbhanj,Sukruli,Jhadghosda,Bangriposi,2
Mayurbhanj,Sukruli,Jhadghosda,Saradha,34
Mayurbhanj,Sukruli,Jhadgosada,Kudarsahi,22
Mayurbhanj,Sukruli,Khiching,Ghodeikudar,9
Mayurbhanj,Sukruli,Khiching,Jamdapal,19
Mayurbhanj,Sukruli,Khiching,Khiching,29
Mayurbhanj,Sukruli,Khiching,Parbatipur,27
Mayurbhanj,Sukruli,Nuabeda,Manoharpur,1
Mayurbhanj,Sukruli,Singida,Singida,4
Mayurbhanj,Sukruli,Sukruli,Mahuliasuli,14
Mayurbhanj,Sukruli,Sukruli,Pandarsil,10
Mayurbhanj,Sukruli,Sukruli,Pandrasil,10
Mayurbhanj,Sukruli,Teranli,Bhaliadiha,1
Mayurbhanj,Sukruli,Teranti,Askipal,6
Mayurbhanj,Sukruli,Teranti,Bhaliadiha,1
Mayurbhanj,Sukruli,Teranti,Godhimara,18
Mayurbhanj,Sukruli,Teranti,Govindasahi,8
Mayurbhanj,Sukruli,Teranti,Kujiam,17
Mayurbhanj,Sukruli,Teranti,Manoharapur,20
Mayurbhanj,Sukruli,Teranti,Manoharpur,8
Mayurbhanj,Sukruli,Teranti,Patua,8
Mayurbhanj,Sukruli,Teranti,Tingiria,10
Mayurbhanj,Sukruli,Teranty,Askipal,2
Mayurbhanj,Sukruli,Teranty,Badteranty,2
Mayurbhanj,Sukruli,Teranty,Teranty,2
Mayurbhanj,Sukuruli,Haladia,Deuli,30
Mayurbhanj,Sukuruli,Haladia,Pokharia,40
Mayurbhanj,Suliapada,Analkuda,Purunapani,4
Mayurbhanj,Suliapada,Anlakuda,Jhaliamara,18
Mayurbhanj,Suliapada,Anlakuda,Purunapani,19
Mayurbhanj,Suliapada,Badabhalia,Hatimada,49
Mayurbhanj,Suliapada,Badbhalia,Sanbhalia,5
Mayurbhanj,Suliapada,Baghada,Chauladahani,15
Mayurbhanj,Suliapada,Baghada,Dhabanisole,6
Mayurbhanj,Suliapada,Baghada,Gangasole,43
Mayurbhanj,Suliapada,Baghada,Kaptisole,23
Mayurbhanj,Suliapada,Baghada,Salabani,19
Mayurbhanj,Suliapada,Chuhat,Badnachana,7
Mayurbhanj,Suliapada,Chuhat,Bhola,2
Mayurbhanj,Suliapada,Chuhat,Chuhat,22
Mayurbhanj,Suliapada,Chuhat,Dhakhaman,19
Mayurbhanj,Suliapada,Chuhat,Handibhanga,40
Mayurbhanj,Suliapada,Chuhat,Jalaghati,154
Mayurbhanj,Suliapada,Chuhat,Jamsole,8
Mayurbhanj,Suliapada,Deuli,Badsole,1
Mayurbhanj,Suliapada,Deuli,Bijaykrushnach.pur,6
Mayurbhanj,Suliapada,Deuli,Kadapatia,11
Mayurbhanj,Suliapada,Fania,Banagaon,12
Mayurbhanj,Suliapada,Fania,Fania,32
Mayurbhanj,Suliapada,Fania,Gendakhale,9
Mayurbhanj,Suliapada,Fania,Gouduniadova,26
Mayurbhanj,Suliapada,Fania,Jambhilapal,3
Mayurbhanj,Suliapada,Fania,Majhianitofa,8
Mayurbhanj,Suliapada,Fania,Manda,6
Mayurbhanj,Suliapada,Fania,Tentaposi,14
Mayurbhanj,Suliapada,Kanimahuli,Juluk,4
Mayurbhanj,Suliapada,Kanimohuli,Badaputuka,23
Mayurbhanj,Suliapada,Kanimohuli,Sanaputuka,19
Mayurbhanj,Suliapada,Kantisahi,Bhaliasol,1
Mayurbhanj,Suliapada,Kantisahi,Bhaliasole,16
Mayurbhanj,Suliapada,Kantisahi,Dhansole,26
Mayurbhanj,Suliapada,Kantisahi,Lodhakundia,11
Mayurbhanj,Suliapada,Kantisahi,Murgapahadi,30
Mayurbhanj,Suliapada,Kantisahi,Patharnesa,142
Mayurbhanj,Suliapada,Kantisahi,Pokharia,15
Mayurbhanj,Suliapada,Kantisahi,Tadki,9
Mayurbhanj,Suliapada,Kohi,Pratapch.pur,1
Mayurbhanj,Suliapada,Kujidihi,Bada,18
Mayurbhanj,Suliapada,Kujidihi,Badda,1
Mayurbhanj,Suliapada,Kujidihi,Badsukhilakhal,11
Mayurbhanj,Suliapada,Mahabila,Mahabila,1
Mayurbhanj,Suliapada,Mahabila,Masinakati,6
Mayurbhanj,Suliapada,Mahabila,Pala,33
Mayurbhanj,Suliapada,Mahabila,Tilaujodia,4
Mayurbhanj,Suliapada,Mohabila,Mohabila,3
Mayurbhanj,Suliapada,Mohabila,Pal,18
Mayurbhanj,Suliapada,Mohabila,Pandusole,18
Mayurbhanj,Suliapada,Mohabila,Tilajodia,4
Mayurbhanj,Suliapada,Mohabilla,Pal,1
Mayurbhanj,Suliapada,Mohabilla,Tilajodia,1
Mayurbhanj,Suliapada,Nuagan,Mashinakati,9
Mayurbhanj,Suliapada,Nuagan,Padugirisole,47
Mayurbhanj,Suliapada,Nuagaon,Tolakchuan,24
Mayurbhanj,Suliapada,Salabani,Salabani,1
Mayurbhanj,Suliapada,Suliapada,Dhakhaman,12
Mayurbhanj,Suliapada,Suliapada,Patarnesa,12
Mayurbhanj,Suliapada,Ufalgadia,BadBanagan,20
Mayurbhanj,Suliapada,Ufalgadia,Chandabila,11
Mayurbhanj,Suliapada,Ufalgadia,Dhobanisole,7
Mayurbhanj,Suliapada,Ufalgadia,Kadakotha,14
Mayurbhanj,Suliapada,Ufalgadia,Kalajhari,8
Mayurbhanj,Suliapada,Ufalgadia,Kankini,15
Mayurbhanj,Suliapada,Ufalgadia,Sansole,43
Mayurbhanj,Suliapada,Ufalgadia,Telia,32
Mayurbhanj,Suliapada,Ufalgadia,Tilakpal,10
Mayurbhanj,Suliapada,Ufalgadia,Ufalgadia,6
Mayurbhanj,Suliapada,Ufalgodia,Dhobanisole,7
Mayurbhanj,Suliapada,Ufalgodia,Kalajhari,2
Mayurbhanj,Suliapada,Ufalgodia,Sankhuntapal,2
Mayurbhanj,Suliapada,Ufalgodia,Shanshasole,13
Mayurbhanj,Suliapada,Ufalgodia,Telia,14
Mayurbhanj,Suliapada,Ufalgodia,Tilakpal,10
Mayurbhanj,Suliapada,Uphalgadia,Bhandarisole,21
Mayurbhanj,Suliapada,Uphalgadia,Murgapahadi,3
Mayurbhanj,Suliapada,Uphalgadia,Palashdiha Samil Gandiadiha,3
Mayurbhanj,Suliapada,Uphalgadia,Telia,1
Mayurbhanj,Suliapada,Uphalgadia,Uphalgadia,1
Mayurbhanj,Suliapada,ufalgadia,Chandabila,1
Mayurbhanj,Suliapada,ufalgadia,Dhabanisole,7
Mayurbhanj,Thakurmunda,Bhaliadal,Asurkhal,83
Mayurbhanj,Thakurmunda,Bhaliadal,Baula,50
Mayurbhanj,Thakurmunda,Bhaliadal,Jambani,2
Mayurbhanj,Thakurmunda,Bhaliadal,Jamubani,101
Mayurbhanj,Thakurmunda,Champajhar,Bhejidiha,56
Mayurbhanj,Thakurmunda,Champajhar,Dangadiha,9
Mayurbhanj,Thakurmunda,Champajhar,Diliganj,30
Mayurbhanj,Thakurmunda,Champajhar,Dilliganj,1
Mayurbhanj,Thakurmunda,Champajhar,Jamukhanjari,2
Mayurbhanj,Thakurmunda,Champajhar,Kirkichipal,11
Mayurbhanj,Thakurmunda,Champajhar,Kokanda,24
Mayurbhanj,Thakurmunda,Champajhar,Mankadbeda,23
Mayurbhanj,Thakurmunda,Champajhar,Patrapada,23
Mayurbhanj,Thakurmunda,Champajhar,Sanbaliposi,11
Mayurbhanj,Thakurmunda,Digdhar,Khuntaposi,20
Mayurbhanj,Thakurmunda,Digdhar,Taramara,25
Mayurbhanj,Thakurmunda,Hatigada,Khaparkhai,2
Mayurbhanj,Thakurmunda,Hatigada,Sanmahuldiha,32
Mayurbhanj,Thakurmunda,Hatigoda,Ghodabindha,85
Mayurbhanj,Thakurmunda,Jarak,Dakeipal,21
Mayurbhanj,Thakurmunda,Jarak,Jarak,24
Mayurbhanj,Thakurmunda,Jarak,Kucheidihi,9
Mayurbhanj,Thakurmunda,Jarak,Panaposi,33
Mayurbhanj,Thakurmunda,Kendujiani,Dumuradiha,8
Mayurbhanj,Thakurmunda,Kendujiani,Padhiarsahi,22
Mayurbhanj,Thakurmunda,Kendujiani,Sarubali,4
Mayurbhanj,Thakurmunda,Kendujuani,Cheratangar,9
Mayurbhanj,Thakurmunda,Kendujuani,Dumurdiha,10
Mayurbhanj,Thakurmunda,Kendujuani,Kendujuani,19
Mayurbhanj,Thakurmunda,Kendujuani,Khuntakata,40
Mayurbhanj,Thakurmunda,Kendujuani,Sarubil,10
Mayurbhanj,Thakurmunda,Kesadiha,Kesadiha,17
Mayurbhanj,Thakurmunda,Kesdiha,Badaliposi,37
Mayurbhanj,Thakurmunda,Kesdiha,Badbaliposi,2
Mayurbhanj,Thakurmunda,Kesdiha,Purunapani,8
Mayurbhanj,Thakurmunda,Keshadiha,Badbaliposi,18
Mayurbhanj,Thakurmunda,Keshadiha,Balbaliposi,4
Mayurbhanj,Thakurmunda,Keshadiha,Keshadiha,17
Mayurbhanj,Thakurmunda,Khandabandh,Baliposi,7
Mayurbhanj,Thakurmunda,Padiabeda,Ambabeda,22
Mayurbhanj,Thakurmunda,Padiabeda,Boring,36
Mayurbhanj,Thakurmunda,Padiabeda,Kalasira,9
Mayurbhanj,Thakurmunda,Padiabeda,Padiabeda,31
Mayurbhanj,Thakurmunda,Padiabeda,Sanarugudibeda,8
Mayurbhanj,Thakurmunda,Salachua,Duarsuni,36
Mayurbhanj,Thakurmunda,Salchua,Baghamara (Baunsapani),10
Mayurbhanj,Thakurmunda,Salchua,Balidhia,9
Mayurbhanj,Thakurmunda,Salchua,Baunsapani,30
Mayurbhanj,Thakurmunda,Salchua,Kundei,50
Mayurbhanj,Thakurmunda,Salchua,Salchua,67
Mayurbhanj,Thakurmunda,Saleibeda,Badmahuldiha,28
Mayurbhanj,Thakurmunda,Saleibeda,Kasibeda,22
Mayurbhanj,Thakurmunda,Saleibeda,Rugudisahi,10
Mayurbhanj,Thakurmunda,Satkosia,Duarsuni,78
Mayurbhanj,Thakurmunda,Satkosia,Satkosia,103
Mayurbhanj,Thakurmunda,Talapada,Khadipal,10
Mayurbhanj,Thakurmunda,Thakurmu nda,Rugudi beda,2
Mayurbhanj,Thakurmunda,Thakurmunda,(Khejuria),1
Mayurbhanj,Thakurmunda,Thakurmunda,Chamakpur,30
Mayurbhanj,Thakurmunda,Thakurmunda,Khamdiha,68
Mayurbhanj,Thakurmunda,Thakurmunda,Khejuria,5
Mayurbhanj,Thakurmunda,Thakurmunda,Panasdiha,31
Mayurbhanj,Thakurmunda,Thakurmunda,Rugudibeda,51
Mayurbhanj,Thakurmunda,Thakurmunda,Sudarsanpur,1
Mayurbhanj,Thakurmunda,Thakurmunda,Thakurmunda,3
Mayurbhanj,Tiring,Bad Dalima,Bad Dalima,3
Mayurbhanj,Tiring,Bad Dalima,Mankididihi,9
Mayurbhanj,Tiring,Badadalima,Damadihi,1
Mayurbhanj,Tiring,Badalima,Balia Sahi,23
Mayurbhanj,Tiring,Badalima,Baliasahi,10
Mayurbhanj,Tiring,Badalima,Dalajodi,6
Mayurbhanj,Tiring,Badalima,Dama Dihi,10
Mayurbhanj,Tiring,Baddalima,Balia Sahi,1
Mayurbhanj,Tiring,Baddalima,Dama Dihi,2
Mayurbhanj,Tiring,Badnarani,Badnarani,2
Mayurbhanj,Tiring,Badnarani,Chandri,6
Mayurbhanj,Tiring,Badnarani,Deogan,4
Mayurbhanj,Tiring,Badnarani,Deugan,4
Mayurbhanj,Tiring,Badnarani,Maghua,1
Mayurbhanj,Tiring,Badnarani,Matkamdihi,4
Mayurbhanj,Tiring,Badnarani,Sindirighutu,3
Mayurbhanj,Tiring,Badnarani,Tudukam,1
Mayurbhanj,Tiring,Badnarini,Badnarini,2
Mayurbhanj,Tiring,Gitilata,Baladpada,29
Mayurbhanj,Tiring,Gitilata,Gitilata,15
Mayurbhanj,Tiring,Gitilata,Jadunathpur,8
Mayurbhanj,Tiring,Gitilata,Sankumrum,14
Mayurbhanj,Tiring,Kulughutu,Barudihi,35
Mayurbhanj,Tiring,Kulughutu,Kulughutu,5
Mayurbhanj,Tiring,Lupung,Bholagadia,11
Mayurbhanj,Tiring,Lupung,Dubulabeda,4
Mayurbhanj,Tiring,Lupung,Hensadihi,14
Mayurbhanj,Tiring,Lupung,Henseldihi,7
Mayurbhanj,Tiring,Lupung,Lupung,3
Mayurbhanj,Tiring,Lupung,Pandhada,2
Mayurbhanj,Tiring,Lupung,Raibadi,6
Mayurbhanj,Tiring,Naranpur,Raghunathpur,1
Mayurbhanj,Tiring,Narayanpur,Raghunathpur,10
Mayurbhanj,Tiring,Narayanpur,Satpuri,10
Mayurbhanj,Tiring,Pandupani,Badgobra,9
Mayurbhanj,Tiring,Pandupani,Jota,29
Mayurbhanj,Tiring,Rengalbeda,Bhagabandi,10
Mayurbhanj,Tiring,Rengalbeda,Sandalima,4
Mayurbhanj,Tiring,Sanbhundu,Badbhundu,4
Mayurbhanj,Tiring,Sanbhundu,Bankati,2
Mayurbhanj,Tiring,Sanbhundu,Changua,3
Mayurbhanj,Tiring,Sanbhundu,Talsa,16
Mayurbhanj,Tiring,Tiring,Badasiajang,7
Mayurbhanj,Udala,Badakhaman,Anantapur,20
Mayurbhanj,Udala,Badakhaman,Kutling,54
Mayurbhanj,Udala,Badakhaman,Manikpur,83
Mayurbhanj,Udala,Badasingaria,Adapal,10
Mayurbhanj,Udala,Badasingaria,Kuanrpal,26
Mayurbhanj,Udala,Badasingaria,Kunarpal,50
Mayurbhanj,Udala,Badasingaria,Pagadadar,42
Mayurbhanj,Udala,Badasingharia,Ambadiha,82
Mayurbhanj,Udala,Badkhaman,Anantapur,28
Mayurbhanj,Udala,Badkhaman,Badkhaman,30
Mayurbhanj,Udala,Badkhaman,Kutling,42
Mayurbhanj,Udala,Badkhaman,Kutling (Phuljhari),20
Mayurbhanj,Udala,Badkhaman,Manikpur,31
Mayurbhanj,Udala,Badsingaria,Angarpada,86
Mayurbhanj,Udala,Badsingaria,Badsingaria,132
Mayurbhanj,Udala,Badsingaria,Dugudha,64
Mayurbhanj,Udala,Badsingaria,Kuanrpal,161
Mayurbhanj,Udala,Badsingaria,Kuanrpal (Nuasahi),24
Mayurbhanj,Udala,Badsingaria,Kunarpal (Nuasahi),17
Mayurbhanj,Udala,Badsingaria,Sanpokhari,24
Mayurbhanj,Udala,Badsingaria,Sansingaria,6
Mayurbhanj,Udala,Bahbandh,Kanakapada,17
Mayurbhanj,Udala,Bahubandh,Bahubandh,110
Mayurbhanj,Udala,Bahubandh,Nabara,28
Mayurbhanj,Udala,Bahubandh,Salamundali,44
Mayurbhanj,Udala,Bahubandh,Urmal,74
Mayurbhanj,Udala,Khaladi,Beguniadiha,23
Mayurbhanj,Udala,Khaladi,Chuliaposi,48
Mayurbhanj,Udala,Khaladi,Dutikadeipur,36
Mayurbhanj,Udala,Khaladi,Jualia,49
Mayurbhanj,Udala,Khaladi,Kainsari,28
Mayurbhanj,Udala,Khaladi,Naraharipur,30
Mayurbhanj,Udala,Khaladi,Patpur,6
Mayurbhanj,Udala,Khaladi,Raidandia,48
Mayurbhanj,Udala,Khaladi,Rangamatia,57
Mayurbhanj,Udala,Kochiladiha,Bairatpur,72
Mayurbhanj,Udala,Kochiladiha,Kochiladiha,146
Mayurbhanj,Udala,Kochiladiha,Manidi,68
Mayurbhanj,Udala,Kundabai,Balabhadrapur,48
Mayurbhanj,Udala,Kundabai,Kundabai,59
Mayurbhanj,Udala,Kutling,Udala,26
Mayurbhanj,Udala,Nuagan,(Phulbadia),6
Mayurbhanj,Udala,Nuagan,Jamudiha,246
Mayurbhanj,Udala,Nuagan,Nuagan,10
Mayurbhanj,Udala,Patsanipur,Ambikadeipur,82
Mayurbhanj,Udala,Patsanipur,Ambikadeipur (Baniadhar),11
Mayurbhanj,Udala,Patsanipur,Ambikadeipur (Hatikut),83
Mayurbhanj,Udala,Patsanipur,Barahmpur,15
Mayurbhanj,Udala,Patsanipur,Chandrapur,105
Mayurbhanj,Udala,Patsanipur,Kasikundal,4
Mayurbhanj,Udala,Patsanipur,Khaladi,54
Mayurbhanj,Udala,Patsanipur,Tentala,74
Mayurbhanj,Udala,Radho,Mauda,13
Mayurbhanj,Udala,S.C. Pur,Adipur,22
Mayurbhanj,Udala,S.C. Pur,Balichatra,29
Mayurbhanj,Udala,S.C. Pur,Balichhatra,1
Mayurbhanj,Udala,S.C. Pur,Damasahi,10
Mayurbhanj,Udala,S.C. Pur,Matihudi,12
Mayurbhanj,Udala,S.C. Pur,Musakhai,32
Mayurbhanj,Udala,S.C. Pur,Rajabasa,34
Mayurbhanj,Udala,S.C. Pur,S.C. Pur,11
Mayurbhanj,Udala,S.C.Pur,Chadada,62
Mayurbhanj,Udala,S.C.Pur,Hatasahi,2
Mayurbhanj,Udala,SC Pur,Balichatra,30
Mayurbhanj,Udala,SC Pur,Balichhatra,2
Mayurbhanj,Udala,SC Pur,Uper Taldida,154
Mayurbhanj,Udala,SC Pur,Upper Taldida,8
Mayurbhanj,karanjia,Bado Deuli,Sorodha,1
Mayurbhanj,karanjia,Bala,Bala,9
Mayurbhanj,karanjia,Bala,Diajodi,2
Mayurbhanj,karanjia,Chitraposi,Murgapato,1
Mayurbhanj,karanjia,Dari,Madarangajodi,2
Mayurbhanj,karanjia,Kerokera,Kerokera,1
Mayurbhanj,karanjia,Rasamatala,Kadambeda,7
Mayurbhanj,karanjia,Rasamatala,Kuduma,17
Mayurbhanj,pur,Nalagaja,Bhakasole,1
Mayurbhanj,pur,Nalagaja,Sunakania,1
